========================================
DSRL Training (Ground Truth Rewards)
========================================
Job ID: 91452
Node: node206
Start time: Wed Feb  4 15:09:00 CET 2026
========================================
=== GPU Check (outside container) ===
Wed Feb  4 15:09:02 2026       
+-----------------------------------------------------------------------------------------+
| NVIDIA-SMI 560.35.03              Driver Version: 560.35.03      CUDA Version: 12.6     |
|-----------------------------------------+------------------------+----------------------+
| GPU  Name                 Persistence-M | Bus-Id          Disp.A | Volatile Uncorr. ECC |
| Fan  Temp   Perf          Pwr:Usage/Cap |           Memory-Usage | GPU-Util  Compute M. |
|                                         |                        |               MIG M. |
|=========================================+========================+======================|
|   0  NVIDIA TITAN RTX               Off |   00000000:03:00.0 Off |                  N/A |
| 32%   36C    P0             62W /  280W |       1MiB /  24576MiB |      0%      Default |
|                                         |                        |                  N/A |
+-----------------------------------------+------------------------+----------------------+
|   1  NVIDIA TITAN RTX               Off |   00000000:82:00.0 Off |                  N/A |
| 28%   33C    P0             74W /  280W |       1MiB /  24576MiB |      0%      Default |
|                                         |                        |                  N/A |
+-----------------------------------------+------------------------+----------------------+
                                                                                         
+-----------------------------------------------------------------------------------------+
| Processes:                                                                              |
|  GPU   GI   CI        PID   Type   Process name                              GPU Memory |
|        ID   ID                                                               Usage      |
|=========================================================================================|
|  No running processes found                                                             |
+-----------------------------------------------------------------------------------------+
CUDA_VISIBLE_DEVICES: 0
LD_LIBRARY_PATH: /cm/shared/apps/cuda12.6/toolkit/12.6/extras/CUPTI/lib64:/cm/local/apps/cuda-driver/libs/current/lib64:/cm/shared/apps/cuda12.6/toolkit/12.6/targets/x86_64-linux/lib:/opt/ohpc/pub/mpi/libfabric/1.19.0/lib:/opt/ohpc/pub/mpi/ucx-ohpc/1.15.0/lib:/opt/ohpc/pub/libs/hwloc/lib:/opt/ohpc/pub/mpi/openmpi4-gnu12/4.1.6/lib:/opt/ohpc/pub/compiler/gcc/12.4.0/lib64
=== GPU Check (inside container) ===
Wed Feb  4 15:09:04 2026       
+-----------------------------------------------------------------------------------------+
| NVIDIA-SMI 560.35.03              Driver Version: 560.35.03      CUDA Version: 12.6     |
|-----------------------------------------+------------------------+----------------------+
| GPU  Name                 Persistence-M | Bus-Id          Disp.A | Volatile Uncorr. ECC |
| Fan  Temp   Perf          Pwr:Usage/Cap |           Memory-Usage | GPU-Util  Compute M. |
|                                         |                        |               MIG M. |
|=========================================+========================+======================|
|   0  NVIDIA TITAN RTX               Off |   00000000:03:00.0 Off |                  N/A |
| 45%   36C    P0             60W /  280W |       1MiB /  24576MiB |      0%      Default |
|                                         |                        |                  N/A |
+-----------------------------------------+------------------------+----------------------+
|   1  NVIDIA TITAN RTX               Off |   00000000:82:00.0 Off |                  N/A |
| 46%   33C    P0             73W /  280W |       1MiB /  24576MiB |      0%      Default |
|                                         |                        |                  N/A |
+-----------------------------------------+------------------------+----------------------+
                                                                                         
+-----------------------------------------------------------------------------------------+
| Processes:                                                                              |
|  GPU   GI   CI        PID   Type   Process name                              GPU Memory |
|        ID   ID                                                               Usage      |
|=========================================================================================|
|  No running processes found                                                             |
+-----------------------------------------------------------------------------------------+
PyTorch CUDA available: True
GPU count: 1
GPU 0: NVIDIA TITAN RTX
Gym has been unmaintained since 2022 and does not support NumPy 2.0 amongst other critical functionality.
Please upgrade to Gymnasium, the maintained drop-in replacement of Gym, or contact the authors of your software and request that they upgrade.
See the migration guide at https://gymnasium.farama.org/introduction/migration_guide/ for additional information.
/opt/conda/envs/dsrl_env/lib/python3.9/site-packages/matplotlib/_fontconfig_pattern.py:88: PyparsingDeprecationWarning: 'parseString' deprecated - use 'parse_string'
  parse = parser.parseString(pattern)
/opt/conda/envs/dsrl_env/lib/python3.9/site-packages/matplotlib/_fontconfig_pattern.py:92: PyparsingDeprecationWarning: 'resetCache' deprecated - use 'reset_cache'
  parser.resetCache()
/opt/conda/envs/dsrl_env/lib/python3.9/site-packages/matplotlib/_mathtext.py:30: PyparsingDeprecationWarning: 'enablePackrat' deprecated - use 'enable_packrat'
  ParserElement.enablePackrat()
wandb: Currently logged in as: karageorgisplatonas (nlp-squad). Use `wandb login --relogin` to force relogin
/opt/conda/envs/dsrl_env/lib/python3.9/site-packages/wandb/analytics/sentry.py:262: DeprecationWarning: The `Scope.user` setter is deprecated in favor of `Scope.set_user()`.
  scope.user = {"email": email}  # noqa
/opt/conda/envs/dsrl_env/lib/python3.9/site-packages/wandb/analytics/sentry.py:262: DeprecationWarning: The `Scope.user` setter is deprecated in favor of `Scope.set_user()`.
  scope.user = {"email": email}  # noqa
wandb: wandb version 0.24.1 is available!  To upgrade, please run:
wandb:  $ pip install wandb --upgrade
wandb: Tracking run with wandb version 0.17.7
wandb: Run data is saved locally in /home/pkarageo/master-thesis/dsrl/wandb/run-20260204_150921-andjt6mq
wandb: Run `wandb offline` to turn off syncing.
wandb: Syncing run robomimic_lift_dsrl_2026-02-04_15-09-19_1
wandb: ⭐️ View project at https://wandb.ai/nlp-squad/dsrl_groundtruth
wandb: 🚀 View run at https://wandb.ai/nlp-squad/dsrl_groundtruth/runs/andjt6mq
[2026-02-04 15:09:28,457][root][INFO] - Number of network parameters: 573516
[2026-02-04 15:09:28,790][root][INFO] - Actor weights not found. Using pre-trained weights!
[2026-02-04 15:09:28,790][root][INFO] - Loaded base policy weights from ./dppo/log/robomimic-pretrain/lift/lift_pre_diffusion_mlp_ta4_td20/2024-06-28_14-47-58/checkpoint/state_5000.pt
Gym has been unmaintained since 2022 and does not support NumPy 2.0 amongst other critical functionality.
Please upgrade to Gymnasium, the maintained drop-in replacement of Gym, or contact the authors of your software and request that they upgrade.
See the migration guide at https://gymnasium.farama.org/introduction/migration_guide/ for additional information.
Gym has been unmaintained since 2022 and does not support NumPy 2.0 amongst other critical functionality.
Please upgrade to Gymnasium, the maintained drop-in replacement of Gym, or contact the authors of your software and request that they upgrade.
See the migration guide at https://gymnasium.farama.org/introduction/migration_guide/ for additional information.
Gym has been unmaintained since 2022 and does not support NumPy 2.0 amongst other critical functionality.
Please upgrade to Gymnasium, the maintained drop-in replacement of Gym, or contact the authors of your software and request that they upgrade.
See the migration guide at https://gymnasium.farama.org/introduction/migration_guide/ for additional information.Gym has been unmaintained since 2022 and does not support NumPy 2.0 amongst other critical functionality.
Please upgrade to Gymnasium, the maintained drop-in replacement of Gym, or contact the authors of your software and request that they upgrade.
See the migration guide at https://gymnasium.farama.org/introduction/migration_guide/ for additional information.

/opt/conda/envs/dsrl_env/lib/python3.9/site-packages/matplotlib/_fontconfig_pattern.py:88: PyparsingDeprecationWarning: 'parseString' deprecated - use 'parse_string'
  parse = parser.parseString(pattern)
/opt/conda/envs/dsrl_env/lib/python3.9/site-packages/matplotlib/_fontconfig_pattern.py:88: PyparsingDeprecationWarning: 'parseString' deprecated - use 'parse_string'
  parse = parser.parseString(pattern)
/opt/conda/envs/dsrl_env/lib/python3.9/site-packages/matplotlib/_fontconfig_pattern.py:92: PyparsingDeprecationWarning: 'resetCache' deprecated - use 'reset_cache'
  parser.resetCache()
/opt/conda/envs/dsrl_env/lib/python3.9/site-packages/matplotlib/_fontconfig_pattern.py:92: PyparsingDeprecationWarning: 'resetCache' deprecated - use 'reset_cache'
  parser.resetCache()
/opt/conda/envs/dsrl_env/lib/python3.9/site-packages/matplotlib/_fontconfig_pattern.py:88: PyparsingDeprecationWarning: 'parseString' deprecated - use 'parse_string'
  parse = parser.parseString(pattern)
/opt/conda/envs/dsrl_env/lib/python3.9/site-packages/matplotlib/_fontconfig_pattern.py:88: PyparsingDeprecationWarning: 'parseString' deprecated - use 'parse_string'
  parse = parser.parseString(pattern)
/opt/conda/envs/dsrl_env/lib/python3.9/site-packages/matplotlib/_fontconfig_pattern.py:92: PyparsingDeprecationWarning: 'resetCache' deprecated - use 'reset_cache'
  parser.resetCache()
/opt/conda/envs/dsrl_env/lib/python3.9/site-packages/matplotlib/_fontconfig_pattern.py:92: PyparsingDeprecationWarning: 'resetCache' deprecated - use 'reset_cache'
  parser.resetCache()
/opt/conda/envs/dsrl_env/lib/python3.9/site-packages/matplotlib/_mathtext.py:30: PyparsingDeprecationWarning: 'enablePackrat' deprecated - use 'enable_packrat'
  ParserElement.enablePackrat()
/opt/conda/envs/dsrl_env/lib/python3.9/site-packages/matplotlib/_mathtext.py:30: PyparsingDeprecationWarning: 'enablePackrat' deprecated - use 'enable_packrat'
  ParserElement.enablePackrat()
/opt/conda/envs/dsrl_env/lib/python3.9/site-packages/matplotlib/_mathtext.py:30: PyparsingDeprecationWarning: 'enablePackrat' deprecated - use 'enable_packrat'
  ParserElement.enablePackrat()
/opt/conda/envs/dsrl_env/lib/python3.9/site-packages/matplotlib/_mathtext.py:30: PyparsingDeprecationWarning: 'enablePackrat' deprecated - use 'enable_packrat'
  ParserElement.enablePackrat()
/opt/conda/envs/dsrl_env/lib/python3.9/site-packages/Cython/Distutils/old_build_ext.py:15: DeprecationWarning: dep_util is Deprecated. Use functions from setuptools instead.
  from distutils.dep_util import newer, newer_group
/opt/conda/envs/dsrl_env/lib/python3.9/site-packages/Cython/Distutils/old_build_ext.py:15: DeprecationWarning: dep_util is Deprecated. Use functions from setuptools instead.
  from distutils.dep_util import newer, newer_group
/opt/conda/envs/dsrl_env/lib/python3.9/site-packages/Cython/Distutils/old_build_ext.py:15: DeprecationWarning: dep_util is Deprecated. Use functions from setuptools instead.
  from distutils.dep_util import newer, newer_group
/opt/conda/envs/dsrl_env/lib/python3.9/site-packages/Cython/Distutils/old_build_ext.py:15: DeprecationWarning: dep_util is Deprecated. Use functions from setuptools instead.
  from distutils.dep_util import newer, newer_group
/opt/conda/envs/dsrl_env/lib/python3.9/site-packages/pkg_resources/__init__.py:3148: DeprecationWarning: Deprecated call to `pkg_resources.declare_namespace('mpl_toolkits')`.
Implementing implicit namespace packages (as specified in PEP 420) is preferred to `pkg_resources.declare_namespace`. See https://setuptools.pypa.io/en/latest/references/keywords.html#keyword-namespace-packages
  declare_namespace(pkg)
/opt/conda/envs/dsrl_env/lib/python3.9/site-packages/pkg_resources/__init__.py:3148: DeprecationWarning: Deprecated call to `pkg_resources.declare_namespace('mpl_toolkits')`.
Implementing implicit namespace packages (as specified in PEP 420) is preferred to `pkg_resources.declare_namespace`. See https://setuptools.pypa.io/en/latest/references/keywords.html#keyword-namespace-packages
  declare_namespace(pkg)
/opt/conda/envs/dsrl_env/lib/python3.9/site-packages/pkg_resources/__init__.py:3148: DeprecationWarning: Deprecated call to `pkg_resources.declare_namespace('mpl_toolkits')`.
Implementing implicit namespace packages (as specified in PEP 420) is preferred to `pkg_resources.declare_namespace`. See https://setuptools.pypa.io/en/latest/references/keywords.html#keyword-namespace-packages
  declare_namespace(pkg)
/opt/conda/envs/dsrl_env/lib/python3.9/site-packages/pkg_resources/__init__.py:3148: DeprecationWarning: Deprecated call to `pkg_resources.declare_namespace('mpl_toolkits')`.
Implementing implicit namespace packages (as specified in PEP 420) is preferred to `pkg_resources.declare_namespace`. See https://setuptools.pypa.io/en/latest/references/keywords.html#keyword-namespace-packages
  declare_namespace(pkg)
Using cuda device
Gym has been unmaintained since 2022 and does not support NumPy 2.0 amongst other critical functionality.
Please upgrade to Gymnasium, the maintained drop-in replacement of Gym, or contact the authors of your software and request that they upgrade.
See the migration guide at https://gymnasium.farama.org/introduction/migration_guide/ for additional information.
Gym has been unmaintained since 2022 and does not support NumPy 2.0 amongst other critical functionality.
Please upgrade to Gymnasium, the maintained drop-in replacement of Gym, or contact the authors of your software and request that they upgrade.
See the migration guide at https://gymnasium.farama.org/introduction/migration_guide/ for additional information.
Gym has been unmaintained since 2022 and does not support NumPy 2.0 amongst other critical functionality.
Please upgrade to Gymnasium, the maintained drop-in replacement of Gym, or contact the authors of your software and request that they upgrade.
See the migration guide at https://gymnasium.farama.org/introduction/migration_guide/ for additional information.
Gym has been unmaintained since 2022 and does not support NumPy 2.0 amongst other critical functionality.
Please upgrade to Gymnasium, the maintained drop-in replacement of Gym, or contact the authors of your software and request that they upgrade.
See the migration guide at https://gymnasium.farama.org/introduction/migration_guide/ for additional information.
Gym has been unmaintained since 2022 and does not support NumPy 2.0 amongst other critical functionality.
Please upgrade to Gymnasium, the maintained drop-in replacement of Gym, or contact the authors of your software and request that they upgrade.
See the migration guide at https://gymnasium.farama.org/introduction/migration_guide/ for additional information.
Gym has been unmaintained since 2022 and does not support NumPy 2.0 amongst other critical functionality.
Please upgrade to Gymnasium, the maintained drop-in replacement of Gym, or contact the authors of your software and request that they upgrade.
See the migration guide at https://gymnasium.farama.org/introduction/migration_guide/ for additional information.
Gym has been unmaintained since 2022 and does not support NumPy 2.0 amongst other critical functionality.
Please upgrade to Gymnasium, the maintained drop-in replacement of Gym, or contact the authors of your software and request that they upgrade.
See the migration guide at https://gymnasium.farama.org/introduction/migration_guide/ for additional information.
Gym has been unmaintained since 2022 and does not support NumPy 2.0 amongst other critical functionality.
Please upgrade to Gymnasium, the maintained drop-in replacement of Gym, or contact the authors of your software and request that they upgrade.
See the migration guide at https://gymnasium.farama.org/introduction/migration_guide/ for additional information.
Gym has been unmaintained since 2022 and does not support NumPy 2.0 amongst other critical functionality.
Please upgrade to Gymnasium, the maintained drop-in replacement of Gym, or contact the authors of your software and request that they upgrade.
See the migration guide at https://gymnasium.farama.org/introduction/migration_guide/ for additional information.
Gym has been unmaintained since 2022 and does not support NumPy 2.0 amongst other critical functionality.
Please upgrade to Gymnasium, the maintained drop-in replacement of Gym, or contact the authors of your software and request that they upgrade.
See the migration guide at https://gymnasium.farama.org/introduction/migration_guide/ for additional information.
Gym has been unmaintained since 2022 and does not support NumPy 2.0 amongst other critical functionality.
Please upgrade to Gymnasium, the maintained drop-in replacement of Gym, or contact the authors of your software and request that they upgrade.
See the migration guide at https://gymnasium.farama.org/introduction/migration_guide/ for additional information.
Gym has been unmaintained since 2022 and does not support NumPy 2.0 amongst other critical functionality.
Please upgrade to Gymnasium, the maintained drop-in replacement of Gym, or contact the authors of your software and request that they upgrade.
See the migration guide at https://gymnasium.farama.org/introduction/migration_guide/ for additional information.
Gym has been unmaintained since 2022 and does not support NumPy 2.0 amongst other critical functionality.
Please upgrade to Gymnasium, the maintained drop-in replacement of Gym, or contact the authors of your software and request that they upgrade.
See the migration guide at https://gymnasium.farama.org/introduction/migration_guide/ for additional information.
Gym has been unmaintained since 2022 and does not support NumPy 2.0 amongst other critical functionality.
Please upgrade to Gymnasium, the maintained drop-in replacement of Gym, or contact the authors of your software and request that they upgrade.
See the migration guide at https://gymnasium.farama.org/introduction/migration_guide/ for additional information.
Gym has been unmaintained since 2022 and does not support NumPy 2.0 amongst other critical functionality.
Please upgrade to Gymnasium, the maintained drop-in replacement of Gym, or contact the authors of your software and request that they upgrade.
See the migration guide at https://gymnasium.farama.org/introduction/migration_guide/ for additional information.
Gym has been unmaintained since 2022 and does not support NumPy 2.0 amongst other critical functionality.
Please upgrade to Gymnasium, the maintained drop-in replacement of Gym, or contact the authors of your software and request that they upgrade.
See the migration guide at https://gymnasium.farama.org/introduction/migration_guide/ for additional information.
Gym has been unmaintained since 2022 and does not support NumPy 2.0 amongst other critical functionality.
Please upgrade to Gymnasium, the maintained drop-in replacement of Gym, or contact the authors of your software and request that they upgrade.
See the migration guide at https://gymnasium.farama.org/introduction/migration_guide/ for additional information.
/opt/conda/envs/dsrl_env/lib/python3.9/site-packages/matplotlib/_fontconfig_pattern.py:88: PyparsingDeprecationWarning: 'parseString' deprecated - use 'parse_string'
  parse = parser.parseString(pattern)
/opt/conda/envs/dsrl_env/lib/python3.9/site-packages/matplotlib/_fontconfig_pattern.py:92: PyparsingDeprecationWarning: 'resetCache' deprecated - use 'reset_cache'
  parser.resetCache()
Gym has been unmaintained since 2022 and does not support NumPy 2.0 amongst other critical functionality.
Please upgrade to Gymnasium, the maintained drop-in replacement of Gym, or contact the authors of your software and request that they upgrade.
See the migration guide at https://gymnasium.farama.org/introduction/migration_guide/ for additional information.
Gym has been unmaintained since 2022 and does not support NumPy 2.0 amongst other critical functionality.
Please upgrade to Gymnasium, the maintained drop-in replacement of Gym, or contact the authors of your software and request that they upgrade.
See the migration guide at https://gymnasium.farama.org/introduction/migration_guide/ for additional information.
Gym has been unmaintained since 2022 and does not support NumPy 2.0 amongst other critical functionality.
Please upgrade to Gymnasium, the maintained drop-in replacement of Gym, or contact the authors of your software and request that they upgrade.
See the migration guide at https://gymnasium.farama.org/introduction/migration_guide/ for additional information.
Gym has been unmaintained since 2022 and does not support NumPy 2.0 amongst other critical functionality.
Please upgrade to Gymnasium, the maintained drop-in replacement of Gym, or contact the authors of your software and request that they upgrade.
See the migration guide at https://gymnasium.farama.org/introduction/migration_guide/ for additional information.
Gym has been unmaintained since 2022 and does not support NumPy 2.0 amongst other critical functionality.
Please upgrade to Gymnasium, the maintained drop-in replacement of Gym, or contact the authors of your software and request that they upgrade.
See the migration guide at https://gymnasium.farama.org/introduction/migration_guide/ for additional information.
/opt/conda/envs/dsrl_env/lib/python3.9/site-packages/matplotlib/_mathtext.py:30: PyparsingDeprecationWarning: 'enablePackrat' deprecated - use 'enable_packrat'
  ParserElement.enablePackrat()
/opt/conda/envs/dsrl_env/lib/python3.9/site-packages/matplotlib/_fontconfig_pattern.py:88: PyparsingDeprecationWarning: 'parseString' deprecated - use 'parse_string'
  parse = parser.parseString(pattern)
/opt/conda/envs/dsrl_env/lib/python3.9/site-packages/matplotlib/_fontconfig_pattern.py:92: PyparsingDeprecationWarning: 'resetCache' deprecated - use 'reset_cache'
  parser.resetCache()
/opt/conda/envs/dsrl_env/lib/python3.9/site-packages/matplotlib/_fontconfig_pattern.py:88: PyparsingDeprecationWarning: 'parseString' deprecated - use 'parse_string'
  parse = parser.parseString(pattern)
/opt/conda/envs/dsrl_env/lib/python3.9/site-packages/matplotlib/_fontconfig_pattern.py:92: PyparsingDeprecationWarning: 'resetCache' deprecated - use 'reset_cache'
  parser.resetCache()
Gym has been unmaintained since 2022 and does not support NumPy 2.0 amongst other critical functionality.
Please upgrade to Gymnasium, the maintained drop-in replacement of Gym, or contact the authors of your software and request that they upgrade.
See the migration guide at https://gymnasium.farama.org/introduction/migration_guide/ for additional information.
/opt/conda/envs/dsrl_env/lib/python3.9/site-packages/matplotlib/_fontconfig_pattern.py:88: PyparsingDeprecationWarning: 'parseString' deprecated - use 'parse_string'
  parse = parser.parseString(pattern)
/opt/conda/envs/dsrl_env/lib/python3.9/site-packages/matplotlib/_fontconfig_pattern.py:92: PyparsingDeprecationWarning: 'resetCache' deprecated - use 'reset_cache'
  parser.resetCache()
/opt/conda/envs/dsrl_env/lib/python3.9/site-packages/matplotlib/_fontconfig_pattern.py:88: PyparsingDeprecationWarning: 'parseString' deprecated - use 'parse_string'
  parse = parser.parseString(pattern)
/opt/conda/envs/dsrl_env/lib/python3.9/site-packages/matplotlib/_fontconfig_pattern.py:92: PyparsingDeprecationWarning: 'resetCache' deprecated - use 'reset_cache'
  parser.resetCache()
/opt/conda/envs/dsrl_env/lib/python3.9/site-packages/matplotlib/_fontconfig_pattern.py:88: PyparsingDeprecationWarning: 'parseString' deprecated - use 'parse_string'
  parse = parser.parseString(pattern)
/opt/conda/envs/dsrl_env/lib/python3.9/site-packages/matplotlib/_fontconfig_pattern.py:92: PyparsingDeprecationWarning: 'resetCache' deprecated - use 'reset_cache'
  parser.resetCache()
/opt/conda/envs/dsrl_env/lib/python3.9/site-packages/matplotlib/_fontconfig_pattern.py:88: PyparsingDeprecationWarning: 'parseString' deprecated - use 'parse_string'
  parse = parser.parseString(pattern)
/opt/conda/envs/dsrl_env/lib/python3.9/site-packages/matplotlib/_fontconfig_pattern.py:92: PyparsingDeprecationWarning: 'resetCache' deprecated - use 'reset_cache'
  parser.resetCache()
Gym has been unmaintained since 2022 and does not support NumPy 2.0 amongst other critical functionality.
Please upgrade to Gymnasium, the maintained drop-in replacement of Gym, or contact the authors of your software and request that they upgrade.
See the migration guide at https://gymnasium.farama.org/introduction/migration_guide/ for additional information.
/opt/conda/envs/dsrl_env/lib/python3.9/site-packages/matplotlib/_fontconfig_pattern.py:88: PyparsingDeprecationWarning: 'parseString' deprecated - use 'parse_string'
  parse = parser.parseString(pattern)
/opt/conda/envs/dsrl_env/lib/python3.9/site-packages/matplotlib/_fontconfig_pattern.py:92: PyparsingDeprecationWarning: 'resetCache' deprecated - use 'reset_cache'
  parser.resetCache()
/opt/conda/envs/dsrl_env/lib/python3.9/site-packages/matplotlib/_fontconfig_pattern.py:88: PyparsingDeprecationWarning: 'parseString' deprecated - use 'parse_string'
  parse = parser.parseString(pattern)
/opt/conda/envs/dsrl_env/lib/python3.9/site-packages/matplotlib/_fontconfig_pattern.py:92: PyparsingDeprecationWarning: 'resetCache' deprecated - use 'reset_cache'
  parser.resetCache()
/opt/conda/envs/dsrl_env/lib/python3.9/site-packages/matplotlib/_fontconfig_pattern.py:88: PyparsingDeprecationWarning: 'parseString' deprecated - use 'parse_string'
  parse = parser.parseString(pattern)
/opt/conda/envs/dsrl_env/lib/python3.9/site-packages/matplotlib/_fontconfig_pattern.py:88: PyparsingDeprecationWarning: 'parseString' deprecated - use 'parse_string'
  parse = parser.parseString(pattern)
/opt/conda/envs/dsrl_env/lib/python3.9/site-packages/matplotlib/_fontconfig_pattern.py:92: PyparsingDeprecationWarning: 'resetCache' deprecated - use 'reset_cache'
  parser.resetCache()
/opt/conda/envs/dsrl_env/lib/python3.9/site-packages/matplotlib/_fontconfig_pattern.py:92: PyparsingDeprecationWarning: 'resetCache' deprecated - use 'reset_cache'
  parser.resetCache()
/opt/conda/envs/dsrl_env/lib/python3.9/site-packages/matplotlib/_fontconfig_pattern.py:88: PyparsingDeprecationWarning: 'parseString' deprecated - use 'parse_string'
  parse = parser.parseString(pattern)
/opt/conda/envs/dsrl_env/lib/python3.9/site-packages/matplotlib/_fontconfig_pattern.py:92: PyparsingDeprecationWarning: 'resetCache' deprecated - use 'reset_cache'
  parser.resetCache()
/opt/conda/envs/dsrl_env/lib/python3.9/site-packages/matplotlib/_fontconfig_pattern.py:88: PyparsingDeprecationWarning: 'parseString' deprecated - use 'parse_string'
  parse = parser.parseString(pattern)
/opt/conda/envs/dsrl_env/lib/python3.9/site-packages/matplotlib/_fontconfig_pattern.py:92: PyparsingDeprecationWarning: 'resetCache' deprecated - use 'reset_cache'
  parser.resetCache()
/opt/conda/envs/dsrl_env/lib/python3.9/site-packages/matplotlib/_mathtext.py:30: PyparsingDeprecationWarning: 'enablePackrat' deprecated - use 'enable_packrat'
  ParserElement.enablePackrat()
/opt/conda/envs/dsrl_env/lib/python3.9/site-packages/matplotlib/_mathtext.py:30: PyparsingDeprecationWarning: 'enablePackrat' deprecated - use 'enable_packrat'
  ParserElement.enablePackrat()
/opt/conda/envs/dsrl_env/lib/python3.9/site-packages/matplotlib/_mathtext.py:30: PyparsingDeprecationWarning: 'enablePackrat' deprecated - use 'enable_packrat'
  ParserElement.enablePackrat()
/opt/conda/envs/dsrl_env/lib/python3.9/site-packages/matplotlib/_mathtext.py:30: PyparsingDeprecationWarning: 'enablePackrat' deprecated - use 'enable_packrat'
  ParserElement.enablePackrat()
/opt/conda/envs/dsrl_env/lib/python3.9/site-packages/matplotlib/_fontconfig_pattern.py:88: PyparsingDeprecationWarning: 'parseString' deprecated - use 'parse_string'
  parse = parser.parseString(pattern)
/opt/conda/envs/dsrl_env/lib/python3.9/site-packages/matplotlib/_fontconfig_pattern.py:92: PyparsingDeprecationWarning: 'resetCache' deprecated - use 'reset_cache'
  parser.resetCache()
/opt/conda/envs/dsrl_env/lib/python3.9/site-packages/matplotlib/_mathtext.py:30: PyparsingDeprecationWarning: 'enablePackrat' deprecated - use 'enable_packrat'
  ParserElement.enablePackrat()
/opt/conda/envs/dsrl_env/lib/python3.9/site-packages/matplotlib/_fontconfig_pattern.py:88: PyparsingDeprecationWarning: 'parseString' deprecated - use 'parse_string'
  parse = parser.parseString(pattern)
/opt/conda/envs/dsrl_env/lib/python3.9/site-packages/matplotlib/_fontconfig_pattern.py:92: PyparsingDeprecationWarning: 'resetCache' deprecated - use 'reset_cache'
  parser.resetCache()
Gym has been unmaintained since 2022 and does not support NumPy 2.0 amongst other critical functionality.
Please upgrade to Gymnasium, the maintained drop-in replacement of Gym, or contact the authors of your software and request that they upgrade.
See the migration guide at https://gymnasium.farama.org/introduction/migration_guide/ for additional information.
/opt/conda/envs/dsrl_env/lib/python3.9/site-packages/matplotlib/_mathtext.py:30: PyparsingDeprecationWarning: 'enablePackrat' deprecated - use 'enable_packrat'
  ParserElement.enablePackrat()
/opt/conda/envs/dsrl_env/lib/python3.9/site-packages/matplotlib/_mathtext.py:30: PyparsingDeprecationWarning: 'enablePackrat' deprecated - use 'enable_packrat'
  ParserElement.enablePackrat()
/opt/conda/envs/dsrl_env/lib/python3.9/site-packages/matplotlib/_fontconfig_pattern.py:88: PyparsingDeprecationWarning: 'parseString' deprecated - use 'parse_string'
  parse = parser.parseString(pattern)
/opt/conda/envs/dsrl_env/lib/python3.9/site-packages/matplotlib/_fontconfig_pattern.py:92: PyparsingDeprecationWarning: 'resetCache' deprecated - use 'reset_cache'
  parser.resetCache()
/opt/conda/envs/dsrl_env/lib/python3.9/site-packages/matplotlib/_mathtext.py:30: PyparsingDeprecationWarning: 'enablePackrat' deprecated - use 'enable_packrat'
  ParserElement.enablePackrat()
/opt/conda/envs/dsrl_env/lib/python3.9/site-packages/matplotlib/_mathtext.py:30: PyparsingDeprecationWarning: 'enablePackrat' deprecated - use 'enable_packrat'
  ParserElement.enablePackrat()
/opt/conda/envs/dsrl_env/lib/python3.9/site-packages/matplotlib/_mathtext.py:30: PyparsingDeprecationWarning: 'enablePackrat' deprecated - use 'enable_packrat'
  ParserElement.enablePackrat()
/opt/conda/envs/dsrl_env/lib/python3.9/site-packages/matplotlib/_mathtext.py:30: PyparsingDeprecationWarning: 'enablePackrat' deprecated - use 'enable_packrat'
  ParserElement.enablePackrat()
/opt/conda/envs/dsrl_env/lib/python3.9/site-packages/matplotlib/_mathtext.py:30: PyparsingDeprecationWarning: 'enablePackrat' deprecated - use 'enable_packrat'
  ParserElement.enablePackrat()
/opt/conda/envs/dsrl_env/lib/python3.9/site-packages/matplotlib/_mathtext.py:30: PyparsingDeprecationWarning: 'enablePackrat' deprecated - use 'enable_packrat'
  ParserElement.enablePackrat()
/opt/conda/envs/dsrl_env/lib/python3.9/site-packages/matplotlib/_mathtext.py:30: PyparsingDeprecationWarning: 'enablePackrat' deprecated - use 'enable_packrat'
  ParserElement.enablePackrat()
/opt/conda/envs/dsrl_env/lib/python3.9/site-packages/matplotlib/_fontconfig_pattern.py:88: PyparsingDeprecationWarning: 'parseString' deprecated - use 'parse_string'
  parse = parser.parseString(pattern)
/opt/conda/envs/dsrl_env/lib/python3.9/site-packages/matplotlib/_fontconfig_pattern.py:92: PyparsingDeprecationWarning: 'resetCache' deprecated - use 'reset_cache'
  parser.resetCache()
/opt/conda/envs/dsrl_env/lib/python3.9/site-packages/matplotlib/_fontconfig_pattern.py:88: PyparsingDeprecationWarning: 'parseString' deprecated - use 'parse_string'
  parse = parser.parseString(pattern)
/opt/conda/envs/dsrl_env/lib/python3.9/site-packages/matplotlib/_fontconfig_pattern.py:92: PyparsingDeprecationWarning: 'resetCache' deprecated - use 'reset_cache'
  parser.resetCache()
/opt/conda/envs/dsrl_env/lib/python3.9/site-packages/matplotlib/_fontconfig_pattern.py:88: PyparsingDeprecationWarning: 'parseString' deprecated - use 'parse_string'
  parse = parser.parseString(pattern)
/opt/conda/envs/dsrl_env/lib/python3.9/site-packages/matplotlib/_fontconfig_pattern.py:92: PyparsingDeprecationWarning: 'resetCache' deprecated - use 'reset_cache'
  parser.resetCache()
/opt/conda/envs/dsrl_env/lib/python3.9/site-packages/matplotlib/_fontconfig_pattern.py:88: PyparsingDeprecationWarning: 'parseString' deprecated - use 'parse_string'
  parse = parser.parseString(pattern)
/opt/conda/envs/dsrl_env/lib/python3.9/site-packages/matplotlib/_fontconfig_pattern.py:92: PyparsingDeprecationWarning: 'resetCache' deprecated - use 'reset_cache'
  parser.resetCache()
/opt/conda/envs/dsrl_env/lib/python3.9/site-packages/matplotlib/_fontconfig_pattern.py:88: PyparsingDeprecationWarning: 'parseString' deprecated - use 'parse_string'
  parse = parser.parseString(pattern)
/opt/conda/envs/dsrl_env/lib/python3.9/site-packages/matplotlib/_fontconfig_pattern.py:92: PyparsingDeprecationWarning: 'resetCache' deprecated - use 'reset_cache'
  parser.resetCache()
/opt/conda/envs/dsrl_env/lib/python3.9/site-packages/matplotlib/_mathtext.py:30: PyparsingDeprecationWarning: 'enablePackrat' deprecated - use 'enable_packrat'
  ParserElement.enablePackrat()
/opt/conda/envs/dsrl_env/lib/python3.9/site-packages/matplotlib/_mathtext.py:30: PyparsingDeprecationWarning: 'enablePackrat' deprecated - use 'enable_packrat'
  ParserElement.enablePackrat()
/opt/conda/envs/dsrl_env/lib/python3.9/site-packages/matplotlib/_fontconfig_pattern.py:88: PyparsingDeprecationWarning: 'parseString' deprecated - use 'parse_string'
  parse = parser.parseString(pattern)
/opt/conda/envs/dsrl_env/lib/python3.9/site-packages/matplotlib/_mathtext.py:30: PyparsingDeprecationWarning: 'enablePackrat' deprecated - use 'enable_packrat'
  ParserElement.enablePackrat()
/opt/conda/envs/dsrl_env/lib/python3.9/site-packages/matplotlib/_fontconfig_pattern.py:92: PyparsingDeprecationWarning: 'resetCache' deprecated - use 'reset_cache'
  parser.resetCache()
/opt/conda/envs/dsrl_env/lib/python3.9/site-packages/matplotlib/_mathtext.py:30: PyparsingDeprecationWarning: 'enablePackrat' deprecated - use 'enable_packrat'
  ParserElement.enablePackrat()
/opt/conda/envs/dsrl_env/lib/python3.9/site-packages/matplotlib/_fontconfig_pattern.py:88: PyparsingDeprecationWarning: 'parseString' deprecated - use 'parse_string'
  parse = parser.parseString(pattern)
/opt/conda/envs/dsrl_env/lib/python3.9/site-packages/matplotlib/_fontconfig_pattern.py:92: PyparsingDeprecationWarning: 'resetCache' deprecated - use 'reset_cache'
  parser.resetCache()
/opt/conda/envs/dsrl_env/lib/python3.9/site-packages/matplotlib/_mathtext.py:30: PyparsingDeprecationWarning: 'enablePackrat' deprecated - use 'enable_packrat'
  ParserElement.enablePackrat()
/opt/conda/envs/dsrl_env/lib/python3.9/site-packages/matplotlib/_mathtext.py:30: PyparsingDeprecationWarning: 'enablePackrat' deprecated - use 'enable_packrat'
  ParserElement.enablePackrat()
/opt/conda/envs/dsrl_env/lib/python3.9/site-packages/matplotlib/_fontconfig_pattern.py:88: PyparsingDeprecationWarning: 'parseString' deprecated - use 'parse_string'
  parse = parser.parseString(pattern)
/opt/conda/envs/dsrl_env/lib/python3.9/site-packages/matplotlib/_fontconfig_pattern.py:92: PyparsingDeprecationWarning: 'resetCache' deprecated - use 'reset_cache'
  parser.resetCache()
/opt/conda/envs/dsrl_env/lib/python3.9/site-packages/matplotlib/_fontconfig_pattern.py:88: PyparsingDeprecationWarning: 'parseString' deprecated - use 'parse_string'
  parse = parser.parseString(pattern)
/opt/conda/envs/dsrl_env/lib/python3.9/site-packages/matplotlib/_fontconfig_pattern.py:92: PyparsingDeprecationWarning: 'resetCache' deprecated - use 'reset_cache'
  parser.resetCache()
/opt/conda/envs/dsrl_env/lib/python3.9/site-packages/matplotlib/_mathtext.py:30: PyparsingDeprecationWarning: 'enablePackrat' deprecated - use 'enable_packrat'
  ParserElement.enablePackrat()
/opt/conda/envs/dsrl_env/lib/python3.9/site-packages/matplotlib/_mathtext.py:30: PyparsingDeprecationWarning: 'enablePackrat' deprecated - use 'enable_packrat'
  ParserElement.enablePackrat()
/opt/conda/envs/dsrl_env/lib/python3.9/site-packages/matplotlib/_mathtext.py:30: PyparsingDeprecationWarning: 'enablePackrat' deprecated - use 'enable_packrat'
  ParserElement.enablePackrat()
/opt/conda/envs/dsrl_env/lib/python3.9/site-packages/matplotlib/_mathtext.py:30: PyparsingDeprecationWarning: 'enablePackrat' deprecated - use 'enable_packrat'
  ParserElement.enablePackrat()
/opt/conda/envs/dsrl_env/lib/python3.9/site-packages/Cython/Distutils/old_build_ext.py:15: DeprecationWarning: dep_util is Deprecated. Use functions from setuptools instead.
  from distutils.dep_util import newer, newer_group
/opt/conda/envs/dsrl_env/lib/python3.9/site-packages/Cython/Distutils/old_build_ext.py:15: DeprecationWarning: dep_util is Deprecated. Use functions from setuptools instead.
  from distutils.dep_util import newer, newer_group
/opt/conda/envs/dsrl_env/lib/python3.9/site-packages/Cython/Distutils/old_build_ext.py:15: DeprecationWarning: dep_util is Deprecated. Use functions from setuptools instead.
  from distutils.dep_util import newer, newer_group
/opt/conda/envs/dsrl_env/lib/python3.9/site-packages/Cython/Distutils/old_build_ext.py:15: DeprecationWarning: dep_util is Deprecated. Use functions from setuptools instead.
  from distutils.dep_util import newer, newer_group
/opt/conda/envs/dsrl_env/lib/python3.9/site-packages/Cython/Distutils/old_build_ext.py:15: DeprecationWarning: dep_util is Deprecated. Use functions from setuptools instead.
  from distutils.dep_util import newer, newer_group
/opt/conda/envs/dsrl_env/lib/python3.9/site-packages/Cython/Distutils/old_build_ext.py:15: DeprecationWarning: dep_util is Deprecated. Use functions from setuptools instead.
  from distutils.dep_util import newer, newer_group
/opt/conda/envs/dsrl_env/lib/python3.9/site-packages/Cython/Distutils/old_build_ext.py:15: DeprecationWarning: dep_util is Deprecated. Use functions from setuptools instead.
  from distutils.dep_util import newer, newer_group
/opt/conda/envs/dsrl_env/lib/python3.9/site-packages/Cython/Distutils/old_build_ext.py:15: DeprecationWarning: dep_util is Deprecated. Use functions from setuptools instead.
  from distutils.dep_util import newer, newer_group
/opt/conda/envs/dsrl_env/lib/python3.9/site-packages/Cython/Distutils/old_build_ext.py:15: DeprecationWarning: dep_util is Deprecated. Use functions from setuptools instead.
  from distutils.dep_util import newer, newer_group
/opt/conda/envs/dsrl_env/lib/python3.9/site-packages/Cython/Distutils/old_build_ext.py:15: DeprecationWarning: dep_util is Deprecated. Use functions from setuptools instead.
  from distutils.dep_util import newer, newer_group
/opt/conda/envs/dsrl_env/lib/python3.9/site-packages/Cython/Distutils/old_build_ext.py:15: DeprecationWarning: dep_util is Deprecated. Use functions from setuptools instead.
  from distutils.dep_util import newer, newer_group
/opt/conda/envs/dsrl_env/lib/python3.9/site-packages/Cython/Distutils/old_build_ext.py:15: DeprecationWarning: dep_util is Deprecated. Use functions from setuptools instead.
  from distutils.dep_util import newer, newer_group
/opt/conda/envs/dsrl_env/lib/python3.9/site-packages/Cython/Distutils/old_build_ext.py:15: DeprecationWarning: dep_util is Deprecated. Use functions from setuptools instead.
  from distutils.dep_util import newer, newer_group
/opt/conda/envs/dsrl_env/lib/python3.9/site-packages/Cython/Distutils/old_build_ext.py:15: DeprecationWarning: dep_util is Deprecated. Use functions from setuptools instead.
  from distutils.dep_util import newer, newer_group
/opt/conda/envs/dsrl_env/lib/python3.9/site-packages/Cython/Distutils/old_build_ext.py:15: DeprecationWarning: dep_util is Deprecated. Use functions from setuptools instead.
  from distutils.dep_util import newer, newer_group
/opt/conda/envs/dsrl_env/lib/python3.9/site-packages/Cython/Distutils/old_build_ext.py:15: DeprecationWarning: dep_util is Deprecated. Use functions from setuptools instead.
  from distutils.dep_util import newer, newer_group
/opt/conda/envs/dsrl_env/lib/python3.9/site-packages/Cython/Distutils/old_build_ext.py:15: DeprecationWarning: dep_util is Deprecated. Use functions from setuptools instead.
  from distutils.dep_util import newer, newer_group
/opt/conda/envs/dsrl_env/lib/python3.9/site-packages/Cython/Distutils/old_build_ext.py:15: DeprecationWarning: dep_util is Deprecated. Use functions from setuptools instead.
  from distutils.dep_util import newer, newer_group
/opt/conda/envs/dsrl_env/lib/python3.9/site-packages/Cython/Distutils/old_build_ext.py:15: DeprecationWarning: dep_util is Deprecated. Use functions from setuptools instead.
  from distutils.dep_util import newer, newer_group
/opt/conda/envs/dsrl_env/lib/python3.9/site-packages/Cython/Distutils/old_build_ext.py:15: DeprecationWarning: dep_util is Deprecated. Use functions from setuptools instead.
  from distutils.dep_util import newer, newer_group
/opt/conda/envs/dsrl_env/lib/python3.9/site-packages/Cython/Distutils/old_build_ext.py:15: DeprecationWarning: dep_util is Deprecated. Use functions from setuptools instead.
  from distutils.dep_util import newer, newer_group
/opt/conda/envs/dsrl_env/lib/python3.9/site-packages/Cython/Distutils/old_build_ext.py:15: DeprecationWarning: dep_util is Deprecated. Use functions from setuptools instead.
  from distutils.dep_util import newer, newer_group
/opt/conda/envs/dsrl_env/lib/python3.9/site-packages/Cython/Distutils/old_build_ext.py:15: DeprecationWarning: dep_util is Deprecated. Use functions from setuptools instead.
  from distutils.dep_util import newer, newer_group
/opt/conda/envs/dsrl_env/lib/python3.9/site-packages/Cython/Distutils/old_build_ext.py:15: DeprecationWarning: dep_util is Deprecated. Use functions from setuptools instead.
  from distutils.dep_util import newer, newer_group
/opt/conda/envs/dsrl_env/lib/python3.9/site-packages/Cython/Distutils/old_build_ext.py:15: DeprecationWarning: dep_util is Deprecated. Use functions from setuptools instead.
  from distutils.dep_util import newer, newer_group
/opt/conda/envs/dsrl_env/lib/python3.9/site-packages/pkg_resources/__init__.py:3148: DeprecationWarning: Deprecated call to `pkg_resources.declare_namespace('mpl_toolkits')`.
Implementing implicit namespace packages (as specified in PEP 420) is preferred to `pkg_resources.declare_namespace`. See https://setuptools.pypa.io/en/latest/references/keywords.html#keyword-namespace-packages
  declare_namespace(pkg)
/opt/conda/envs/dsrl_env/lib/python3.9/site-packages/pkg_resources/__init__.py:3148: DeprecationWarning: Deprecated call to `pkg_resources.declare_namespace('mpl_toolkits')`.
Implementing implicit namespace packages (as specified in PEP 420) is preferred to `pkg_resources.declare_namespace`. See https://setuptools.pypa.io/en/latest/references/keywords.html#keyword-namespace-packages
  declare_namespace(pkg)
/opt/conda/envs/dsrl_env/lib/python3.9/site-packages/pkg_resources/__init__.py:3148: DeprecationWarning: Deprecated call to `pkg_resources.declare_namespace('mpl_toolkits')`.
Implementing implicit namespace packages (as specified in PEP 420) is preferred to `pkg_resources.declare_namespace`. See https://setuptools.pypa.io/en/latest/references/keywords.html#keyword-namespace-packages
  declare_namespace(pkg)
/opt/conda/envs/dsrl_env/lib/python3.9/site-packages/pkg_resources/__init__.py:3148: DeprecationWarning: Deprecated call to `pkg_resources.declare_namespace('mpl_toolkits')`.
Implementing implicit namespace packages (as specified in PEP 420) is preferred to `pkg_resources.declare_namespace`. See https://setuptools.pypa.io/en/latest/references/keywords.html#keyword-namespace-packages
  declare_namespace(pkg)
/opt/conda/envs/dsrl_env/lib/python3.9/site-packages/pkg_resources/__init__.py:3148: DeprecationWarning: Deprecated call to `pkg_resources.declare_namespace('mpl_toolkits')`.
Implementing implicit namespace packages (as specified in PEP 420) is preferred to `pkg_resources.declare_namespace`. See https://setuptools.pypa.io/en/latest/references/keywords.html#keyword-namespace-packages
  declare_namespace(pkg)
/opt/conda/envs/dsrl_env/lib/python3.9/site-packages/pkg_resources/__init__.py:3148: DeprecationWarning: Deprecated call to `pkg_resources.declare_namespace('mpl_toolkits')`.
Implementing implicit namespace packages (as specified in PEP 420) is preferred to `pkg_resources.declare_namespace`. See https://setuptools.pypa.io/en/latest/references/keywords.html#keyword-namespace-packages
  declare_namespace(pkg)
/opt/conda/envs/dsrl_env/lib/python3.9/site-packages/pkg_resources/__init__.py:3148: DeprecationWarning: Deprecated call to `pkg_resources.declare_namespace('mpl_toolkits')`.
Implementing implicit namespace packages (as specified in PEP 420) is preferred to `pkg_resources.declare_namespace`. See https://setuptools.pypa.io/en/latest/references/keywords.html#keyword-namespace-packages
  declare_namespace(pkg)
/opt/conda/envs/dsrl_env/lib/python3.9/site-packages/pkg_resources/__init__.py:3148: DeprecationWarning: Deprecated call to `pkg_resources.declare_namespace('mpl_toolkits')`.
Implementing implicit namespace packages (as specified in PEP 420) is preferred to `pkg_resources.declare_namespace`. See https://setuptools.pypa.io/en/latest/references/keywords.html#keyword-namespace-packages
  declare_namespace(pkg)
/opt/conda/envs/dsrl_env/lib/python3.9/site-packages/pkg_resources/__init__.py:3148: DeprecationWarning: Deprecated call to `pkg_resources.declare_namespace('mpl_toolkits')`.
Implementing implicit namespace packages (as specified in PEP 420) is preferred to `pkg_resources.declare_namespace`. See https://setuptools.pypa.io/en/latest/references/keywords.html#keyword-namespace-packages
  declare_namespace(pkg)
/opt/conda/envs/dsrl_env/lib/python3.9/site-packages/pkg_resources/__init__.py:3148: DeprecationWarning: Deprecated call to `pkg_resources.declare_namespace('mpl_toolkits')`.
Implementing implicit namespace packages (as specified in PEP 420) is preferred to `pkg_resources.declare_namespace`. See https://setuptools.pypa.io/en/latest/references/keywords.html#keyword-namespace-packages
  declare_namespace(pkg)
/opt/conda/envs/dsrl_env/lib/python3.9/site-packages/pkg_resources/__init__.py:3148: DeprecationWarning: Deprecated call to `pkg_resources.declare_namespace('mpl_toolkits')`.
Implementing implicit namespace packages (as specified in PEP 420) is preferred to `pkg_resources.declare_namespace`. See https://setuptools.pypa.io/en/latest/references/keywords.html#keyword-namespace-packages
  declare_namespace(pkg)
/opt/conda/envs/dsrl_env/lib/python3.9/site-packages/pkg_resources/__init__.py:3148: DeprecationWarning: Deprecated call to `pkg_resources.declare_namespace('mpl_toolkits')`.
Implementing implicit namespace packages (as specified in PEP 420) is preferred to `pkg_resources.declare_namespace`. See https://setuptools.pypa.io/en/latest/references/keywords.html#keyword-namespace-packages
  declare_namespace(pkg)
/opt/conda/envs/dsrl_env/lib/python3.9/site-packages/pkg_resources/__init__.py:3148: DeprecationWarning: Deprecated call to `pkg_resources.declare_namespace('mpl_toolkits')`.
Implementing implicit namespace packages (as specified in PEP 420) is preferred to `pkg_resources.declare_namespace`. See https://setuptools.pypa.io/en/latest/references/keywords.html#keyword-namespace-packages
  declare_namespace(pkg)
/opt/conda/envs/dsrl_env/lib/python3.9/site-packages/pkg_resources/__init__.py:3148: DeprecationWarning: Deprecated call to `pkg_resources.declare_namespace('mpl_toolkits')`.
Implementing implicit namespace packages (as specified in PEP 420) is preferred to `pkg_resources.declare_namespace`. See https://setuptools.pypa.io/en/latest/references/keywords.html#keyword-namespace-packages
  declare_namespace(pkg)
/opt/conda/envs/dsrl_env/lib/python3.9/site-packages/pkg_resources/__init__.py:3148: DeprecationWarning: Deprecated call to `pkg_resources.declare_namespace('mpl_toolkits')`.
Implementing implicit namespace packages (as specified in PEP 420) is preferred to `pkg_resources.declare_namespace`. See https://setuptools.pypa.io/en/latest/references/keywords.html#keyword-namespace-packages
  declare_namespace(pkg)
/opt/conda/envs/dsrl_env/lib/python3.9/site-packages/pkg_resources/__init__.py:3148: DeprecationWarning: Deprecated call to `pkg_resources.declare_namespace('mpl_toolkits')`.
Implementing implicit namespace packages (as specified in PEP 420) is preferred to `pkg_resources.declare_namespace`. See https://setuptools.pypa.io/en/latest/references/keywords.html#keyword-namespace-packages
  declare_namespace(pkg)
/opt/conda/envs/dsrl_env/lib/python3.9/site-packages/pkg_resources/__init__.py:3148: DeprecationWarning: Deprecated call to `pkg_resources.declare_namespace('mpl_toolkits')`.
Implementing implicit namespace packages (as specified in PEP 420) is preferred to `pkg_resources.declare_namespace`. See https://setuptools.pypa.io/en/latest/references/keywords.html#keyword-namespace-packages
  declare_namespace(pkg)
/opt/conda/envs/dsrl_env/lib/python3.9/site-packages/pkg_resources/__init__.py:3148: DeprecationWarning: Deprecated call to `pkg_resources.declare_namespace('mpl_toolkits')`.
Implementing implicit namespace packages (as specified in PEP 420) is preferred to `pkg_resources.declare_namespace`. See https://setuptools.pypa.io/en/latest/references/keywords.html#keyword-namespace-packages
  declare_namespace(pkg)
/opt/conda/envs/dsrl_env/lib/python3.9/site-packages/pkg_resources/__init__.py:3148: DeprecationWarning: Deprecated call to `pkg_resources.declare_namespace('mpl_toolkits')`.
Implementing implicit namespace packages (as specified in PEP 420) is preferred to `pkg_resources.declare_namespace`. See https://setuptools.pypa.io/en/latest/references/keywords.html#keyword-namespace-packages
  declare_namespace(pkg)
/opt/conda/envs/dsrl_env/lib/python3.9/site-packages/pkg_resources/__init__.py:3148: DeprecationWarning: Deprecated call to `pkg_resources.declare_namespace('mpl_toolkits')`.
Implementing implicit namespace packages (as specified in PEP 420) is preferred to `pkg_resources.declare_namespace`. See https://setuptools.pypa.io/en/latest/references/keywords.html#keyword-namespace-packages
  declare_namespace(pkg)
/opt/conda/envs/dsrl_env/lib/python3.9/site-packages/pkg_resources/__init__.py:3148: DeprecationWarning: Deprecated call to `pkg_resources.declare_namespace('mpl_toolkits')`.
Implementing implicit namespace packages (as specified in PEP 420) is preferred to `pkg_resources.declare_namespace`. See https://setuptools.pypa.io/en/latest/references/keywords.html#keyword-namespace-packages
  declare_namespace(pkg)
/opt/conda/envs/dsrl_env/lib/python3.9/site-packages/pkg_resources/__init__.py:3148: DeprecationWarning: Deprecated call to `pkg_resources.declare_namespace('mpl_toolkits')`.
Implementing implicit namespace packages (as specified in PEP 420) is preferred to `pkg_resources.declare_namespace`. See https://setuptools.pypa.io/en/latest/references/keywords.html#keyword-namespace-packages
  declare_namespace(pkg)
/opt/conda/envs/dsrl_env/lib/python3.9/site-packages/pkg_resources/__init__.py:3148: DeprecationWarning: Deprecated call to `pkg_resources.declare_namespace('mpl_toolkits')`.
Implementing implicit namespace packages (as specified in PEP 420) is preferred to `pkg_resources.declare_namespace`. See https://setuptools.pypa.io/en/latest/references/keywords.html#keyword-namespace-packages
  declare_namespace(pkg)
/opt/conda/envs/dsrl_env/lib/python3.9/site-packages/pkg_resources/__init__.py:3148: DeprecationWarning: Deprecated call to `pkg_resources.declare_namespace('mpl_toolkits')`.
Implementing implicit namespace packages (as specified in PEP 420) is preferred to `pkg_resources.declare_namespace`. See https://setuptools.pypa.io/en/latest/references/keywords.html#keyword-namespace-packages
  declare_namespace(pkg)
/opt/conda/envs/dsrl_env/lib/python3.9/site-packages/pkg_resources/__init__.py:3148: DeprecationWarning: Deprecated call to `pkg_resources.declare_namespace('mpl_toolkits')`.
Implementing implicit namespace packages (as specified in PEP 420) is preferred to `pkg_resources.declare_namespace`. See https://setuptools.pypa.io/en/latest/references/keywords.html#keyword-namespace-packages
  declare_namespace(pkg)
eval episode 0 at timestep 0
eval episode 1 at timestep 0
eval episode 2 at timestep 0
eval episode 3 at timestep 0
eval episode 4 at timestep 0
eval episode 5 at timestep 0
eval episode 6 at timestep 0
eval episode 7 at timestep 0
Logging to ./logs/robomimic-dsrl/robomimic_lift_dsrl_2026-02-04_15-09-19_1/2026-02-04_15-09-19_1/SAC_1
-----------------------------------
| rollout/             |          |
|    ep_len_mean       | 75       |
|    ep_rew_mean       | -264     |
| time/                |          |
|    episodes          | 4        |
|    fps               | 2        |
|    time_elapsed      | 111      |
|    total_timesteps   | 300      |
| train/               |          |
|    actor_loss        | -119     |
|    critic_loss       | 47.6     |
|    ent_coef          | 0.517    |
|    ent_coef_loss     | -12.1    |
|    learning_rate     | 0.0003   |
|    n_updates         | 2220     |
|    noise_critic_loss | 80.1     |
-----------------------------------
-----------------------------------
| rollout/             |          |
|    ep_len_mean       | 75       |
|    ep_rew_mean       | -270     |
| time/                |          |
|    episodes          | 8        |
|    fps               | 2        |
|    time_elapsed      | 223      |
|    total_timesteps   | 600      |
| train/               |          |
|    actor_loss        | -119     |
|    critic_loss       | 24.8     |
|    ent_coef          | 0.278    |
|    ent_coef_loss     | -18      |
|    learning_rate     | 0.0003   |
|    n_updates         | 4470     |
|    noise_critic_loss | 76.8     |
-----------------------------------
-----------------------------------
| rollout/             |          |
|    ep_len_mean       | 75       |
|    ep_rew_mean       | -265     |
| time/                |          |
|    episodes          | 12       |
|    fps               | 2        |
|    time_elapsed      | 337      |
|    total_timesteps   | 900      |
| train/               |          |
|    actor_loss        | -89.3    |
|    critic_loss       | 14.1     |
|    ent_coef          | 0.158    |
|    ent_coef_loss     | -12.4    |
|    learning_rate     | 0.0003   |
|    n_updates         | 6720     |
|    noise_critic_loss | 46.4     |
-----------------------------------
-----------------------------------
| rollout/             |          |
|    ep_len_mean       | 75       |
|    ep_rew_mean       | -262     |
| time/                |          |
|    episodes          | 16       |
|    fps               | 2        |
|    time_elapsed      | 452      |
|    total_timesteps   | 1200     |
| train/               |          |
|    actor_loss        | -51.6    |
|    critic_loss       | 7.48     |
|    ent_coef          | 0.104    |
|    ent_coef_loss     | -10.6    |
|    learning_rate     | 0.0003   |
|    n_updates         | 8970     |
|    noise_critic_loss | 33.6     |
-----------------------------------
-----------------------------------
| rollout/             |          |
|    ep_len_mean       | 75       |
|    ep_rew_mean       | -242     |
| time/                |          |
|    episodes          | 20       |
|    fps               | 2        |
|    time_elapsed      | 565      |
|    total_timesteps   | 1500     |
| train/               |          |
|    actor_loss        | -13.2    |
|    critic_loss       | 4.55     |
|    ent_coef          | 0.0741   |
|    ent_coef_loss     | -5.16    |
|    learning_rate     | 0.0003   |
|    n_updates         | 11220    |
|    noise_critic_loss | 26.1     |
-----------------------------------
-----------------------------------
| rollout/             |          |
|    ep_len_mean       | 75       |
|    ep_rew_mean       | -241     |
| time/                |          |
|    episodes          | 24       |
|    fps               | 2        |
|    time_elapsed      | 679      |
|    total_timesteps   | 1800     |
| train/               |          |
|    actor_loss        | 17       |
|    critic_loss       | 4        |
|    ent_coef          | 0.0618   |
|    ent_coef_loss     | -1.78    |
|    learning_rate     | 0.0003   |
|    n_updates         | 13470    |
|    noise_critic_loss | 23.9     |
-----------------------------------
-----------------------------------
| rollout/             |          |
|    ep_len_mean       | 75       |
|    ep_rew_mean       | -227     |
| time/                |          |
|    episodes          | 28       |
|    fps               | 2        |
|    time_elapsed      | 791      |
|    total_timesteps   | 2100     |
| train/               |          |
|    actor_loss        | 39.9     |
|    critic_loss       | 5.68     |
|    ent_coef          | 0.0649   |
|    ent_coef_loss     | 7.31     |
|    learning_rate     | 0.0003   |
|    n_updates         | 15720    |
|    noise_critic_loss | 28       |
-----------------------------------
-----------------------------------
| rollout/             |          |
|    ep_len_mean       | 75       |
|    ep_rew_mean       | -223     |
| time/                |          |
|    episodes          | 32       |
|    fps               | 2        |
|    time_elapsed      | 902      |
|    total_timesteps   | 2400     |
| train/               |          |
|    actor_loss        | 48       |
|    critic_loss       | 6.3      |
|    ent_coef          | 0.0804   |
|    ent_coef_loss     | 3.56     |
|    learning_rate     | 0.0003   |
|    n_updates         | 17970    |
|    noise_critic_loss | 34.8     |
-----------------------------------
-----------------------------------
| rollout/             |          |
|    ep_len_mean       | 75       |
|    ep_rew_mean       | -219     |
| time/                |          |
|    episodes          | 36       |
|    fps               | 2        |
|    time_elapsed      | 1014     |
|    total_timesteps   | 2700     |
| train/               |          |
|    actor_loss        | 45.1     |
|    critic_loss       | 6.03     |
|    ent_coef          | 0.0953   |
|    ent_coef_loss     | -0.171   |
|    learning_rate     | 0.0003   |
|    n_updates         | 20220    |
|    noise_critic_loss | 34.7     |
-----------------------------------
-----------------------------------
| rollout/             |          |
|    ep_len_mean       | 75       |
|    ep_rew_mean       | -220     |
| time/                |          |
|    episodes          | 40       |
|    fps               | 2        |
|    time_elapsed      | 1126     |
|    total_timesteps   | 3000     |
| train/               |          |
|    actor_loss        | 41.4     |
|    critic_loss       | 5.52     |
|    ent_coef          | 0.0869   |
|    ent_coef_loss     | -2.7     |
|    learning_rate     | 0.0003   |
|    n_updates         | 22470    |
|    noise_critic_loss | 30.9     |
-----------------------------------
-----------------------------------
| rollout/             |          |
|    ep_len_mean       | 75       |
|    ep_rew_mean       | -214     |
| time/                |          |
|    episodes          | 44       |
|    fps               | 2        |
|    time_elapsed      | 1239     |
|    total_timesteps   | 3300     |
| train/               |          |
|    actor_loss        | 43       |
|    critic_loss       | 6.07     |
|    ent_coef          | 0.0803   |
|    ent_coef_loss     | -1.82    |
|    learning_rate     | 0.0003   |
|    n_updates         | 24720    |
|    noise_critic_loss | 26.8     |
-----------------------------------
-----------------------------------
| rollout/             |          |
|    ep_len_mean       | 75       |
|    ep_rew_mean       | -208     |
| time/                |          |
|    episodes          | 48       |
|    fps               | 2        |
|    time_elapsed      | 1353     |
|    total_timesteps   | 3600     |
| train/               |          |
|    actor_loss        | 42       |
|    critic_loss       | 4.98     |
|    ent_coef          | 0.0805   |
|    ent_coef_loss     | -2.12    |
|    learning_rate     | 0.0003   |
|    n_updates         | 26970    |
|    noise_critic_loss | 21.9     |
-----------------------------------
-----------------------------------
| rollout/             |          |
|    ep_len_mean       | 75       |
|    ep_rew_mean       | -210     |
| time/                |          |
|    episodes          | 52       |
|    fps               | 2        |
|    time_elapsed      | 1466     |
|    total_timesteps   | 3900     |
| train/               |          |
|    actor_loss        | 40.2     |
|    critic_loss       | 4.4      |
|    ent_coef          | 0.0811   |
|    ent_coef_loss     | 2.19     |
|    learning_rate     | 0.0003   |
|    n_updates         | 29220    |
|    noise_critic_loss | 22       |
-----------------------------------
-----------------------------------
| rollout/             |          |
|    ep_len_mean       | 75       |
|    ep_rew_mean       | -212     |
| time/                |          |
|    episodes          | 56       |
|    fps               | 2        |
|    time_elapsed      | 1579     |
|    total_timesteps   | 4200     |
| train/               |          |
|    actor_loss        | 39.4     |
|    critic_loss       | 4.7      |
|    ent_coef          | 0.0787   |
|    ent_coef_loss     | -0.894   |
|    learning_rate     | 0.0003   |
|    n_updates         | 31470    |
|    noise_critic_loss | 19.2     |
-----------------------------------
-----------------------------------
| rollout/             |          |
|    ep_len_mean       | 75       |
|    ep_rew_mean       | -208     |
| time/                |          |
|    episodes          | 60       |
|    fps               | 2        |
|    time_elapsed      | 1692     |
|    total_timesteps   | 4500     |
| train/               |          |
|    actor_loss        | 37.4     |
|    critic_loss       | 3.06     |
|    ent_coef          | 0.0734   |
|    ent_coef_loss     | -1.64    |
|    learning_rate     | 0.0003   |
|    n_updates         | 33720    |
|    noise_critic_loss | 15.4     |
-----------------------------------
-----------------------------------
| rollout/             |          |
|    ep_len_mean       | 75       |
|    ep_rew_mean       | -206     |
| time/                |          |
|    episodes          | 64       |
|    fps               | 2        |
|    time_elapsed      | 1804     |
|    total_timesteps   | 4800     |
| train/               |          |
|    actor_loss        | 38.3     |
|    critic_loss       | 2.89     |
|    ent_coef          | 0.0696   |
|    ent_coef_loss     | 1        |
|    learning_rate     | 0.0003   |
|    n_updates         | 35970    |
|    noise_critic_loss | 13.7     |
-----------------------------------
-----------------------------------
| rollout/             |          |
|    ep_len_mean       | 75       |
|    ep_rew_mean       | -205     |
| time/                |          |
|    episodes          | 68       |
|    fps               | 2        |
|    time_elapsed      | 1917     |
|    total_timesteps   | 5100     |
| train/               |          |
|    actor_loss        | 39.2     |
|    critic_loss       | 3.3      |
|    ent_coef          | 0.0677   |
|    ent_coef_loss     | -0.428   |
|    learning_rate     | 0.0003   |
|    n_updates         | 38220    |
|    noise_critic_loss | 13.7     |
-----------------------------------
-----------------------------------
| rollout/             |          |
|    ep_len_mean       | 75       |
|    ep_rew_mean       | -201     |
| time/                |          |
|    episodes          | 72       |
|    fps               | 2        |
|    time_elapsed      | 2029     |
|    total_timesteps   | 5400     |
| train/               |          |
|    actor_loss        | 39.6     |
|    critic_loss       | 3.86     |
|    ent_coef          | 0.0647   |
|    ent_coef_loss     | -1.55    |
|    learning_rate     | 0.0003   |
|    n_updates         | 40470    |
|    noise_critic_loss | 12.7     |
-----------------------------------
-----------------------------------
| rollout/             |          |
|    ep_len_mean       | 75       |
|    ep_rew_mean       | -202     |
| time/                |          |
|    episodes          | 76       |
|    fps               | 2        |
|    time_elapsed      | 2142     |
|    total_timesteps   | 5700     |
| train/               |          |
|    actor_loss        | 40.9     |
|    critic_loss       | 3.97     |
|    ent_coef          | 0.0649   |
|    ent_coef_loss     | -0.533   |
|    learning_rate     | 0.0003   |
|    n_updates         | 42720    |
|    noise_critic_loss | 15.2     |
-----------------------------------
-----------------------------------
| rollout/             |          |
|    ep_len_mean       | 75       |
|    ep_rew_mean       | -201     |
| time/                |          |
|    episodes          | 80       |
|    fps               | 2        |
|    time_elapsed      | 2255     |
|    total_timesteps   | 6000     |
| train/               |          |
|    actor_loss        | 39.9     |
|    critic_loss       | 3.14     |
|    ent_coef          | 0.0654   |
|    ent_coef_loss     | -1.05    |
|    learning_rate     | 0.0003   |
|    n_updates         | 44970    |
|    noise_critic_loss | 15.1     |
-----------------------------------
-----------------------------------
| rollout/             |          |
|    ep_len_mean       | 75       |
|    ep_rew_mean       | -202     |
| time/                |          |
|    episodes          | 84       |
|    fps               | 2        |
|    time_elapsed      | 2367     |
|    total_timesteps   | 6300     |
| train/               |          |
|    actor_loss        | 39.5     |
|    critic_loss       | 3.44     |
|    ent_coef          | 0.0653   |
|    ent_coef_loss     | 0.223    |
|    learning_rate     | 0.0003   |
|    n_updates         | 47220    |
|    noise_critic_loss | 14.4     |
-----------------------------------
-----------------------------------
| rollout/             |          |
|    ep_len_mean       | 75       |
|    ep_rew_mean       | -201     |
| time/                |          |
|    episodes          | 88       |
|    fps               | 2        |
|    time_elapsed      | 2481     |
|    total_timesteps   | 6600     |
| train/               |          |
|    actor_loss        | 37.5     |
|    critic_loss       | 2.85     |
|    ent_coef          | 0.0655   |
|    ent_coef_loss     | -0.875   |
|    learning_rate     | 0.0003   |
|    n_updates         | 49470    |
|    noise_critic_loss | 15.2     |
-----------------------------------
-----------------------------------
| rollout/             |          |
|    ep_len_mean       | 75       |
|    ep_rew_mean       | -198     |
| time/                |          |
|    episodes          | 92       |
|    fps               | 2        |
|    time_elapsed      | 2593     |
|    total_timesteps   | 6900     |
| train/               |          |
|    actor_loss        | 37.5     |
|    critic_loss       | 3.69     |
|    ent_coef          | 0.061    |
|    ent_coef_loss     | 0.0447   |
|    learning_rate     | 0.0003   |
|    n_updates         | 51720    |
|    noise_critic_loss | 15.1     |
-----------------------------------
-----------------------------------
| rollout/             |          |
|    ep_len_mean       | 75       |
|    ep_rew_mean       | -197     |
| time/                |          |
|    episodes          | 96       |
|    fps               | 2        |
|    time_elapsed      | 2706     |
|    total_timesteps   | 7200     |
| train/               |          |
|    actor_loss        | 37.7     |
|    critic_loss       | 2.88     |
|    ent_coef          | 0.0639   |
|    ent_coef_loss     | -0.459   |
|    learning_rate     | 0.0003   |
|    n_updates         | 53970    |
|    noise_critic_loss | 12.7     |
-----------------------------------
-----------------------------------
| rollout/             |          |
|    ep_len_mean       | 75       |
|    ep_rew_mean       | -197     |
| time/                |          |
|    episodes          | 100      |
|    fps               | 2        |
|    time_elapsed      | 2819     |
|    total_timesteps   | 7500     |
| train/               |          |
|    actor_loss        | 38.2     |
|    critic_loss       | 3.23     |
|    ent_coef          | 0.0634   |
|    ent_coef_loss     | -0.624   |
|    learning_rate     | 0.0003   |
|    n_updates         | 56220    |
|    noise_critic_loss | 14.8     |
-----------------------------------
-----------------------------------
| rollout/             |          |
|    ep_len_mean       | 75       |
|    ep_rew_mean       | -193     |
| time/                |          |
|    episodes          | 104      |
|    fps               | 2        |
|    time_elapsed      | 2931     |
|    total_timesteps   | 7800     |
| train/               |          |
|    actor_loss        | 38.7     |
|    critic_loss       | 2.68     |
|    ent_coef          | 0.0637   |
|    ent_coef_loss     | 1.68     |
|    learning_rate     | 0.0003   |
|    n_updates         | 58470    |
|    noise_critic_loss | 13.1     |
-----------------------------------
-----------------------------------
| rollout/             |          |
|    ep_len_mean       | 75       |
|    ep_rew_mean       | -186     |
| time/                |          |
|    episodes          | 108      |
|    fps               | 2        |
|    time_elapsed      | 3044     |
|    total_timesteps   | 8100     |
| train/               |          |
|    actor_loss        | 38.2     |
|    critic_loss       | 3.11     |
|    ent_coef          | 0.0628   |
|    ent_coef_loss     | -0.261   |
|    learning_rate     | 0.0003   |
|    n_updates         | 60720    |
|    noise_critic_loss | 12.7     |
-----------------------------------
-----------------------------------
| rollout/             |          |
|    ep_len_mean       | 75       |
|    ep_rew_mean       | -183     |
| time/                |          |
|    episodes          | 112      |
|    fps               | 2        |
|    time_elapsed      | 3158     |
|    total_timesteps   | 8400     |
| train/               |          |
|    actor_loss        | 37       |
|    critic_loss       | 2.37     |
|    ent_coef          | 0.0614   |
|    ent_coef_loss     | 0.517    |
|    learning_rate     | 0.0003   |
|    n_updates         | 62970    |
|    noise_critic_loss | 11.7     |
-----------------------------------
-----------------------------------
| rollout/             |          |
|    ep_len_mean       | 75       |
|    ep_rew_mean       | -180     |
| time/                |          |
|    episodes          | 116      |
|    fps               | 2        |
|    time_elapsed      | 3270     |
|    total_timesteps   | 8700     |
| train/               |          |
|    actor_loss        | 37.1     |
|    critic_loss       | 2.78     |
|    ent_coef          | 0.0598   |
|    ent_coef_loss     | -1.5     |
|    learning_rate     | 0.0003   |
|    n_updates         | 65220    |
|    noise_critic_loss | 10.5     |
-----------------------------------
-----------------------------------
| rollout/             |          |
|    ep_len_mean       | 75       |
|    ep_rew_mean       | -180     |
| time/                |          |
|    episodes          | 120      |
|    fps               | 2        |
|    time_elapsed      | 3382     |
|    total_timesteps   | 9000     |
| train/               |          |
|    actor_loss        | 36.4     |
|    critic_loss       | 2.25     |
|    ent_coef          | 0.058    |
|    ent_coef_loss     | -0.0224  |
|    learning_rate     | 0.0003   |
|    n_updates         | 67470    |
|    noise_critic_loss | 11       |
-----------------------------------
-----------------------------------
| rollout/             |          |
|    ep_len_mean       | 75       |
|    ep_rew_mean       | -180     |
| time/                |          |
|    episodes          | 124      |
|    fps               | 2        |
|    time_elapsed      | 3495     |
|    total_timesteps   | 9300     |
| train/               |          |
|    actor_loss        | 37.9     |
|    critic_loss       | 2.24     |
|    ent_coef          | 0.0564   |
|    ent_coef_loss     | 0.471    |
|    learning_rate     | 0.0003   |
|    n_updates         | 69720    |
|    noise_critic_loss | 10.9     |
-----------------------------------
-----------------------------------
| rollout/             |          |
|    ep_len_mean       | 75       |
|    ep_rew_mean       | -184     |
| time/                |          |
|    episodes          | 128      |
|    fps               | 2        |
|    time_elapsed      | 3607     |
|    total_timesteps   | 9600     |
| train/               |          |
|    actor_loss        | 39.2     |
|    critic_loss       | 2.45     |
|    ent_coef          | 0.0552   |
|    ent_coef_loss     | -0.113   |
|    learning_rate     | 0.0003   |
|    n_updates         | 71970    |
|    noise_critic_loss | 11.3     |
-----------------------------------
-----------------------------------
| rollout/             |          |
|    ep_len_mean       | 75       |
|    ep_rew_mean       | -184     |
| time/                |          |
|    episodes          | 132      |
|    fps               | 2        |
|    time_elapsed      | 3720     |
|    total_timesteps   | 9900     |
| train/               |          |
|    actor_loss        | 38.9     |
|    critic_loss       | 2.53     |
|    ent_coef          | 0.0568   |
|    ent_coef_loss     | 0.00135  |
|    learning_rate     | 0.0003   |
|    n_updates         | 74220    |
|    noise_critic_loss | 11.3     |
-----------------------------------
-----------------------------------
| rollout/             |          |
|    ep_len_mean       | 75       |
|    ep_rew_mean       | -186     |
| time/                |          |
|    episodes          | 136      |
|    fps               | 2        |
|    time_elapsed      | 3833     |
|    total_timesteps   | 10200    |
| train/               |          |
|    actor_loss        | 38.6     |
|    critic_loss       | 2.41     |
|    ent_coef          | 0.0574   |
|    ent_coef_loss     | 1.41     |
|    learning_rate     | 0.0003   |
|    n_updates         | 76470    |
|    noise_critic_loss | 11.4     |
-----------------------------------
-----------------------------------
| rollout/             |          |
|    ep_len_mean       | 75       |
|    ep_rew_mean       | -184     |
| time/                |          |
|    episodes          | 140      |
|    fps               | 2        |
|    time_elapsed      | 3945     |
|    total_timesteps   | 10500    |
| train/               |          |
|    actor_loss        | 38.6     |
|    critic_loss       | 2.42     |
|    ent_coef          | 0.0575   |
|    ent_coef_loss     | -2.03    |
|    learning_rate     | 0.0003   |
|    n_updates         | 78720    |
|    noise_critic_loss | 11.7     |
-----------------------------------
-----------------------------------
| rollout/             |          |
|    ep_len_mean       | 75       |
|    ep_rew_mean       | -183     |
| time/                |          |
|    episodes          | 144      |
|    fps               | 2        |
|    time_elapsed      | 4058     |
|    total_timesteps   | 10800    |
| train/               |          |
|    actor_loss        | 37.5     |
|    critic_loss       | 2.26     |
|    ent_coef          | 0.0571   |
|    ent_coef_loss     | 0.119    |
|    learning_rate     | 0.0003   |
|    n_updates         | 80970    |
|    noise_critic_loss | 10.4     |
-----------------------------------
-----------------------------------
| rollout/             |          |
|    ep_len_mean       | 75       |
|    ep_rew_mean       | -184     |
| time/                |          |
|    episodes          | 148      |
|    fps               | 2        |
|    time_elapsed      | 4170     |
|    total_timesteps   | 11100    |
| train/               |          |
|    actor_loss        | 37.1     |
|    critic_loss       | 2        |
|    ent_coef          | 0.0548   |
|    ent_coef_loss     | 0.108    |
|    learning_rate     | 0.0003   |
|    n_updates         | 83220    |
|    noise_critic_loss | 8.98     |
-----------------------------------
-----------------------------------
| rollout/             |          |
|    ep_len_mean       | 75       |
|    ep_rew_mean       | -182     |
| time/                |          |
|    episodes          | 152      |
|    fps               | 2        |
|    time_elapsed      | 4283     |
|    total_timesteps   | 11400    |
| train/               |          |
|    actor_loss        | 38.3     |
|    critic_loss       | 2.35     |
|    ent_coef          | 0.0534   |
|    ent_coef_loss     | 0.513    |
|    learning_rate     | 0.0003   |
|    n_updates         | 85470    |
|    noise_critic_loss | 9.74     |
-----------------------------------
-----------------------------------
| rollout/             |          |
|    ep_len_mean       | 75       |
|    ep_rew_mean       | -179     |
| time/                |          |
|    episodes          | 156      |
|    fps               | 2        |
|    time_elapsed      | 4397     |
|    total_timesteps   | 11700    |
| train/               |          |
|    actor_loss        | 38.5     |
|    critic_loss       | 2.12     |
|    ent_coef          | 0.0553   |
|    ent_coef_loss     | -0.462   |
|    learning_rate     | 0.0003   |
|    n_updates         | 87720    |
|    noise_critic_loss | 10.7     |
-----------------------------------
eval episode 0 at timestep 54004
eval episode 1 at timestep 54004
eval episode 2 at timestep 54004
eval episode 3 at timestep 54004
eval episode 4 at timestep 54004
eval episode 5 at timestep 54004
eval episode 6 at timestep 54004
eval episode 7 at timestep 54004
-----------------------------------
| rollout/             |          |
|    ep_len_mean       | 75       |
|    ep_rew_mean       | -177     |
| time/                |          |
|    episodes          | 160      |
|    fps               | 1        |
|    time_elapsed      | 6429     |
|    total_timesteps   | 12000    |
| train/               |          |
|    actor_loss        | 38.5     |
|    critic_loss       | 2.19     |
|    ent_coef          | 0.0546   |
|    ent_coef_loss     | 0.722    |
|    learning_rate     | 0.0003   |
|    n_updates         | 89970    |
|    noise_critic_loss | 12.5     |
-----------------------------------
-----------------------------------
| rollout/             |          |
|    ep_len_mean       | 75       |
|    ep_rew_mean       | -177     |
| time/                |          |
|    episodes          | 164      |
|    fps               | 1        |
|    time_elapsed      | 6544     |
|    total_timesteps   | 12300    |
| train/               |          |
|    actor_loss        | 39       |
|    critic_loss       | 2.25     |
|    ent_coef          | 0.0553   |
|    ent_coef_loss     | -0.635   |
|    learning_rate     | 0.0003   |
|    n_updates         | 92220    |
|    noise_critic_loss | 11       |
-----------------------------------
-----------------------------------
| rollout/             |          |
|    ep_len_mean       | 75       |
|    ep_rew_mean       | -177     |
| time/                |          |
|    episodes          | 168      |
|    fps               | 1        |
|    time_elapsed      | 6659     |
|    total_timesteps   | 12600    |
| train/               |          |
|    actor_loss        | 38.6     |
|    critic_loss       | 2.21     |
|    ent_coef          | 0.0561   |
|    ent_coef_loss     | -0.381   |
|    learning_rate     | 0.0003   |
|    n_updates         | 94470    |
|    noise_critic_loss | 11       |
-----------------------------------
-----------------------------------
| rollout/             |          |
|    ep_len_mean       | 75       |
|    ep_rew_mean       | -179     |
| time/                |          |
|    episodes          | 172      |
|    fps               | 1        |
|    time_elapsed      | 6776     |
|    total_timesteps   | 12900    |
| train/               |          |
|    actor_loss        | 37.9     |
|    critic_loss       | 2.24     |
|    ent_coef          | 0.0579   |
|    ent_coef_loss     | 0.364    |
|    learning_rate     | 0.0003   |
|    n_updates         | 96720    |
|    noise_critic_loss | 11.5     |
-----------------------------------
-----------------------------------
| rollout/             |          |
|    ep_len_mean       | 75       |
|    ep_rew_mean       | -178     |
| time/                |          |
|    episodes          | 176      |
|    fps               | 1        |
|    time_elapsed      | 6892     |
|    total_timesteps   | 13200    |
| train/               |          |
|    actor_loss        | 38.3     |
|    critic_loss       | 2.48     |
|    ent_coef          | 0.0555   |
|    ent_coef_loss     | 0.547    |
|    learning_rate     | 0.0003   |
|    n_updates         | 98970    |
|    noise_critic_loss | 10.3     |
-----------------------------------
-----------------------------------
| rollout/             |          |
|    ep_len_mean       | 75       |
|    ep_rew_mean       | -177     |
| time/                |          |
|    episodes          | 180      |
|    fps               | 1        |
|    time_elapsed      | 7007     |
|    total_timesteps   | 13500    |
| train/               |          |
|    actor_loss        | 38.3     |
|    critic_loss       | 2.26     |
|    ent_coef          | 0.0538   |
|    ent_coef_loss     | 0.523    |
|    learning_rate     | 0.0003   |
|    n_updates         | 101220   |
|    noise_critic_loss | 10.3     |
-----------------------------------
-----------------------------------
| rollout/             |          |
|    ep_len_mean       | 75       |
|    ep_rew_mean       | -175     |
| time/                |          |
|    episodes          | 184      |
|    fps               | 1        |
|    time_elapsed      | 7125     |
|    total_timesteps   | 13800    |
| train/               |          |
|    actor_loss        | 37.8     |
|    critic_loss       | 2.22     |
|    ent_coef          | 0.0542   |
|    ent_coef_loss     | 0.705    |
|    learning_rate     | 0.0003   |
|    n_updates         | 103470   |
|    noise_critic_loss | 10.1     |
-----------------------------------
-----------------------------------
| rollout/             |          |
|    ep_len_mean       | 75       |
|    ep_rew_mean       | -175     |
| time/                |          |
|    episodes          | 188      |
|    fps               | 1        |
|    time_elapsed      | 7242     |
|    total_timesteps   | 14100    |
| train/               |          |
|    actor_loss        | 37.8     |
|    critic_loss       | 2.51     |
|    ent_coef          | 0.0523   |
|    ent_coef_loss     | 0.0986   |
|    learning_rate     | 0.0003   |
|    n_updates         | 105720   |
|    noise_critic_loss | 10.4     |
-----------------------------------
-----------------------------------
| rollout/             |          |
|    ep_len_mean       | 75       |
|    ep_rew_mean       | -176     |
| time/                |          |
|    episodes          | 192      |
|    fps               | 1        |
|    time_elapsed      | 7360     |
|    total_timesteps   | 14400    |
| train/               |          |
|    actor_loss        | 38.3     |
|    critic_loss       | 2.13     |
|    ent_coef          | 0.0521   |
|    ent_coef_loss     | -0.853   |
|    learning_rate     | 0.0003   |
|    n_updates         | 107970   |
|    noise_critic_loss | 9.86     |
-----------------------------------
-----------------------------------
| rollout/             |          |
|    ep_len_mean       | 75       |
|    ep_rew_mean       | -177     |
| time/                |          |
|    episodes          | 196      |
|    fps               | 1        |
|    time_elapsed      | 7477     |
|    total_timesteps   | 14700    |
| train/               |          |
|    actor_loss        | 37.9     |
|    critic_loss       | 1.97     |
|    ent_coef          | 0.0519   |
|    ent_coef_loss     | 0.0118   |
|    learning_rate     | 0.0003   |
|    n_updates         | 110220   |
|    noise_critic_loss | 9.76     |
-----------------------------------
-----------------------------------
| rollout/             |          |
|    ep_len_mean       | 75       |
|    ep_rew_mean       | -174     |
| time/                |          |
|    episodes          | 200      |
|    fps               | 1        |
|    time_elapsed      | 7593     |
|    total_timesteps   | 15000    |
| train/               |          |
|    actor_loss        | 38.3     |
|    critic_loss       | 1.93     |
|    ent_coef          | 0.0519   |
|    ent_coef_loss     | -0.337   |
|    learning_rate     | 0.0003   |
|    n_updates         | 112470   |
|    noise_critic_loss | 8.77     |
-----------------------------------
-----------------------------------
| rollout/             |          |
|    ep_len_mean       | 75       |
|    ep_rew_mean       | -174     |
| time/                |          |
|    episodes          | 204      |
|    fps               | 1        |
|    time_elapsed      | 7710     |
|    total_timesteps   | 15300    |
| train/               |          |
|    actor_loss        | 38       |
|    critic_loss       | 2.01     |
|    ent_coef          | 0.0519   |
|    ent_coef_loss     | -0.234   |
|    learning_rate     | 0.0003   |
|    n_updates         | 114720   |
|    noise_critic_loss | 10.6     |
-----------------------------------
-----------------------------------
| rollout/             |          |
|    ep_len_mean       | 75       |
|    ep_rew_mean       | -175     |
| time/                |          |
|    episodes          | 208      |
|    fps               | 1        |
|    time_elapsed      | 7828     |
|    total_timesteps   | 15600    |
| train/               |          |
|    actor_loss        | 38.4     |
|    critic_loss       | 2.53     |
|    ent_coef          | 0.0533   |
|    ent_coef_loss     | 0.521    |
|    learning_rate     | 0.0003   |
|    n_updates         | 116970   |
|    noise_critic_loss | 10.8     |
-----------------------------------
-----------------------------------
| rollout/             |          |
|    ep_len_mean       | 75       |
|    ep_rew_mean       | -176     |
| time/                |          |
|    episodes          | 212      |
|    fps               | 2        |
|    time_elapsed      | 7946     |
|    total_timesteps   | 15900    |
| train/               |          |
|    actor_loss        | 38.2     |
|    critic_loss       | 2.54     |
|    ent_coef          | 0.0522   |
|    ent_coef_loss     | 0.965    |
|    learning_rate     | 0.0003   |
|    n_updates         | 119220   |
|    noise_critic_loss | 10.1     |
-----------------------------------
-----------------------------------
| rollout/             |          |
|    ep_len_mean       | 75       |
|    ep_rew_mean       | -175     |
| time/                |          |
|    episodes          | 216      |
|    fps               | 2        |
|    time_elapsed      | 8065     |
|    total_timesteps   | 16200    |
| train/               |          |
|    actor_loss        | 37.7     |
|    critic_loss       | 3.27     |
|    ent_coef          | 0.0504   |
|    ent_coef_loss     | -0.109   |
|    learning_rate     | 0.0003   |
|    n_updates         | 121470   |
|    noise_critic_loss | 10.3     |
-----------------------------------
-----------------------------------
| rollout/             |          |
|    ep_len_mean       | 75       |
|    ep_rew_mean       | -174     |
| time/                |          |
|    episodes          | 220      |
|    fps               | 2        |
|    time_elapsed      | 8184     |
|    total_timesteps   | 16500    |
| train/               |          |
|    actor_loss        | 37.3     |
|    critic_loss       | 2.22     |
|    ent_coef          | 0.051    |
|    ent_coef_loss     | 0.853    |
|    learning_rate     | 0.0003   |
|    n_updates         | 123720   |
|    noise_critic_loss | 10.3     |
-----------------------------------
-----------------------------------
| rollout/             |          |
|    ep_len_mean       | 75       |
|    ep_rew_mean       | -168     |
| time/                |          |
|    episodes          | 224      |
|    fps               | 2        |
|    time_elapsed      | 8304     |
|    total_timesteps   | 16800    |
| train/               |          |
|    actor_loss        | 36.8     |
|    critic_loss       | 2.75     |
|    ent_coef          | 0.051    |
|    ent_coef_loss     | -0.329   |
|    learning_rate     | 0.0003   |
|    n_updates         | 125970   |
|    noise_critic_loss | 9.88     |
-----------------------------------
-----------------------------------
| rollout/             |          |
|    ep_len_mean       | 75       |
|    ep_rew_mean       | -164     |
| time/                |          |
|    episodes          | 228      |
|    fps               | 2        |
|    time_elapsed      | 8417     |
|    total_timesteps   | 17100    |
| train/               |          |
|    actor_loss        | 36.2     |
|    critic_loss       | 2.7      |
|    ent_coef          | 0.0509   |
|    ent_coef_loss     | -0.269   |
|    learning_rate     | 0.0003   |
|    n_updates         | 128220   |
|    noise_critic_loss | 10.6     |
-----------------------------------
-----------------------------------
| rollout/             |          |
|    ep_len_mean       | 75       |
|    ep_rew_mean       | -162     |
| time/                |          |
|    episodes          | 232      |
|    fps               | 2        |
|    time_elapsed      | 8530     |
|    total_timesteps   | 17400    |
| train/               |          |
|    actor_loss        | 35.2     |
|    critic_loss       | 2.49     |
|    ent_coef          | 0.052    |
|    ent_coef_loss     | 0.454    |
|    learning_rate     | 0.0003   |
|    n_updates         | 130470   |
|    noise_critic_loss | 11.4     |
-----------------------------------
-----------------------------------
| rollout/             |          |
|    ep_len_mean       | 75       |
|    ep_rew_mean       | -158     |
| time/                |          |
|    episodes          | 236      |
|    fps               | 2        |
|    time_elapsed      | 8643     |
|    total_timesteps   | 17700    |
| train/               |          |
|    actor_loss        | 34.3     |
|    critic_loss       | 2.26     |
|    ent_coef          | 0.0506   |
|    ent_coef_loss     | 0.377    |
|    learning_rate     | 0.0003   |
|    n_updates         | 132720   |
|    noise_critic_loss | 9.27     |
-----------------------------------
-----------------------------------
| rollout/             |          |
|    ep_len_mean       | 75       |
|    ep_rew_mean       | -156     |
| time/                |          |
|    episodes          | 240      |
|    fps               | 2        |
|    time_elapsed      | 8756     |
|    total_timesteps   | 18000    |
| train/               |          |
|    actor_loss        | 34.5     |
|    critic_loss       | 2.23     |
|    ent_coef          | 0.0505   |
|    ent_coef_loss     | 0.13     |
|    learning_rate     | 0.0003   |
|    n_updates         | 134970   |
|    noise_critic_loss | 10.9     |
-----------------------------------
-----------------------------------
| rollout/             |          |
|    ep_len_mean       | 75       |
|    ep_rew_mean       | -157     |
| time/                |          |
|    episodes          | 244      |
|    fps               | 2        |
|    time_elapsed      | 8869     |
|    total_timesteps   | 18300    |
| train/               |          |
|    actor_loss        | 33.9     |
|    critic_loss       | 2.25     |
|    ent_coef          | 0.051    |
|    ent_coef_loss     | -0.0469  |
|    learning_rate     | 0.0003   |
|    n_updates         | 137220   |
|    noise_critic_loss | 9.36     |
-----------------------------------
-----------------------------------
| rollout/             |          |
|    ep_len_mean       | 75       |
|    ep_rew_mean       | -156     |
| time/                |          |
|    episodes          | 248      |
|    fps               | 2        |
|    time_elapsed      | 8981     |
|    total_timesteps   | 18600    |
| train/               |          |
|    actor_loss        | 33.5     |
|    critic_loss       | 2.14     |
|    ent_coef          | 0.0499   |
|    ent_coef_loss     | -0.787   |
|    learning_rate     | 0.0003   |
|    n_updates         | 139470   |
|    noise_critic_loss | 10       |
-----------------------------------
-----------------------------------
| rollout/             |          |
|    ep_len_mean       | 75       |
|    ep_rew_mean       | -156     |
| time/                |          |
|    episodes          | 252      |
|    fps               | 2        |
|    time_elapsed      | 9094     |
|    total_timesteps   | 18900    |
| train/               |          |
|    actor_loss        | 33.3     |
|    critic_loss       | 2.09     |
|    ent_coef          | 0.049    |
|    ent_coef_loss     | 0.779    |
|    learning_rate     | 0.0003   |
|    n_updates         | 141720   |
|    noise_critic_loss | 10.2     |
-----------------------------------
-----------------------------------
| rollout/             |          |
|    ep_len_mean       | 75       |
|    ep_rew_mean       | -158     |
| time/                |          |
|    episodes          | 256      |
|    fps               | 2        |
|    time_elapsed      | 9206     |
|    total_timesteps   | 19200    |
| train/               |          |
|    actor_loss        | 33.9     |
|    critic_loss       | 2.44     |
|    ent_coef          | 0.0489   |
|    ent_coef_loss     | -0.279   |
|    learning_rate     | 0.0003   |
|    n_updates         | 143970   |
|    noise_critic_loss | 10.4     |
-----------------------------------
-----------------------------------
| rollout/             |          |
|    ep_len_mean       | 75       |
|    ep_rew_mean       | -160     |
| time/                |          |
|    episodes          | 260      |
|    fps               | 2        |
|    time_elapsed      | 9319     |
|    total_timesteps   | 19500    |
| train/               |          |
|    actor_loss        | 34.7     |
|    critic_loss       | 2.68     |
|    ent_coef          | 0.0498   |
|    ent_coef_loss     | 1.32     |
|    learning_rate     | 0.0003   |
|    n_updates         | 146220   |
|    noise_critic_loss | 11.3     |
-----------------------------------
-----------------------------------
| rollout/             |          |
|    ep_len_mean       | 75       |
|    ep_rew_mean       | -159     |
| time/                |          |
|    episodes          | 264      |
|    fps               | 2        |
|    time_elapsed      | 9431     |
|    total_timesteps   | 19800    |
| train/               |          |
|    actor_loss        | 34.9     |
|    critic_loss       | 2.11     |
|    ent_coef          | 0.051    |
|    ent_coef_loss     | -0.604   |
|    learning_rate     | 0.0003   |
|    n_updates         | 148470   |
|    noise_critic_loss | 10.6     |
-----------------------------------
-----------------------------------
| rollout/             |          |
|    ep_len_mean       | 75       |
|    ep_rew_mean       | -158     |
| time/                |          |
|    episodes          | 268      |
|    fps               | 2        |
|    time_elapsed      | 9543     |
|    total_timesteps   | 20100    |
| train/               |          |
|    actor_loss        | 35       |
|    critic_loss       | 2.21     |
|    ent_coef          | 0.0499   |
|    ent_coef_loss     | 0.0204   |
|    learning_rate     | 0.0003   |
|    n_updates         | 150720   |
|    noise_critic_loss | 10.5     |
-----------------------------------
-----------------------------------
| rollout/             |          |
|    ep_len_mean       | 75       |
|    ep_rew_mean       | -158     |
| time/                |          |
|    episodes          | 272      |
|    fps               | 2        |
|    time_elapsed      | 9655     |
|    total_timesteps   | 20400    |
| train/               |          |
|    actor_loss        | 35.4     |
|    critic_loss       | 3.02     |
|    ent_coef          | 0.0495   |
|    ent_coef_loss     | 0.145    |
|    learning_rate     | 0.0003   |
|    n_updates         | 152970   |
|    noise_critic_loss | 11.2     |
-----------------------------------
-----------------------------------
| rollout/             |          |
|    ep_len_mean       | 75       |
|    ep_rew_mean       | -158     |
| time/                |          |
|    episodes          | 276      |
|    fps               | 2        |
|    time_elapsed      | 9768     |
|    total_timesteps   | 20700    |
| train/               |          |
|    actor_loss        | 36.4     |
|    critic_loss       | 2.21     |
|    ent_coef          | 0.0499   |
|    ent_coef_loss     | -0.224   |
|    learning_rate     | 0.0003   |
|    n_updates         | 155220   |
|    noise_critic_loss | 11.4     |
-----------------------------------
-----------------------------------
| rollout/             |          |
|    ep_len_mean       | 75       |
|    ep_rew_mean       | -159     |
| time/                |          |
|    episodes          | 280      |
|    fps               | 2        |
|    time_elapsed      | 9880     |
|    total_timesteps   | 21000    |
| train/               |          |
|    actor_loss        | 36.6     |
|    critic_loss       | 3.1      |
|    ent_coef          | 0.0503   |
|    ent_coef_loss     | -1.07    |
|    learning_rate     | 0.0003   |
|    n_updates         | 157470   |
|    noise_critic_loss | 13.2     |
-----------------------------------
-----------------------------------
| rollout/             |          |
|    ep_len_mean       | 75       |
|    ep_rew_mean       | -160     |
| time/                |          |
|    episodes          | 284      |
|    fps               | 2        |
|    time_elapsed      | 9992     |
|    total_timesteps   | 21300    |
| train/               |          |
|    actor_loss        | 37.1     |
|    critic_loss       | 2.47     |
|    ent_coef          | 0.0507   |
|    ent_coef_loss     | 0.445    |
|    learning_rate     | 0.0003   |
|    n_updates         | 159720   |
|    noise_critic_loss | 11.5     |
-----------------------------------
-----------------------------------
| rollout/             |          |
|    ep_len_mean       | 75       |
|    ep_rew_mean       | -156     |
| time/                |          |
|    episodes          | 288      |
|    fps               | 2        |
|    time_elapsed      | 10106    |
|    total_timesteps   | 21600    |
| train/               |          |
|    actor_loss        | 36.6     |
|    critic_loss       | 1.98     |
|    ent_coef          | 0.0499   |
|    ent_coef_loss     | -0.0972  |
|    learning_rate     | 0.0003   |
|    n_updates         | 161970   |
|    noise_critic_loss | 10.1     |
-----------------------------------
-----------------------------------
| rollout/             |          |
|    ep_len_mean       | 75       |
|    ep_rew_mean       | -156     |
| time/                |          |
|    episodes          | 292      |
|    fps               | 2        |
|    time_elapsed      | 10217    |
|    total_timesteps   | 21900    |
| train/               |          |
|    actor_loss        | 38       |
|    critic_loss       | 1.95     |
|    ent_coef          | 0.0494   |
|    ent_coef_loss     | 0.654    |
|    learning_rate     | 0.0003   |
|    n_updates         | 164220   |
|    noise_critic_loss | 10.8     |
-----------------------------------
-----------------------------------
| rollout/             |          |
|    ep_len_mean       | 75       |
|    ep_rew_mean       | -159     |
| time/                |          |
|    episodes          | 296      |
|    fps               | 2        |
|    time_elapsed      | 10330    |
|    total_timesteps   | 22200    |
| train/               |          |
|    actor_loss        | 37.3     |
|    critic_loss       | 2.45     |
|    ent_coef          | 0.0508   |
|    ent_coef_loss     | -0.396   |
|    learning_rate     | 0.0003   |
|    n_updates         | 166470   |
|    noise_critic_loss | 10.6     |
-----------------------------------
-----------------------------------
| rollout/             |          |
|    ep_len_mean       | 75       |
|    ep_rew_mean       | -158     |
| time/                |          |
|    episodes          | 300      |
|    fps               | 2        |
|    time_elapsed      | 10444    |
|    total_timesteps   | 22500    |
| train/               |          |
|    actor_loss        | 37.8     |
|    critic_loss       | 2.06     |
|    ent_coef          | 0.0501   |
|    ent_coef_loss     | 0.773    |
|    learning_rate     | 0.0003   |
|    n_updates         | 168720   |
|    noise_critic_loss | 11.3     |
-----------------------------------
-----------------------------------
| rollout/             |          |
|    ep_len_mean       | 75       |
|    ep_rew_mean       | -158     |
| time/                |          |
|    episodes          | 304      |
|    fps               | 2        |
|    time_elapsed      | 10556    |
|    total_timesteps   | 22800    |
| train/               |          |
|    actor_loss        | 37.9     |
|    critic_loss       | 2.55     |
|    ent_coef          | 0.0499   |
|    ent_coef_loss     | 0.307    |
|    learning_rate     | 0.0003   |
|    n_updates         | 170970   |
|    noise_critic_loss | 9.89     |
-----------------------------------
-----------------------------------
| rollout/             |          |
|    ep_len_mean       | 75       |
|    ep_rew_mean       | -159     |
| time/                |          |
|    episodes          | 308      |
|    fps               | 2        |
|    time_elapsed      | 10669    |
|    total_timesteps   | 23100    |
| train/               |          |
|    actor_loss        | 37.4     |
|    critic_loss       | 2.42     |
|    ent_coef          | 0.0494   |
|    ent_coef_loss     | 0.231    |
|    learning_rate     | 0.0003   |
|    n_updates         | 173220   |
|    noise_critic_loss | 10.1     |
-----------------------------------
-----------------------------------
| rollout/             |          |
|    ep_len_mean       | 75       |
|    ep_rew_mean       | -159     |
| time/                |          |
|    episodes          | 312      |
|    fps               | 2        |
|    time_elapsed      | 10781    |
|    total_timesteps   | 23400    |
| train/               |          |
|    actor_loss        | 37.6     |
|    critic_loss       | 2.36     |
|    ent_coef          | 0.0497   |
|    ent_coef_loss     | -0.722   |
|    learning_rate     | 0.0003   |
|    n_updates         | 175470   |
|    noise_critic_loss | 9.96     |
-----------------------------------
-----------------------------------
| rollout/             |          |
|    ep_len_mean       | 75       |
|    ep_rew_mean       | -162     |
| time/                |          |
|    episodes          | 316      |
|    fps               | 2        |
|    time_elapsed      | 10894    |
|    total_timesteps   | 23700    |
| train/               |          |
|    actor_loss        | 37.9     |
|    critic_loss       | 2.13     |
|    ent_coef          | 0.0502   |
|    ent_coef_loss     | 0.0314   |
|    learning_rate     | 0.0003   |
|    n_updates         | 177720   |
|    noise_critic_loss | 11.7     |
-----------------------------------
eval episode 0 at timestep 102004
eval episode 1 at timestep 102004
eval episode 2 at timestep 102004
eval episode 3 at timestep 102004
eval episode 4 at timestep 102004
eval episode 5 at timestep 102004
eval episode 6 at timestep 102004
eval episode 7 at timestep 102004
-----------------------------------
| rollout/             |          |
|    ep_len_mean       | 75       |
|    ep_rew_mean       | -163     |
| time/                |          |
|    episodes          | 320      |
|    fps               | 1        |
|    time_elapsed      | 12895    |
|    total_timesteps   | 24000    |
| train/               |          |
|    actor_loss        | 38       |
|    critic_loss       | 2.4      |
|    ent_coef          | 0.0487   |
|    ent_coef_loss     | -0.289   |
|    learning_rate     | 0.0003   |
|    n_updates         | 179970   |
|    noise_critic_loss | 11.6     |
-----------------------------------
-----------------------------------
| rollout/             |          |
|    ep_len_mean       | 75       |
|    ep_rew_mean       | -164     |
| time/                |          |
|    episodes          | 324      |
|    fps               | 1        |
|    time_elapsed      | 13008    |
|    total_timesteps   | 24300    |
| train/               |          |
|    actor_loss        | 38.2     |
|    critic_loss       | 2.38     |
|    ent_coef          | 0.0483   |
|    ent_coef_loss     | 0.89     |
|    learning_rate     | 0.0003   |
|    n_updates         | 182220   |
|    noise_critic_loss | 11.1     |
-----------------------------------
-----------------------------------
| rollout/             |          |
|    ep_len_mean       | 75       |
|    ep_rew_mean       | -167     |
| time/                |          |
|    episodes          | 328      |
|    fps               | 1        |
|    time_elapsed      | 13121    |
|    total_timesteps   | 24600    |
| train/               |          |
|    actor_loss        | 38.5     |
|    critic_loss       | 2.22     |
|    ent_coef          | 0.0497   |
|    ent_coef_loss     | -0.986   |
|    learning_rate     | 0.0003   |
|    n_updates         | 184470   |
|    noise_critic_loss | 11.4     |
-----------------------------------
-----------------------------------
| rollout/             |          |
|    ep_len_mean       | 75       |
|    ep_rew_mean       | -168     |
| time/                |          |
|    episodes          | 332      |
|    fps               | 1        |
|    time_elapsed      | 13234    |
|    total_timesteps   | 24900    |
| train/               |          |
|    actor_loss        | 38.7     |
|    critic_loss       | 2.17     |
|    ent_coef          | 0.0499   |
|    ent_coef_loss     | -0.773   |
|    learning_rate     | 0.0003   |
|    n_updates         | 186720   |
|    noise_critic_loss | 11.5     |
-----------------------------------
-----------------------------------
| rollout/             |          |
|    ep_len_mean       | 75       |
|    ep_rew_mean       | -166     |
| time/                |          |
|    episodes          | 336      |
|    fps               | 1        |
|    time_elapsed      | 13345    |
|    total_timesteps   | 25200    |
| train/               |          |
|    actor_loss        | 39       |
|    critic_loss       | 2.24     |
|    ent_coef          | 0.0492   |
|    ent_coef_loss     | 0.676    |
|    learning_rate     | 0.0003   |
|    n_updates         | 188970   |
|    noise_critic_loss | 10.6     |
-----------------------------------
-----------------------------------
| rollout/             |          |
|    ep_len_mean       | 75       |
|    ep_rew_mean       | -167     |
| time/                |          |
|    episodes          | 340      |
|    fps               | 1        |
|    time_elapsed      | 13458    |
|    total_timesteps   | 25500    |
| train/               |          |
|    actor_loss        | 39.3     |
|    critic_loss       | 2.45     |
|    ent_coef          | 0.0496   |
|    ent_coef_loss     | -0.0152  |
|    learning_rate     | 0.0003   |
|    n_updates         | 191220   |
|    noise_critic_loss | 11.1     |
-----------------------------------
-----------------------------------
| rollout/             |          |
|    ep_len_mean       | 75       |
|    ep_rew_mean       | -170     |
| time/                |          |
|    episodes          | 344      |
|    fps               | 1        |
|    time_elapsed      | 13572    |
|    total_timesteps   | 25800    |
| train/               |          |
|    actor_loss        | 39.3     |
|    critic_loss       | 2.54     |
|    ent_coef          | 0.0499   |
|    ent_coef_loss     | 0.478    |
|    learning_rate     | 0.0003   |
|    n_updates         | 193470   |
|    noise_critic_loss | 10.8     |
-----------------------------------
-----------------------------------
| rollout/             |          |
|    ep_len_mean       | 75       |
|    ep_rew_mean       | -174     |
| time/                |          |
|    episodes          | 348      |
|    fps               | 1        |
|    time_elapsed      | 13684    |
|    total_timesteps   | 26100    |
| train/               |          |
|    actor_loss        | 39.5     |
|    critic_loss       | 2.32     |
|    ent_coef          | 0.0498   |
|    ent_coef_loss     | 0.769    |
|    learning_rate     | 0.0003   |
|    n_updates         | 195720   |
|    noise_critic_loss | 11.7     |
-----------------------------------
-----------------------------------
| rollout/             |          |
|    ep_len_mean       | 75       |
|    ep_rew_mean       | -173     |
| time/                |          |
|    episodes          | 352      |
|    fps               | 1        |
|    time_elapsed      | 13797    |
|    total_timesteps   | 26400    |
| train/               |          |
|    actor_loss        | 39.7     |
|    critic_loss       | 2.4      |
|    ent_coef          | 0.0496   |
|    ent_coef_loss     | -0.417   |
|    learning_rate     | 0.0003   |
|    n_updates         | 197970   |
|    noise_critic_loss | 11.4     |
-----------------------------------
-----------------------------------
| rollout/             |          |
|    ep_len_mean       | 75       |
|    ep_rew_mean       | -169     |
| time/                |          |
|    episodes          | 356      |
|    fps               | 1        |
|    time_elapsed      | 13909    |
|    total_timesteps   | 26700    |
| train/               |          |
|    actor_loss        | 39.5     |
|    critic_loss       | 2.24     |
|    ent_coef          | 0.0496   |
|    ent_coef_loss     | 0.265    |
|    learning_rate     | 0.0003   |
|    n_updates         | 200220   |
|    noise_critic_loss | 10.2     |
-----------------------------------
-----------------------------------
| rollout/             |          |
|    ep_len_mean       | 75       |
|    ep_rew_mean       | -169     |
| time/                |          |
|    episodes          | 360      |
|    fps               | 1        |
|    time_elapsed      | 14022    |
|    total_timesteps   | 27000    |
| train/               |          |
|    actor_loss        | 39.5     |
|    critic_loss       | 2.55     |
|    ent_coef          | 0.0491   |
|    ent_coef_loss     | -0.723   |
|    learning_rate     | 0.0003   |
|    n_updates         | 202470   |
|    noise_critic_loss | 11.3     |
-----------------------------------
-----------------------------------
| rollout/             |          |
|    ep_len_mean       | 75       |
|    ep_rew_mean       | -170     |
| time/                |          |
|    episodes          | 364      |
|    fps               | 1        |
|    time_elapsed      | 14135    |
|    total_timesteps   | 27300    |
| train/               |          |
|    actor_loss        | 39.4     |
|    critic_loss       | 2.06     |
|    ent_coef          | 0.0497   |
|    ent_coef_loss     | 0.436    |
|    learning_rate     | 0.0003   |
|    n_updates         | 204720   |
|    noise_critic_loss | 10.8     |
-----------------------------------
-----------------------------------
| rollout/             |          |
|    ep_len_mean       | 75       |
|    ep_rew_mean       | -169     |
| time/                |          |
|    episodes          | 368      |
|    fps               | 1        |
|    time_elapsed      | 14247    |
|    total_timesteps   | 27600    |
| train/               |          |
|    actor_loss        | 39.4     |
|    critic_loss       | 2.38     |
|    ent_coef          | 0.0496   |
|    ent_coef_loss     | 0.963    |
|    learning_rate     | 0.0003   |
|    n_updates         | 206970   |
|    noise_critic_loss | 9.93     |
-----------------------------------
-----------------------------------
| rollout/             |          |
|    ep_len_mean       | 75       |
|    ep_rew_mean       | -169     |
| time/                |          |
|    episodes          | 372      |
|    fps               | 1        |
|    time_elapsed      | 14360    |
|    total_timesteps   | 27900    |
| train/               |          |
|    actor_loss        | 39.8     |
|    critic_loss       | 2.21     |
|    ent_coef          | 0.0492   |
|    ent_coef_loss     | 0.319    |
|    learning_rate     | 0.0003   |
|    n_updates         | 209220   |
|    noise_critic_loss | 10.4     |
-----------------------------------
-----------------------------------
| rollout/             |          |
|    ep_len_mean       | 75       |
|    ep_rew_mean       | -170     |
| time/                |          |
|    episodes          | 376      |
|    fps               | 1        |
|    time_elapsed      | 14473    |
|    total_timesteps   | 28200    |
| train/               |          |
|    actor_loss        | 40.2     |
|    critic_loss       | 2.3      |
|    ent_coef          | 0.0508   |
|    ent_coef_loss     | -1.01    |
|    learning_rate     | 0.0003   |
|    n_updates         | 211470   |
|    noise_critic_loss | 10.5     |
-----------------------------------
-----------------------------------
| rollout/             |          |
|    ep_len_mean       | 75       |
|    ep_rew_mean       | -169     |
| time/                |          |
|    episodes          | 380      |
|    fps               | 1        |
|    time_elapsed      | 14586    |
|    total_timesteps   | 28500    |
| train/               |          |
|    actor_loss        | 40.7     |
|    critic_loss       | 2.42     |
|    ent_coef          | 0.051    |
|    ent_coef_loss     | -0.217   |
|    learning_rate     | 0.0003   |
|    n_updates         | 213720   |
|    noise_critic_loss | 12.6     |
-----------------------------------
-----------------------------------
| rollout/             |          |
|    ep_len_mean       | 75       |
|    ep_rew_mean       | -167     |
| time/                |          |
|    episodes          | 384      |
|    fps               | 1        |
|    time_elapsed      | 14700    |
|    total_timesteps   | 28800    |
| train/               |          |
|    actor_loss        | 39.9     |
|    critic_loss       | 2.49     |
|    ent_coef          | 0.0513   |
|    ent_coef_loss     | 1.53     |
|    learning_rate     | 0.0003   |
|    n_updates         | 215970   |
|    noise_critic_loss | 11.4     |
-----------------------------------
-----------------------------------
| rollout/             |          |
|    ep_len_mean       | 75       |
|    ep_rew_mean       | -170     |
| time/                |          |
|    episodes          | 388      |
|    fps               | 1        |
|    time_elapsed      | 14813    |
|    total_timesteps   | 29100    |
| train/               |          |
|    actor_loss        | 39.5     |
|    critic_loss       | 2.44     |
|    ent_coef          | 0.0504   |
|    ent_coef_loss     | -0.223   |
|    learning_rate     | 0.0003   |
|    n_updates         | 218220   |
|    noise_critic_loss | 12       |
-----------------------------------
-----------------------------------
| rollout/             |          |
|    ep_len_mean       | 75       |
|    ep_rew_mean       | -168     |
| time/                |          |
|    episodes          | 392      |
|    fps               | 1        |
|    time_elapsed      | 14927    |
|    total_timesteps   | 29400    |
| train/               |          |
|    actor_loss        | 39       |
|    critic_loss       | 2.37     |
|    ent_coef          | 0.05     |
|    ent_coef_loss     | 0.278    |
|    learning_rate     | 0.0003   |
|    n_updates         | 220470   |
|    noise_critic_loss | 12.5     |
-----------------------------------
-----------------------------------
| rollout/             |          |
|    ep_len_mean       | 75       |
|    ep_rew_mean       | -169     |
| time/                |          |
|    episodes          | 396      |
|    fps               | 1        |
|    time_elapsed      | 15041    |
|    total_timesteps   | 29700    |
| train/               |          |
|    actor_loss        | 39.5     |
|    critic_loss       | 2.33     |
|    ent_coef          | 0.0498   |
|    ent_coef_loss     | -0.74    |
|    learning_rate     | 0.0003   |
|    n_updates         | 222720   |
|    noise_critic_loss | 11.5     |
-----------------------------------
-----------------------------------
| rollout/             |          |
|    ep_len_mean       | 75       |
|    ep_rew_mean       | -170     |
| time/                |          |
|    episodes          | 400      |
|    fps               | 1        |
|    time_elapsed      | 15155    |
|    total_timesteps   | 30000    |
| train/               |          |
|    actor_loss        | 40.5     |
|    critic_loss       | 2.37     |
|    ent_coef          | 0.0496   |
|    ent_coef_loss     | 0.371    |
|    learning_rate     | 0.0003   |
|    n_updates         | 224970   |
|    noise_critic_loss | 11.8     |
-----------------------------------
-----------------------------------
| rollout/             |          |
|    ep_len_mean       | 75       |
|    ep_rew_mean       | -169     |
| time/                |          |
|    episodes          | 404      |
|    fps               | 1        |
|    time_elapsed      | 15270    |
|    total_timesteps   | 30300    |
| train/               |          |
|    actor_loss        | 39.4     |
|    critic_loss       | 2.54     |
|    ent_coef          | 0.0497   |
|    ent_coef_loss     | 1.12     |
|    learning_rate     | 0.0003   |
|    n_updates         | 227220   |
|    noise_critic_loss | 11.8     |
-----------------------------------
-----------------------------------
| rollout/             |          |
|    ep_len_mean       | 75       |
|    ep_rew_mean       | -168     |
| time/                |          |
|    episodes          | 408      |
|    fps               | 1        |
|    time_elapsed      | 15385    |
|    total_timesteps   | 30600    |
| train/               |          |
|    actor_loss        | 39.5     |
|    critic_loss       | 2.42     |
|    ent_coef          | 0.0487   |
|    ent_coef_loss     | -1.25    |
|    learning_rate     | 0.0003   |
|    n_updates         | 229470   |
|    noise_critic_loss | 12.3     |
-----------------------------------
-----------------------------------
| rollout/             |          |
|    ep_len_mean       | 75       |
|    ep_rew_mean       | -166     |
| time/                |          |
|    episodes          | 412      |
|    fps               | 1        |
|    time_elapsed      | 15499    |
|    total_timesteps   | 30900    |
| train/               |          |
|    actor_loss        | 39.9     |
|    critic_loss       | 2.62     |
|    ent_coef          | 0.0488   |
|    ent_coef_loss     | -0.86    |
|    learning_rate     | 0.0003   |
|    n_updates         | 231720   |
|    noise_critic_loss | 11.5     |
-----------------------------------
-----------------------------------
| rollout/             |          |
|    ep_len_mean       | 75       |
|    ep_rew_mean       | -165     |
| time/                |          |
|    episodes          | 416      |
|    fps               | 1        |
|    time_elapsed      | 15614    |
|    total_timesteps   | 31200    |
| train/               |          |
|    actor_loss        | 40.1     |
|    critic_loss       | 2.36     |
|    ent_coef          | 0.0497   |
|    ent_coef_loss     | -0.0413  |
|    learning_rate     | 0.0003   |
|    n_updates         | 233970   |
|    noise_critic_loss | 11.5     |
-----------------------------------
-----------------------------------
| rollout/             |          |
|    ep_len_mean       | 75       |
|    ep_rew_mean       | -164     |
| time/                |          |
|    episodes          | 420      |
|    fps               | 2        |
|    time_elapsed      | 15730    |
|    total_timesteps   | 31500    |
| train/               |          |
|    actor_loss        | 39.7     |
|    critic_loss       | 2.39     |
|    ent_coef          | 0.0486   |
|    ent_coef_loss     | 0.171    |
|    learning_rate     | 0.0003   |
|    n_updates         | 236220   |
|    noise_critic_loss | 11.3     |
-----------------------------------
-----------------------------------
| rollout/             |          |
|    ep_len_mean       | 75       |
|    ep_rew_mean       | -164     |
| time/                |          |
|    episodes          | 424      |
|    fps               | 2        |
|    time_elapsed      | 15845    |
|    total_timesteps   | 31800    |
| train/               |          |
|    actor_loss        | 40       |
|    critic_loss       | 2.54     |
|    ent_coef          | 0.0493   |
|    ent_coef_loss     | 0.18     |
|    learning_rate     | 0.0003   |
|    n_updates         | 238470   |
|    noise_critic_loss | 10.2     |
-----------------------------------
-----------------------------------
| rollout/             |          |
|    ep_len_mean       | 75       |
|    ep_rew_mean       | -161     |
| time/                |          |
|    episodes          | 428      |
|    fps               | 2        |
|    time_elapsed      | 15961    |
|    total_timesteps   | 32100    |
| train/               |          |
|    actor_loss        | 40.3     |
|    critic_loss       | 2.39     |
|    ent_coef          | 0.0489   |
|    ent_coef_loss     | 0.633    |
|    learning_rate     | 0.0003   |
|    n_updates         | 240720   |
|    noise_critic_loss | 10.9     |
-----------------------------------
-----------------------------------
| rollout/             |          |
|    ep_len_mean       | 75       |
|    ep_rew_mean       | -161     |
| time/                |          |
|    episodes          | 432      |
|    fps               | 2        |
|    time_elapsed      | 16077    |
|    total_timesteps   | 32400    |
| train/               |          |
|    actor_loss        | 40.7     |
|    critic_loss       | 2.49     |
|    ent_coef          | 0.0497   |
|    ent_coef_loss     | 0.853    |
|    learning_rate     | 0.0003   |
|    n_updates         | 242970   |
|    noise_critic_loss | 11.2     |
-----------------------------------
-----------------------------------
| rollout/             |          |
|    ep_len_mean       | 75       |
|    ep_rew_mean       | -162     |
| time/                |          |
|    episodes          | 436      |
|    fps               | 2        |
|    time_elapsed      | 16194    |
|    total_timesteps   | 32700    |
| train/               |          |
|    actor_loss        | 40.3     |
|    critic_loss       | 2.59     |
|    ent_coef          | 0.0489   |
|    ent_coef_loss     | -0.333   |
|    learning_rate     | 0.0003   |
|    n_updates         | 245220   |
|    noise_critic_loss | 12.3     |
-----------------------------------
-----------------------------------
| rollout/             |          |
|    ep_len_mean       | 75       |
|    ep_rew_mean       | -161     |
| time/                |          |
|    episodes          | 440      |
|    fps               | 2        |
|    time_elapsed      | 16311    |
|    total_timesteps   | 33000    |
| train/               |          |
|    actor_loss        | 40.6     |
|    critic_loss       | 2.71     |
|    ent_coef          | 0.0488   |
|    ent_coef_loss     | 0.34     |
|    learning_rate     | 0.0003   |
|    n_updates         | 247470   |
|    noise_critic_loss | 11.4     |
-----------------------------------
-----------------------------------
| rollout/             |          |
|    ep_len_mean       | 75       |
|    ep_rew_mean       | -159     |
| time/                |          |
|    episodes          | 444      |
|    fps               | 2        |
|    time_elapsed      | 16428    |
|    total_timesteps   | 33300    |
| train/               |          |
|    actor_loss        | 40.3     |
|    critic_loss       | 2.67     |
|    ent_coef          | 0.0492   |
|    ent_coef_loss     | -0.59    |
|    learning_rate     | 0.0003   |
|    n_updates         | 249720   |
|    noise_critic_loss | 11.6     |
-----------------------------------
-----------------------------------
| rollout/             |          |
|    ep_len_mean       | 75       |
|    ep_rew_mean       | -157     |
| time/                |          |
|    episodes          | 448      |
|    fps               | 2        |
|    time_elapsed      | 16544    |
|    total_timesteps   | 33600    |
| train/               |          |
|    actor_loss        | 40.7     |
|    critic_loss       | 2.39     |
|    ent_coef          | 0.0493   |
|    ent_coef_loss     | 0.174    |
|    learning_rate     | 0.0003   |
|    n_updates         | 251970   |
|    noise_critic_loss | 10.4     |
-----------------------------------
-----------------------------------
| rollout/             |          |
|    ep_len_mean       | 75       |
|    ep_rew_mean       | -158     |
| time/                |          |
|    episodes          | 452      |
|    fps               | 2        |
|    time_elapsed      | 16662    |
|    total_timesteps   | 33900    |
| train/               |          |
|    actor_loss        | 41.3     |
|    critic_loss       | 2.21     |
|    ent_coef          | 0.0484   |
|    ent_coef_loss     | -0.491   |
|    learning_rate     | 0.0003   |
|    n_updates         | 254220   |
|    noise_critic_loss | 11       |
-----------------------------------
-----------------------------------
| rollout/             |          |
|    ep_len_mean       | 75       |
|    ep_rew_mean       | -158     |
| time/                |          |
|    episodes          | 456      |
|    fps               | 2        |
|    time_elapsed      | 16781    |
|    total_timesteps   | 34200    |
| train/               |          |
|    actor_loss        | 41.4     |
|    critic_loss       | 2.62     |
|    ent_coef          | 0.0481   |
|    ent_coef_loss     | 0.864    |
|    learning_rate     | 0.0003   |
|    n_updates         | 256470   |
|    noise_critic_loss | 10.1     |
-----------------------------------
-----------------------------------
| rollout/             |          |
|    ep_len_mean       | 75       |
|    ep_rew_mean       | -159     |
| time/                |          |
|    episodes          | 460      |
|    fps               | 2        |
|    time_elapsed      | 16898    |
|    total_timesteps   | 34500    |
| train/               |          |
|    actor_loss        | 40.9     |
|    critic_loss       | 2.26     |
|    ent_coef          | 0.0495   |
|    ent_coef_loss     | -0.225   |
|    learning_rate     | 0.0003   |
|    n_updates         | 258720   |
|    noise_critic_loss | 10.8     |
-----------------------------------
-----------------------------------
| rollout/             |          |
|    ep_len_mean       | 75       |
|    ep_rew_mean       | -160     |
| time/                |          |
|    episodes          | 464      |
|    fps               | 2        |
|    time_elapsed      | 17015    |
|    total_timesteps   | 34800    |
| train/               |          |
|    actor_loss        | 40.7     |
|    critic_loss       | 2.45     |
|    ent_coef          | 0.0494   |
|    ent_coef_loss     | -0.0507  |
|    learning_rate     | 0.0003   |
|    n_updates         | 260970   |
|    noise_critic_loss | 10.8     |
-----------------------------------
-----------------------------------
| rollout/             |          |
|    ep_len_mean       | 75       |
|    ep_rew_mean       | -161     |
| time/                |          |
|    episodes          | 468      |
|    fps               | 2        |
|    time_elapsed      | 17133    |
|    total_timesteps   | 35100    |
| train/               |          |
|    actor_loss        | 41.1     |
|    critic_loss       | 2.3      |
|    ent_coef          | 0.0494   |
|    ent_coef_loss     | 0.783    |
|    learning_rate     | 0.0003   |
|    n_updates         | 263220   |
|    noise_critic_loss | 10.7     |
-----------------------------------
-----------------------------------
| rollout/             |          |
|    ep_len_mean       | 75       |
|    ep_rew_mean       | -161     |
| time/                |          |
|    episodes          | 472      |
|    fps               | 2        |
|    time_elapsed      | 17251    |
|    total_timesteps   | 35400    |
| train/               |          |
|    actor_loss        | 41.2     |
|    critic_loss       | 2.54     |
|    ent_coef          | 0.0499   |
|    ent_coef_loss     | 1.17     |
|    learning_rate     | 0.0003   |
|    n_updates         | 265470   |
|    noise_critic_loss | 11.8     |
-----------------------------------
-----------------------------------
| rollout/             |          |
|    ep_len_mean       | 75       |
|    ep_rew_mean       | -162     |
| time/                |          |
|    episodes          | 476      |
|    fps               | 2        |
|    time_elapsed      | 17369    |
|    total_timesteps   | 35700    |
| train/               |          |
|    actor_loss        | 41.3     |
|    critic_loss       | 2.48     |
|    ent_coef          | 0.049    |
|    ent_coef_loss     | -0.354   |
|    learning_rate     | 0.0003   |
|    n_updates         | 267720   |
|    noise_critic_loss | 11.5     |
-----------------------------------
eval episode 0 at timestep 150004
eval episode 1 at timestep 150004
eval episode 2 at timestep 150004
eval episode 3 at timestep 150004
eval episode 4 at timestep 150004
eval episode 5 at timestep 150004
eval episode 6 at timestep 150004
eval episode 7 at timestep 150004
-----------------------------------
| rollout/             |          |
|    ep_len_mean       | 75       |
|    ep_rew_mean       | -164     |
| time/                |          |
|    episodes          | 480      |
|    fps               | 1        |
|    time_elapsed      | 19416    |
|    total_timesteps   | 36000    |
| train/               |          |
|    actor_loss        | 41.3     |
|    critic_loss       | 2.55     |
|    ent_coef          | 0.05     |
|    ent_coef_loss     | -1.11    |
|    learning_rate     | 0.0003   |
|    n_updates         | 269970   |
|    noise_critic_loss | 12.2     |
-----------------------------------
-----------------------------------
| rollout/             |          |
|    ep_len_mean       | 75       |
|    ep_rew_mean       | -167     |
| time/                |          |
|    episodes          | 484      |
|    fps               | 1        |
|    time_elapsed      | 19529    |
|    total_timesteps   | 36300    |
| train/               |          |
|    actor_loss        | 41.9     |
|    critic_loss       | 2.53     |
|    ent_coef          | 0.0498   |
|    ent_coef_loss     | -0.113   |
|    learning_rate     | 0.0003   |
|    n_updates         | 272220   |
|    noise_critic_loss | 12.4     |
-----------------------------------
-----------------------------------
| rollout/             |          |
|    ep_len_mean       | 75       |
|    ep_rew_mean       | -164     |
| time/                |          |
|    episodes          | 488      |
|    fps               | 1        |
|    time_elapsed      | 19641    |
|    total_timesteps   | 36600    |
| train/               |          |
|    actor_loss        | 41.7     |
|    critic_loss       | 2.85     |
|    ent_coef          | 0.0503   |
|    ent_coef_loss     | 0.741    |
|    learning_rate     | 0.0003   |
|    n_updates         | 274470   |
|    noise_critic_loss | 12.4     |
-----------------------------------
-----------------------------------
| rollout/             |          |
|    ep_len_mean       | 75       |
|    ep_rew_mean       | -165     |
| time/                |          |
|    episodes          | 492      |
|    fps               | 1        |
|    time_elapsed      | 19754    |
|    total_timesteps   | 36900    |
| train/               |          |
|    actor_loss        | 41.2     |
|    critic_loss       | 2.72     |
|    ent_coef          | 0.0508   |
|    ent_coef_loss     | -1.03    |
|    learning_rate     | 0.0003   |
|    n_updates         | 276720   |
|    noise_critic_loss | 11.4     |
-----------------------------------
-----------------------------------
| rollout/             |          |
|    ep_len_mean       | 75       |
|    ep_rew_mean       | -163     |
| time/                |          |
|    episodes          | 496      |
|    fps               | 1        |
|    time_elapsed      | 19865    |
|    total_timesteps   | 37200    |
| train/               |          |
|    actor_loss        | 41.1     |
|    critic_loss       | 2.36     |
|    ent_coef          | 0.05     |
|    ent_coef_loss     | 0.58     |
|    learning_rate     | 0.0003   |
|    n_updates         | 278970   |
|    noise_critic_loss | 11.8     |
-----------------------------------
-----------------------------------
| rollout/             |          |
|    ep_len_mean       | 75       |
|    ep_rew_mean       | -164     |
| time/                |          |
|    episodes          | 500      |
|    fps               | 1        |
|    time_elapsed      | 19978    |
|    total_timesteps   | 37500    |
| train/               |          |
|    actor_loss        | 41.7     |
|    critic_loss       | 2.53     |
|    ent_coef          | 0.0513   |
|    ent_coef_loss     | 0.454    |
|    learning_rate     | 0.0003   |
|    n_updates         | 281220   |
|    noise_critic_loss | 12.4     |
-----------------------------------
-----------------------------------
| rollout/             |          |
|    ep_len_mean       | 75       |
|    ep_rew_mean       | -165     |
| time/                |          |
|    episodes          | 504      |
|    fps               | 1        |
|    time_elapsed      | 20090    |
|    total_timesteps   | 37800    |
| train/               |          |
|    actor_loss        | 42.3     |
|    critic_loss       | 3.17     |
|    ent_coef          | 0.0517   |
|    ent_coef_loss     | 0.409    |
|    learning_rate     | 0.0003   |
|    n_updates         | 283470   |
|    noise_critic_loss | 14.3     |
-----------------------------------
-----------------------------------
| rollout/             |          |
|    ep_len_mean       | 75       |
|    ep_rew_mean       | -165     |
| time/                |          |
|    episodes          | 508      |
|    fps               | 1        |
|    time_elapsed      | 20203    |
|    total_timesteps   | 38100    |
| train/               |          |
|    actor_loss        | 41.6     |
|    critic_loss       | 2.72     |
|    ent_coef          | 0.0508   |
|    ent_coef_loss     | -0.325   |
|    learning_rate     | 0.0003   |
|    n_updates         | 285720   |
|    noise_critic_loss | 12.7     |
-----------------------------------
-----------------------------------
| rollout/             |          |
|    ep_len_mean       | 75       |
|    ep_rew_mean       | -165     |
| time/                |          |
|    episodes          | 512      |
|    fps               | 1        |
|    time_elapsed      | 20315    |
|    total_timesteps   | 38400    |
| train/               |          |
|    actor_loss        | 42       |
|    critic_loss       | 2.51     |
|    ent_coef          | 0.0504   |
|    ent_coef_loss     | -0.187   |
|    learning_rate     | 0.0003   |
|    n_updates         | 287970   |
|    noise_critic_loss | 12.3     |
-----------------------------------
-----------------------------------
| rollout/             |          |
|    ep_len_mean       | 75       |
|    ep_rew_mean       | -164     |
| time/                |          |
|    episodes          | 516      |
|    fps               | 1        |
|    time_elapsed      | 20428    |
|    total_timesteps   | 38700    |
| train/               |          |
|    actor_loss        | 41.6     |
|    critic_loss       | 2.51     |
|    ent_coef          | 0.0505   |
|    ent_coef_loss     | -0.78    |
|    learning_rate     | 0.0003   |
|    n_updates         | 290220   |
|    noise_critic_loss | 11.8     |
-----------------------------------
-----------------------------------
| rollout/             |          |
|    ep_len_mean       | 75       |
|    ep_rew_mean       | -165     |
| time/                |          |
|    episodes          | 520      |
|    fps               | 1        |
|    time_elapsed      | 20540    |
|    total_timesteps   | 39000    |
| train/               |          |
|    actor_loss        | 41.6     |
|    critic_loss       | 2.65     |
|    ent_coef          | 0.0498   |
|    ent_coef_loss     | 0.288    |
|    learning_rate     | 0.0003   |
|    n_updates         | 292470   |
|    noise_critic_loss | 12       |
-----------------------------------
-----------------------------------
| rollout/             |          |
|    ep_len_mean       | 75       |
|    ep_rew_mean       | -167     |
| time/                |          |
|    episodes          | 524      |
|    fps               | 1        |
|    time_elapsed      | 20652    |
|    total_timesteps   | 39300    |
| train/               |          |
|    actor_loss        | 41.4     |
|    critic_loss       | 2.69     |
|    ent_coef          | 0.0498   |
|    ent_coef_loss     | 0.265    |
|    learning_rate     | 0.0003   |
|    n_updates         | 294720   |
|    noise_critic_loss | 12.3     |
-----------------------------------
-----------------------------------
| rollout/             |          |
|    ep_len_mean       | 75       |
|    ep_rew_mean       | -169     |
| time/                |          |
|    episodes          | 528      |
|    fps               | 1        |
|    time_elapsed      | 20764    |
|    total_timesteps   | 39600    |
| train/               |          |
|    actor_loss        | 42.3     |
|    critic_loss       | 2.63     |
|    ent_coef          | 0.0495   |
|    ent_coef_loss     | 0.542    |
|    learning_rate     | 0.0003   |
|    n_updates         | 296970   |
|    noise_critic_loss | 11.1     |
-----------------------------------
-----------------------------------
| rollout/             |          |
|    ep_len_mean       | 75       |
|    ep_rew_mean       | -166     |
| time/                |          |
|    episodes          | 532      |
|    fps               | 1        |
|    time_elapsed      | 20877    |
|    total_timesteps   | 39900    |
| train/               |          |
|    actor_loss        | 42       |
|    critic_loss       | 2.83     |
|    ent_coef          | 0.0499   |
|    ent_coef_loss     | -0.259   |
|    learning_rate     | 0.0003   |
|    n_updates         | 299220   |
|    noise_critic_loss | 11.2     |
-----------------------------------
-----------------------------------
| rollout/             |          |
|    ep_len_mean       | 75       |
|    ep_rew_mean       | -167     |
| time/                |          |
|    episodes          | 536      |
|    fps               | 1        |
|    time_elapsed      | 20989    |
|    total_timesteps   | 40200    |
| train/               |          |
|    actor_loss        | 42.2     |
|    critic_loss       | 2.76     |
|    ent_coef          | 0.0502   |
|    ent_coef_loss     | 0.113    |
|    learning_rate     | 0.0003   |
|    n_updates         | 301470   |
|    noise_critic_loss | 12.5     |
-----------------------------------
-----------------------------------
| rollout/             |          |
|    ep_len_mean       | 75       |
|    ep_rew_mean       | -166     |
| time/                |          |
|    episodes          | 540      |
|    fps               | 1        |
|    time_elapsed      | 21102    |
|    total_timesteps   | 40500    |
| train/               |          |
|    actor_loss        | 41.9     |
|    critic_loss       | 2.44     |
|    ent_coef          | 0.049    |
|    ent_coef_loss     | -1.17    |
|    learning_rate     | 0.0003   |
|    n_updates         | 303720   |
|    noise_critic_loss | 11.2     |
-----------------------------------
-----------------------------------
| rollout/             |          |
|    ep_len_mean       | 75       |
|    ep_rew_mean       | -166     |
| time/                |          |
|    episodes          | 544      |
|    fps               | 1        |
|    time_elapsed      | 21214    |
|    total_timesteps   | 40800    |
| train/               |          |
|    actor_loss        | 41.4     |
|    critic_loss       | 2.51     |
|    ent_coef          | 0.0495   |
|    ent_coef_loss     | -0.146   |
|    learning_rate     | 0.0003   |
|    n_updates         | 305970   |
|    noise_critic_loss | 12.5     |
-----------------------------------
-----------------------------------
| rollout/             |          |
|    ep_len_mean       | 75       |
|    ep_rew_mean       | -168     |
| time/                |          |
|    episodes          | 548      |
|    fps               | 1        |
|    time_elapsed      | 21326    |
|    total_timesteps   | 41100    |
| train/               |          |
|    actor_loss        | 42       |
|    critic_loss       | 2.5      |
|    ent_coef          | 0.0491   |
|    ent_coef_loss     | 0.366    |
|    learning_rate     | 0.0003   |
|    n_updates         | 308220   |
|    noise_critic_loss | 11.6     |
-----------------------------------
-----------------------------------
| rollout/             |          |
|    ep_len_mean       | 75       |
|    ep_rew_mean       | -169     |
| time/                |          |
|    episodes          | 552      |
|    fps               | 1        |
|    time_elapsed      | 21439    |
|    total_timesteps   | 41400    |
| train/               |          |
|    actor_loss        | 42.9     |
|    critic_loss       | 2.59     |
|    ent_coef          | 0.0491   |
|    ent_coef_loss     | -0.0652  |
|    learning_rate     | 0.0003   |
|    n_updates         | 310470   |
|    noise_critic_loss | 12.6     |
-----------------------------------
-----------------------------------
| rollout/             |          |
|    ep_len_mean       | 75       |
|    ep_rew_mean       | -172     |
| time/                |          |
|    episodes          | 556      |
|    fps               | 1        |
|    time_elapsed      | 21552    |
|    total_timesteps   | 41700    |
| train/               |          |
|    actor_loss        | 43.3     |
|    critic_loss       | 2.99     |
|    ent_coef          | 0.0491   |
|    ent_coef_loss     | -0.384   |
|    learning_rate     | 0.0003   |
|    n_updates         | 312720   |
|    noise_critic_loss | 12.8     |
-----------------------------------
-----------------------------------
| rollout/             |          |
|    ep_len_mean       | 75       |
|    ep_rew_mean       | -174     |
| time/                |          |
|    episodes          | 560      |
|    fps               | 1        |
|    time_elapsed      | 21664    |
|    total_timesteps   | 42000    |
| train/               |          |
|    actor_loss        | 43.2     |
|    critic_loss       | 2.33     |
|    ent_coef          | 0.0499   |
|    ent_coef_loss     | 0.871    |
|    learning_rate     | 0.0003   |
|    n_updates         | 314970   |
|    noise_critic_loss | 12.5     |
-----------------------------------
-----------------------------------
| rollout/             |          |
|    ep_len_mean       | 75       |
|    ep_rew_mean       | -171     |
| time/                |          |
|    episodes          | 564      |
|    fps               | 1        |
|    time_elapsed      | 21777    |
|    total_timesteps   | 42300    |
| train/               |          |
|    actor_loss        | 43.9     |
|    critic_loss       | 2.88     |
|    ent_coef          | 0.0504   |
|    ent_coef_loss     | 0.133    |
|    learning_rate     | 0.0003   |
|    n_updates         | 317220   |
|    noise_critic_loss | 13       |
-----------------------------------
-----------------------------------
| rollout/             |          |
|    ep_len_mean       | 75       |
|    ep_rew_mean       | -170     |
| time/                |          |
|    episodes          | 568      |
|    fps               | 1        |
|    time_elapsed      | 21889    |
|    total_timesteps   | 42600    |
| train/               |          |
|    actor_loss        | 44       |
|    critic_loss       | 3.01     |
|    ent_coef          | 0.0509   |
|    ent_coef_loss     | -0.255   |
|    learning_rate     | 0.0003   |
|    n_updates         | 319470   |
|    noise_critic_loss | 12       |
-----------------------------------
-----------------------------------
| rollout/             |          |
|    ep_len_mean       | 75       |
|    ep_rew_mean       | -167     |
| time/                |          |
|    episodes          | 572      |
|    fps               | 1        |
|    time_elapsed      | 22001    |
|    total_timesteps   | 42900    |
| train/               |          |
|    actor_loss        | 43       |
|    critic_loss       | 3.12     |
|    ent_coef          | 0.0508   |
|    ent_coef_loss     | -0.491   |
|    learning_rate     | 0.0003   |
|    n_updates         | 321720   |
|    noise_critic_loss | 14       |
-----------------------------------
-----------------------------------
| rollout/             |          |
|    ep_len_mean       | 75       |
|    ep_rew_mean       | -167     |
| time/                |          |
|    episodes          | 576      |
|    fps               | 1        |
|    time_elapsed      | 22113    |
|    total_timesteps   | 43200    |
| train/               |          |
|    actor_loss        | 43.1     |
|    critic_loss       | 2.58     |
|    ent_coef          | 0.0509   |
|    ent_coef_loss     | 0.44     |
|    learning_rate     | 0.0003   |
|    n_updates         | 323970   |
|    noise_critic_loss | 12.3     |
-----------------------------------
-----------------------------------
| rollout/             |          |
|    ep_len_mean       | 75       |
|    ep_rew_mean       | -166     |
| time/                |          |
|    episodes          | 580      |
|    fps               | 1        |
|    time_elapsed      | 22226    |
|    total_timesteps   | 43500    |
| train/               |          |
|    actor_loss        | 43.6     |
|    critic_loss       | 2.95     |
|    ent_coef          | 0.0503   |
|    ent_coef_loss     | -0.379   |
|    learning_rate     | 0.0003   |
|    n_updates         | 326220   |
|    noise_critic_loss | 12.8     |
-----------------------------------
-----------------------------------
| rollout/             |          |
|    ep_len_mean       | 75       |
|    ep_rew_mean       | -166     |
| time/                |          |
|    episodes          | 584      |
|    fps               | 1        |
|    time_elapsed      | 22337    |
|    total_timesteps   | 43800    |
| train/               |          |
|    actor_loss        | 44.7     |
|    critic_loss       | 3.18     |
|    ent_coef          | 0.0497   |
|    ent_coef_loss     | 0.659    |
|    learning_rate     | 0.0003   |
|    n_updates         | 328470   |
|    noise_critic_loss | 13.1     |
-----------------------------------
-----------------------------------
| rollout/             |          |
|    ep_len_mean       | 75       |
|    ep_rew_mean       | -167     |
| time/                |          |
|    episodes          | 588      |
|    fps               | 1        |
|    time_elapsed      | 22450    |
|    total_timesteps   | 44100    |
| train/               |          |
|    actor_loss        | 45       |
|    critic_loss       | 2.76     |
|    ent_coef          | 0.0504   |
|    ent_coef_loss     | 0.304    |
|    learning_rate     | 0.0003   |
|    n_updates         | 330720   |
|    noise_critic_loss | 12.8     |
-----------------------------------
-----------------------------------
| rollout/             |          |
|    ep_len_mean       | 75       |
|    ep_rew_mean       | -167     |
| time/                |          |
|    episodes          | 592      |
|    fps               | 1        |
|    time_elapsed      | 22563    |
|    total_timesteps   | 44400    |
| train/               |          |
|    actor_loss        | 44.4     |
|    critic_loss       | 2.84     |
|    ent_coef          | 0.05     |
|    ent_coef_loss     | 0.318    |
|    learning_rate     | 0.0003   |
|    n_updates         | 332970   |
|    noise_critic_loss | 12.2     |
-----------------------------------
-----------------------------------
| rollout/             |          |
|    ep_len_mean       | 75       |
|    ep_rew_mean       | -167     |
| time/                |          |
|    episodes          | 596      |
|    fps               | 1        |
|    time_elapsed      | 22675    |
|    total_timesteps   | 44700    |
| train/               |          |
|    actor_loss        | 44.7     |
|    critic_loss       | 2.98     |
|    ent_coef          | 0.0496   |
|    ent_coef_loss     | -1       |
|    learning_rate     | 0.0003   |
|    n_updates         | 335220   |
|    noise_critic_loss | 12.5     |
-----------------------------------
-----------------------------------
| rollout/             |          |
|    ep_len_mean       | 75       |
|    ep_rew_mean       | -165     |
| time/                |          |
|    episodes          | 600      |
|    fps               | 1        |
|    time_elapsed      | 22788    |
|    total_timesteps   | 45000    |
| train/               |          |
|    actor_loss        | 44.5     |
|    critic_loss       | 3.38     |
|    ent_coef          | 0.049    |
|    ent_coef_loss     | 0.0452   |
|    learning_rate     | 0.0003   |
|    n_updates         | 337470   |
|    noise_critic_loss | 12.2     |
-----------------------------------
-----------------------------------
| rollout/             |          |
|    ep_len_mean       | 75       |
|    ep_rew_mean       | -164     |
| time/                |          |
|    episodes          | 604      |
|    fps               | 1        |
|    time_elapsed      | 22902    |
|    total_timesteps   | 45300    |
| train/               |          |
|    actor_loss        | 44.4     |
|    critic_loss       | 2.6      |
|    ent_coef          | 0.0493   |
|    ent_coef_loss     | 0.159    |
|    learning_rate     | 0.0003   |
|    n_updates         | 339720   |
|    noise_critic_loss | 12.6     |
-----------------------------------
-----------------------------------
| rollout/             |          |
|    ep_len_mean       | 75       |
|    ep_rew_mean       | -165     |
| time/                |          |
|    episodes          | 608      |
|    fps               | 1        |
|    time_elapsed      | 23015    |
|    total_timesteps   | 45600    |
| train/               |          |
|    actor_loss        | 44.5     |
|    critic_loss       | 2.82     |
|    ent_coef          | 0.0492   |
|    ent_coef_loss     | 0.326    |
|    learning_rate     | 0.0003   |
|    n_updates         | 341970   |
|    noise_critic_loss | 11.6     |
-----------------------------------
-----------------------------------
| rollout/             |          |
|    ep_len_mean       | 75       |
|    ep_rew_mean       | -165     |
| time/                |          |
|    episodes          | 612      |
|    fps               | 1        |
|    time_elapsed      | 23128    |
|    total_timesteps   | 45900    |
| train/               |          |
|    actor_loss        | 45.3     |
|    critic_loss       | 2.84     |
|    ent_coef          | 0.0484   |
|    ent_coef_loss     | 0.0505   |
|    learning_rate     | 0.0003   |
|    n_updates         | 344220   |
|    noise_critic_loss | 11.5     |
-----------------------------------
-----------------------------------
| rollout/             |          |
|    ep_len_mean       | 75       |
|    ep_rew_mean       | -164     |
| time/                |          |
|    episodes          | 616      |
|    fps               | 1        |
|    time_elapsed      | 23241    |
|    total_timesteps   | 46200    |
| train/               |          |
|    actor_loss        | 44.9     |
|    critic_loss       | 2.84     |
|    ent_coef          | 0.0485   |
|    ent_coef_loss     | -0.146   |
|    learning_rate     | 0.0003   |
|    n_updates         | 346470   |
|    noise_critic_loss | 10.9     |
-----------------------------------
-----------------------------------
| rollout/             |          |
|    ep_len_mean       | 75       |
|    ep_rew_mean       | -165     |
| time/                |          |
|    episodes          | 620      |
|    fps               | 1        |
|    time_elapsed      | 23354    |
|    total_timesteps   | 46500    |
| train/               |          |
|    actor_loss        | 45.1     |
|    critic_loss       | 2.62     |
|    ent_coef          | 0.0481   |
|    ent_coef_loss     | 0.384    |
|    learning_rate     | 0.0003   |
|    n_updates         | 348720   |
|    noise_critic_loss | 10.9     |
-----------------------------------
-----------------------------------
| rollout/             |          |
|    ep_len_mean       | 75       |
|    ep_rew_mean       | -166     |
| time/                |          |
|    episodes          | 624      |
|    fps               | 1        |
|    time_elapsed      | 23468    |
|    total_timesteps   | 46800    |
| train/               |          |
|    actor_loss        | 45.9     |
|    critic_loss       | 2.73     |
|    ent_coef          | 0.0482   |
|    ent_coef_loss     | -0.919   |
|    learning_rate     | 0.0003   |
|    n_updates         | 350970   |
|    noise_critic_loss | 12.2     |
-----------------------------------
-----------------------------------
| rollout/             |          |
|    ep_len_mean       | 75       |
|    ep_rew_mean       | -165     |
| time/                |          |
|    episodes          | 628      |
|    fps               | 1        |
|    time_elapsed      | 23580    |
|    total_timesteps   | 47100    |
| train/               |          |
|    actor_loss        | 46.3     |
|    critic_loss       | 2.94     |
|    ent_coef          | 0.0477   |
|    ent_coef_loss     | 0.246    |
|    learning_rate     | 0.0003   |
|    n_updates         | 353220   |
|    noise_critic_loss | 11.7     |
-----------------------------------
-----------------------------------
| rollout/             |          |
|    ep_len_mean       | 75       |
|    ep_rew_mean       | -169     |
| time/                |          |
|    episodes          | 632      |
|    fps               | 2        |
|    time_elapsed      | 23692    |
|    total_timesteps   | 47400    |
| train/               |          |
|    actor_loss        | 46.5     |
|    critic_loss       | 2.81     |
|    ent_coef          | 0.0477   |
|    ent_coef_loss     | -0.0153  |
|    learning_rate     | 0.0003   |
|    n_updates         | 355470   |
|    noise_critic_loss | 11.4     |
-----------------------------------
-----------------------------------
| rollout/             |          |
|    ep_len_mean       | 75       |
|    ep_rew_mean       | -173     |
| time/                |          |
|    episodes          | 636      |
|    fps               | 2        |
|    time_elapsed      | 23805    |
|    total_timesteps   | 47700    |
| train/               |          |
|    actor_loss        | 46.3     |
|    critic_loss       | 2.9      |
|    ent_coef          | 0.049    |
|    ent_coef_loss     | 1.38     |
|    learning_rate     | 0.0003   |
|    n_updates         | 357720   |
|    noise_critic_loss | 12.3     |
-----------------------------------
eval episode 0 at timestep 198004
eval episode 1 at timestep 198004
eval episode 2 at timestep 198004
eval episode 3 at timestep 198004
eval episode 4 at timestep 198004
eval episode 5 at timestep 198004
eval episode 6 at timestep 198004
eval episode 7 at timestep 198004
-----------------------------------
| rollout/             |          |
|    ep_len_mean       | 75       |
|    ep_rew_mean       | -175     |
| time/                |          |
|    episodes          | 640      |
|    fps               | 1        |
|    time_elapsed      | 25804    |
|    total_timesteps   | 48000    |
| train/               |          |
|    actor_loss        | 46.3     |
|    critic_loss       | 2.77     |
|    ent_coef          | 0.0489   |
|    ent_coef_loss     | 0.668    |
|    learning_rate     | 0.0003   |
|    n_updates         | 359970   |
|    noise_critic_loss | 12.8     |
-----------------------------------
-----------------------------------
| rollout/             |          |
|    ep_len_mean       | 75       |
|    ep_rew_mean       | -175     |
| time/                |          |
|    episodes          | 644      |
|    fps               | 1        |
|    time_elapsed      | 25918    |
|    total_timesteps   | 48300    |
| train/               |          |
|    actor_loss        | 46.1     |
|    critic_loss       | 2.77     |
|    ent_coef          | 0.0488   |
|    ent_coef_loss     | 0.135    |
|    learning_rate     | 0.0003   |
|    n_updates         | 362220   |
|    noise_critic_loss | 11.9     |
-----------------------------------
-----------------------------------
| rollout/             |          |
|    ep_len_mean       | 75       |
|    ep_rew_mean       | -171     |
| time/                |          |
|    episodes          | 648      |
|    fps               | 1        |
|    time_elapsed      | 26031    |
|    total_timesteps   | 48600    |
| train/               |          |
|    actor_loss        | 45.9     |
|    critic_loss       | 3.24     |
|    ent_coef          | 0.0496   |
|    ent_coef_loss     | 0.0807   |
|    learning_rate     | 0.0003   |
|    n_updates         | 364470   |
|    noise_critic_loss | 13.3     |
-----------------------------------
-----------------------------------
| rollout/             |          |
|    ep_len_mean       | 75       |
|    ep_rew_mean       | -169     |
| time/                |          |
|    episodes          | 652      |
|    fps               | 1        |
|    time_elapsed      | 26143    |
|    total_timesteps   | 48900    |
| train/               |          |
|    actor_loss        | 46.6     |
|    critic_loss       | 2.98     |
|    ent_coef          | 0.0496   |
|    ent_coef_loss     | -0.31    |
|    learning_rate     | 0.0003   |
|    n_updates         | 366720   |
|    noise_critic_loss | 13.4     |
-----------------------------------
-----------------------------------
| rollout/             |          |
|    ep_len_mean       | 75       |
|    ep_rew_mean       | -170     |
| time/                |          |
|    episodes          | 656      |
|    fps               | 1        |
|    time_elapsed      | 26255    |
|    total_timesteps   | 49200    |
| train/               |          |
|    actor_loss        | 46.1     |
|    critic_loss       | 3.15     |
|    ent_coef          | 0.05     |
|    ent_coef_loss     | 0.551    |
|    learning_rate     | 0.0003   |
|    n_updates         | 368970   |
|    noise_critic_loss | 11.8     |
-----------------------------------
-----------------------------------
| rollout/             |          |
|    ep_len_mean       | 75       |
|    ep_rew_mean       | -169     |
| time/                |          |
|    episodes          | 660      |
|    fps               | 1        |
|    time_elapsed      | 26369    |
|    total_timesteps   | 49500    |
| train/               |          |
|    actor_loss        | 46.9     |
|    critic_loss       | 3.16     |
|    ent_coef          | 0.0494   |
|    ent_coef_loss     | -0.192   |
|    learning_rate     | 0.0003   |
|    n_updates         | 371220   |
|    noise_critic_loss | 13.1     |
-----------------------------------
-----------------------------------
| rollout/             |          |
|    ep_len_mean       | 75       |
|    ep_rew_mean       | -168     |
| time/                |          |
|    episodes          | 664      |
|    fps               | 1        |
|    time_elapsed      | 26482    |
|    total_timesteps   | 49800    |
| train/               |          |
|    actor_loss        | 46.8     |
|    critic_loss       | 2.97     |
|    ent_coef          | 0.0502   |
|    ent_coef_loss     | 0.337    |
|    learning_rate     | 0.0003   |
|    n_updates         | 373470   |
|    noise_critic_loss | 12.7     |
-----------------------------------
-----------------------------------
| rollout/             |          |
|    ep_len_mean       | 75       |
|    ep_rew_mean       | -171     |
| time/                |          |
|    episodes          | 668      |
|    fps               | 1        |
|    time_elapsed      | 26595    |
|    total_timesteps   | 50100    |
| train/               |          |
|    actor_loss        | 46.2     |
|    critic_loss       | 2.94     |
|    ent_coef          | 0.0498   |
|    ent_coef_loss     | -0.184   |
|    learning_rate     | 0.0003   |
|    n_updates         | 375720   |
|    noise_critic_loss | 12.5     |
-----------------------------------
-----------------------------------
| rollout/             |          |
|    ep_len_mean       | 75       |
|    ep_rew_mean       | -174     |
| time/                |          |
|    episodes          | 672      |
|    fps               | 1        |
|    time_elapsed      | 26708    |
|    total_timesteps   | 50400    |
| train/               |          |
|    actor_loss        | 47       |
|    critic_loss       | 2.67     |
|    ent_coef          | 0.0496   |
|    ent_coef_loss     | 0.0802   |
|    learning_rate     | 0.0003   |
|    n_updates         | 377970   |
|    noise_critic_loss | 12.5     |
-----------------------------------
-----------------------------------
| rollout/             |          |
|    ep_len_mean       | 75       |
|    ep_rew_mean       | -173     |
| time/                |          |
|    episodes          | 676      |
|    fps               | 1        |
|    time_elapsed      | 26822    |
|    total_timesteps   | 50700    |
| train/               |          |
|    actor_loss        | 47.3     |
|    critic_loss       | 2.93     |
|    ent_coef          | 0.0491   |
|    ent_coef_loss     | 0.243    |
|    learning_rate     | 0.0003   |
|    n_updates         | 380220   |
|    noise_critic_loss | 12.3     |
-----------------------------------
-----------------------------------
| rollout/             |          |
|    ep_len_mean       | 75       |
|    ep_rew_mean       | -172     |
| time/                |          |
|    episodes          | 680      |
|    fps               | 1        |
|    time_elapsed      | 26935    |
|    total_timesteps   | 51000    |
| train/               |          |
|    actor_loss        | 48.2     |
|    critic_loss       | 2.82     |
|    ent_coef          | 0.0484   |
|    ent_coef_loss     | -0.693   |
|    learning_rate     | 0.0003   |
|    n_updates         | 382470   |
|    noise_critic_loss | 12.2     |
-----------------------------------
-----------------------------------
| rollout/             |          |
|    ep_len_mean       | 75       |
|    ep_rew_mean       | -171     |
| time/                |          |
|    episodes          | 684      |
|    fps               | 1        |
|    time_elapsed      | 27048    |
|    total_timesteps   | 51300    |
| train/               |          |
|    actor_loss        | 47.8     |
|    critic_loss       | 2.96     |
|    ent_coef          | 0.0499   |
|    ent_coef_loss     | -0.448   |
|    learning_rate     | 0.0003   |
|    n_updates         | 384720   |
|    noise_critic_loss | 13.1     |
-----------------------------------
-----------------------------------
| rollout/             |          |
|    ep_len_mean       | 75       |
|    ep_rew_mean       | -172     |
| time/                |          |
|    episodes          | 688      |
|    fps               | 1        |
|    time_elapsed      | 27161    |
|    total_timesteps   | 51600    |
| train/               |          |
|    actor_loss        | 48.5     |
|    critic_loss       | 3.12     |
|    ent_coef          | 0.0497   |
|    ent_coef_loss     | 0.238    |
|    learning_rate     | 0.0003   |
|    n_updates         | 386970   |
|    noise_critic_loss | 13.2     |
-----------------------------------
-----------------------------------
| rollout/             |          |
|    ep_len_mean       | 75       |
|    ep_rew_mean       | -172     |
| time/                |          |
|    episodes          | 692      |
|    fps               | 1        |
|    time_elapsed      | 27274    |
|    total_timesteps   | 51900    |
| train/               |          |
|    actor_loss        | 47.9     |
|    critic_loss       | 3.05     |
|    ent_coef          | 0.0491   |
|    ent_coef_loss     | 0.57     |
|    learning_rate     | 0.0003   |
|    n_updates         | 389220   |
|    noise_critic_loss | 12.4     |
-----------------------------------
-----------------------------------
| rollout/             |          |
|    ep_len_mean       | 75       |
|    ep_rew_mean       | -171     |
| time/                |          |
|    episodes          | 696      |
|    fps               | 1        |
|    time_elapsed      | 27387    |
|    total_timesteps   | 52200    |
| train/               |          |
|    actor_loss        | 47.2     |
|    critic_loss       | 2.82     |
|    ent_coef          | 0.049    |
|    ent_coef_loss     | 0.424    |
|    learning_rate     | 0.0003   |
|    n_updates         | 391470   |
|    noise_critic_loss | 13.1     |
-----------------------------------
-----------------------------------
| rollout/             |          |
|    ep_len_mean       | 75       |
|    ep_rew_mean       | -173     |
| time/                |          |
|    episodes          | 700      |
|    fps               | 1        |
|    time_elapsed      | 27500    |
|    total_timesteps   | 52500    |
| train/               |          |
|    actor_loss        | 47.4     |
|    critic_loss       | 3.07     |
|    ent_coef          | 0.0497   |
|    ent_coef_loss     | -0.538   |
|    learning_rate     | 0.0003   |
|    n_updates         | 393720   |
|    noise_critic_loss | 13.2     |
-----------------------------------
-----------------------------------
| rollout/             |          |
|    ep_len_mean       | 75       |
|    ep_rew_mean       | -175     |
| time/                |          |
|    episodes          | 704      |
|    fps               | 1        |
|    time_elapsed      | 27613    |
|    total_timesteps   | 52800    |
| train/               |          |
|    actor_loss        | 48.1     |
|    critic_loss       | 2.93     |
|    ent_coef          | 0.0494   |
|    ent_coef_loss     | -0.769   |
|    learning_rate     | 0.0003   |
|    n_updates         | 395970   |
|    noise_critic_loss | 12.9     |
-----------------------------------
-----------------------------------
| rollout/             |          |
|    ep_len_mean       | 75       |
|    ep_rew_mean       | -176     |
| time/                |          |
|    episodes          | 708      |
|    fps               | 1        |
|    time_elapsed      | 27746    |
|    total_timesteps   | 53100    |
| train/               |          |
|    actor_loss        | 47.8     |
|    critic_loss       | 3.1      |
|    ent_coef          | 0.0496   |
|    ent_coef_loss     | 0.197    |
|    learning_rate     | 0.0003   |
|    n_updates         | 398220   |
|    noise_critic_loss | 14.1     |
-----------------------------------
-----------------------------------
| rollout/             |          |
|    ep_len_mean       | 75       |
|    ep_rew_mean       | -179     |
| time/                |          |
|    episodes          | 712      |
|    fps               | 1        |
|    time_elapsed      | 27858    |
|    total_timesteps   | 53400    |
| train/               |          |
|    actor_loss        | 47.6     |
|    critic_loss       | 2.82     |
|    ent_coef          | 0.0491   |
|    ent_coef_loss     | 0.26     |
|    learning_rate     | 0.0003   |
|    n_updates         | 400470   |
|    noise_critic_loss | 13.4     |
-----------------------------------
-----------------------------------
| rollout/             |          |
|    ep_len_mean       | 75       |
|    ep_rew_mean       | -182     |
| time/                |          |
|    episodes          | 716      |
|    fps               | 1        |
|    time_elapsed      | 27970    |
|    total_timesteps   | 53700    |
| train/               |          |
|    actor_loss        | 47.6     |
|    critic_loss       | 2.95     |
|    ent_coef          | 0.0495   |
|    ent_coef_loss     | 0.174    |
|    learning_rate     | 0.0003   |
|    n_updates         | 402720   |
|    noise_critic_loss | 12.9     |
-----------------------------------
-----------------------------------
| rollout/             |          |
|    ep_len_mean       | 75       |
|    ep_rew_mean       | -182     |
| time/                |          |
|    episodes          | 720      |
|    fps               | 1        |
|    time_elapsed      | 28082    |
|    total_timesteps   | 54000    |
| train/               |          |
|    actor_loss        | 47.9     |
|    critic_loss       | 3.45     |
|    ent_coef          | 0.051    |
|    ent_coef_loss     | -0.367   |
|    learning_rate     | 0.0003   |
|    n_updates         | 404970   |
|    noise_critic_loss | 13.1     |
-----------------------------------
-----------------------------------
| rollout/             |          |
|    ep_len_mean       | 75       |
|    ep_rew_mean       | -180     |
| time/                |          |
|    episodes          | 724      |
|    fps               | 1        |
|    time_elapsed      | 28196    |
|    total_timesteps   | 54300    |
| train/               |          |
|    actor_loss        | 47.6     |
|    critic_loss       | 3.22     |
|    ent_coef          | 0.0509   |
|    ent_coef_loss     | 0.725    |
|    learning_rate     | 0.0003   |
|    n_updates         | 407220   |
|    noise_critic_loss | 14.1     |
-----------------------------------
-----------------------------------
| rollout/             |          |
|    ep_len_mean       | 75       |
|    ep_rew_mean       | -179     |
| time/                |          |
|    episodes          | 728      |
|    fps               | 1        |
|    time_elapsed      | 28310    |
|    total_timesteps   | 54600    |
| train/               |          |
|    actor_loss        | 47       |
|    critic_loss       | 3.43     |
|    ent_coef          | 0.0511   |
|    ent_coef_loss     | 0.298    |
|    learning_rate     | 0.0003   |
|    n_updates         | 409470   |
|    noise_critic_loss | 13.6     |
-----------------------------------
-----------------------------------
| rollout/             |          |
|    ep_len_mean       | 75       |
|    ep_rew_mean       | -177     |
| time/                |          |
|    episodes          | 732      |
|    fps               | 1        |
|    time_elapsed      | 28423    |
|    total_timesteps   | 54900    |
| train/               |          |
|    actor_loss        | 47.5     |
|    critic_loss       | 3.34     |
|    ent_coef          | 0.0499   |
|    ent_coef_loss     | 0.373    |
|    learning_rate     | 0.0003   |
|    n_updates         | 411720   |
|    noise_critic_loss | 13.5     |
-----------------------------------
-----------------------------------
| rollout/             |          |
|    ep_len_mean       | 75       |
|    ep_rew_mean       | -175     |
| time/                |          |
|    episodes          | 736      |
|    fps               | 1        |
|    time_elapsed      | 28537    |
|    total_timesteps   | 55200    |
| train/               |          |
|    actor_loss        | 47.4     |
|    critic_loss       | 3.09     |
|    ent_coef          | 0.049    |
|    ent_coef_loss     | -0.304   |
|    learning_rate     | 0.0003   |
|    n_updates         | 413970   |
|    noise_critic_loss | 13.4     |
-----------------------------------
-----------------------------------
| rollout/             |          |
|    ep_len_mean       | 75       |
|    ep_rew_mean       | -175     |
| time/                |          |
|    episodes          | 740      |
|    fps               | 1        |
|    time_elapsed      | 28650    |
|    total_timesteps   | 55500    |
| train/               |          |
|    actor_loss        | 47.9     |
|    critic_loss       | 3.24     |
|    ent_coef          | 0.0499   |
|    ent_coef_loss     | 0.187    |
|    learning_rate     | 0.0003   |
|    n_updates         | 416220   |
|    noise_critic_loss | 13.6     |
-----------------------------------
-----------------------------------
| rollout/             |          |
|    ep_len_mean       | 75       |
|    ep_rew_mean       | -174     |
| time/                |          |
|    episodes          | 744      |
|    fps               | 1        |
|    time_elapsed      | 28763    |
|    total_timesteps   | 55800    |
| train/               |          |
|    actor_loss        | 48.2     |
|    critic_loss       | 3.44     |
|    ent_coef          | 0.0496   |
|    ent_coef_loss     | -0.649   |
|    learning_rate     | 0.0003   |
|    n_updates         | 418470   |
|    noise_critic_loss | 13.6     |
-----------------------------------
-----------------------------------
| rollout/             |          |
|    ep_len_mean       | 75       |
|    ep_rew_mean       | -175     |
| time/                |          |
|    episodes          | 748      |
|    fps               | 1        |
|    time_elapsed      | 28875    |
|    total_timesteps   | 56100    |
| train/               |          |
|    actor_loss        | 48.5     |
|    critic_loss       | 3.22     |
|    ent_coef          | 0.0498   |
|    ent_coef_loss     | 0.778    |
|    learning_rate     | 0.0003   |
|    n_updates         | 420720   |
|    noise_critic_loss | 13.2     |
-----------------------------------
-----------------------------------
| rollout/             |          |
|    ep_len_mean       | 75       |
|    ep_rew_mean       | -176     |
| time/                |          |
|    episodes          | 752      |
|    fps               | 1        |
|    time_elapsed      | 28987    |
|    total_timesteps   | 56400    |
| train/               |          |
|    actor_loss        | 47.6     |
|    critic_loss       | 3.24     |
|    ent_coef          | 0.0486   |
|    ent_coef_loss     | 0.51     |
|    learning_rate     | 0.0003   |
|    n_updates         | 422970   |
|    noise_critic_loss | 13.6     |
-----------------------------------
-----------------------------------
| rollout/             |          |
|    ep_len_mean       | 75       |
|    ep_rew_mean       | -174     |
| time/                |          |
|    episodes          | 756      |
|    fps               | 1        |
|    time_elapsed      | 29100    |
|    total_timesteps   | 56700    |
| train/               |          |
|    actor_loss        | 48.7     |
|    critic_loss       | 3.05     |
|    ent_coef          | 0.0489   |
|    ent_coef_loss     | -0.114   |
|    learning_rate     | 0.0003   |
|    n_updates         | 425220   |
|    noise_critic_loss | 12.1     |
-----------------------------------
-----------------------------------
| rollout/             |          |
|    ep_len_mean       | 75       |
|    ep_rew_mean       | -172     |
| time/                |          |
|    episodes          | 760      |
|    fps               | 1        |
|    time_elapsed      | 29214    |
|    total_timesteps   | 57000    |
| train/               |          |
|    actor_loss        | 48.3     |
|    critic_loss       | 3.09     |
|    ent_coef          | 0.0487   |
|    ent_coef_loss     | 0.465    |
|    learning_rate     | 0.0003   |
|    n_updates         | 427470   |
|    noise_critic_loss | 13.2     |
-----------------------------------
-----------------------------------
| rollout/             |          |
|    ep_len_mean       | 75       |
|    ep_rew_mean       | -177     |
| time/                |          |
|    episodes          | 764      |
|    fps               | 1        |
|    time_elapsed      | 29327    |
|    total_timesteps   | 57300    |
| train/               |          |
|    actor_loss        | 48.2     |
|    critic_loss       | 3.13     |
|    ent_coef          | 0.0479   |
|    ent_coef_loss     | -0.13    |
|    learning_rate     | 0.0003   |
|    n_updates         | 429720   |
|    noise_critic_loss | 13       |
-----------------------------------
-----------------------------------
| rollout/             |          |
|    ep_len_mean       | 75       |
|    ep_rew_mean       | -174     |
| time/                |          |
|    episodes          | 768      |
|    fps               | 1        |
|    time_elapsed      | 29439    |
|    total_timesteps   | 57600    |
| train/               |          |
|    actor_loss        | 48.7     |
|    critic_loss       | 3.37     |
|    ent_coef          | 0.0488   |
|    ent_coef_loss     | -0.43    |
|    learning_rate     | 0.0003   |
|    n_updates         | 431970   |
|    noise_critic_loss | 12.9     |
-----------------------------------
-----------------------------------
| rollout/             |          |
|    ep_len_mean       | 75       |
|    ep_rew_mean       | -172     |
| time/                |          |
|    episodes          | 772      |
|    fps               | 1        |
|    time_elapsed      | 29552    |
|    total_timesteps   | 57900    |
| train/               |          |
|    actor_loss        | 48.7     |
|    critic_loss       | 3        |
|    ent_coef          | 0.0483   |
|    ent_coef_loss     | -0.237   |
|    learning_rate     | 0.0003   |
|    n_updates         | 434220   |
|    noise_critic_loss | 13.6     |
-----------------------------------
-----------------------------------
| rollout/             |          |
|    ep_len_mean       | 75       |
|    ep_rew_mean       | -169     |
| time/                |          |
|    episodes          | 776      |
|    fps               | 1        |
|    time_elapsed      | 29666    |
|    total_timesteps   | 58200    |
| train/               |          |
|    actor_loss        | 48.2     |
|    critic_loss       | 3.21     |
|    ent_coef          | 0.0489   |
|    ent_coef_loss     | 0.0786   |
|    learning_rate     | 0.0003   |
|    n_updates         | 436470   |
|    noise_critic_loss | 12.8     |
-----------------------------------
-----------------------------------
| rollout/             |          |
|    ep_len_mean       | 75       |
|    ep_rew_mean       | -167     |
| time/                |          |
|    episodes          | 780      |
|    fps               | 1        |
|    time_elapsed      | 29777    |
|    total_timesteps   | 58500    |
| train/               |          |
|    actor_loss        | 48.6     |
|    critic_loss       | 3.05     |
|    ent_coef          | 0.0484   |
|    ent_coef_loss     | 0.0919   |
|    learning_rate     | 0.0003   |
|    n_updates         | 438720   |
|    noise_critic_loss | 13.3     |
-----------------------------------
-----------------------------------
| rollout/             |          |
|    ep_len_mean       | 75       |
|    ep_rew_mean       | -168     |
| time/                |          |
|    episodes          | 784      |
|    fps               | 1        |
|    time_elapsed      | 29891    |
|    total_timesteps   | 58800    |
| train/               |          |
|    actor_loss        | 47.8     |
|    critic_loss       | 2.87     |
|    ent_coef          | 0.049    |
|    ent_coef_loss     | 0.163    |
|    learning_rate     | 0.0003   |
|    n_updates         | 440970   |
|    noise_critic_loss | 13.2     |
-----------------------------------
-----------------------------------
| rollout/             |          |
|    ep_len_mean       | 75       |
|    ep_rew_mean       | -166     |
| time/                |          |
|    episodes          | 788      |
|    fps               | 1        |
|    time_elapsed      | 30004    |
|    total_timesteps   | 59100    |
| train/               |          |
|    actor_loss        | 48.4     |
|    critic_loss       | 3.29     |
|    ent_coef          | 0.0492   |
|    ent_coef_loss     | 0.489    |
|    learning_rate     | 0.0003   |
|    n_updates         | 443220   |
|    noise_critic_loss | 13.2     |
-----------------------------------
-----------------------------------
| rollout/             |          |
|    ep_len_mean       | 75       |
|    ep_rew_mean       | -166     |
| time/                |          |
|    episodes          | 792      |
|    fps               | 1        |
|    time_elapsed      | 30117    |
|    total_timesteps   | 59400    |
| train/               |          |
|    actor_loss        | 48       |
|    critic_loss       | 2.89     |
|    ent_coef          | 0.0491   |
|    ent_coef_loss     | 0.622    |
|    learning_rate     | 0.0003   |
|    n_updates         | 445470   |
|    noise_critic_loss | 11.9     |
-----------------------------------
-----------------------------------
| rollout/             |          |
|    ep_len_mean       | 75       |
|    ep_rew_mean       | -164     |
| time/                |          |
|    episodes          | 796      |
|    fps               | 1        |
|    time_elapsed      | 30230    |
|    total_timesteps   | 59700    |
| train/               |          |
|    actor_loss        | 47.4     |
|    critic_loss       | 3.33     |
|    ent_coef          | 0.0487   |
|    ent_coef_loss     | 0.11     |
|    learning_rate     | 0.0003   |
|    n_updates         | 447720   |
|    noise_critic_loss | 12.4     |
-----------------------------------
eval episode 0 at timestep 246004
eval episode 1 at timestep 246004
eval episode 2 at timestep 246004
eval episode 3 at timestep 246004
eval episode 4 at timestep 246004
eval episode 5 at timestep 246004
eval episode 6 at timestep 246004
eval episode 7 at timestep 246004
-----------------------------------
| rollout/             |          |
|    ep_len_mean       | 75       |
|    ep_rew_mean       | -164     |
| time/                |          |
|    episodes          | 800      |
|    fps               | 1        |
|    time_elapsed      | 32197    |
|    total_timesteps   | 60000    |
| train/               |          |
|    actor_loss        | 47.8     |
|    critic_loss       | 2.83     |
|    ent_coef          | 0.0486   |
|    ent_coef_loss     | -0.644   |
|    learning_rate     | 0.0003   |
|    n_updates         | 449970   |
|    noise_critic_loss | 13.3     |
-----------------------------------
-----------------------------------
| rollout/             |          |
|    ep_len_mean       | 75       |
|    ep_rew_mean       | -164     |
| time/                |          |
|    episodes          | 804      |
|    fps               | 1        |
|    time_elapsed      | 32310    |
|    total_timesteps   | 60300    |
| train/               |          |
|    actor_loss        | 47.6     |
|    critic_loss       | 3.49     |
|    ent_coef          | 0.0481   |
|    ent_coef_loss     | 0.0257   |
|    learning_rate     | 0.0003   |
|    n_updates         | 452220   |
|    noise_critic_loss | 13.4     |
-----------------------------------
-----------------------------------
| rollout/             |          |
|    ep_len_mean       | 75       |
|    ep_rew_mean       | -163     |
| time/                |          |
|    episodes          | 808      |
|    fps               | 1        |
|    time_elapsed      | 32423    |
|    total_timesteps   | 60600    |
| train/               |          |
|    actor_loss        | 48.2     |
|    critic_loss       | 3.68     |
|    ent_coef          | 0.0482   |
|    ent_coef_loss     | -0.237   |
|    learning_rate     | 0.0003   |
|    n_updates         | 454470   |
|    noise_critic_loss | 13.9     |
-----------------------------------
-----------------------------------
| rollout/             |          |
|    ep_len_mean       | 75       |
|    ep_rew_mean       | -159     |
| time/                |          |
|    episodes          | 812      |
|    fps               | 1        |
|    time_elapsed      | 32536    |
|    total_timesteps   | 60900    |
| train/               |          |
|    actor_loss        | 48.7     |
|    critic_loss       | 3.46     |
|    ent_coef          | 0.0482   |
|    ent_coef_loss     | 0.181    |
|    learning_rate     | 0.0003   |
|    n_updates         | 456720   |
|    noise_critic_loss | 13.1     |
-----------------------------------
-----------------------------------
| rollout/             |          |
|    ep_len_mean       | 75       |
|    ep_rew_mean       | -155     |
| time/                |          |
|    episodes          | 816      |
|    fps               | 1        |
|    time_elapsed      | 32649    |
|    total_timesteps   | 61200    |
| train/               |          |
|    actor_loss        | 48       |
|    critic_loss       | 2.96     |
|    ent_coef          | 0.0476   |
|    ent_coef_loss     | 0.262    |
|    learning_rate     | 0.0003   |
|    n_updates         | 458970   |
|    noise_critic_loss | 12.5     |
-----------------------------------
-----------------------------------
| rollout/             |          |
|    ep_len_mean       | 75       |
|    ep_rew_mean       | -152     |
| time/                |          |
|    episodes          | 820      |
|    fps               | 1        |
|    time_elapsed      | 32762    |
|    total_timesteps   | 61500    |
| train/               |          |
|    actor_loss        | 48.5     |
|    critic_loss       | 3.24     |
|    ent_coef          | 0.0473   |
|    ent_coef_loss     | 0.307    |
|    learning_rate     | 0.0003   |
|    n_updates         | 461220   |
|    noise_critic_loss | 12.6     |
-----------------------------------
-----------------------------------
| rollout/             |          |
|    ep_len_mean       | 75       |
|    ep_rew_mean       | -151     |
| time/                |          |
|    episodes          | 824      |
|    fps               | 1        |
|    time_elapsed      | 32874    |
|    total_timesteps   | 61800    |
| train/               |          |
|    actor_loss        | 48.7     |
|    critic_loss       | 3.15     |
|    ent_coef          | 0.047    |
|    ent_coef_loss     | -1.25    |
|    learning_rate     | 0.0003   |
|    n_updates         | 463470   |
|    noise_critic_loss | 12.2     |
-----------------------------------
-----------------------------------
| rollout/             |          |
|    ep_len_mean       | 75       |
|    ep_rew_mean       | -154     |
| time/                |          |
|    episodes          | 828      |
|    fps               | 1        |
|    time_elapsed      | 32987    |
|    total_timesteps   | 62100    |
| train/               |          |
|    actor_loss        | 49.1     |
|    critic_loss       | 3.18     |
|    ent_coef          | 0.0466   |
|    ent_coef_loss     | -0.0844  |
|    learning_rate     | 0.0003   |
|    n_updates         | 465720   |
|    noise_critic_loss | 12.1     |
-----------------------------------
-----------------------------------
| rollout/             |          |
|    ep_len_mean       | 75       |
|    ep_rew_mean       | -155     |
| time/                |          |
|    episodes          | 832      |
|    fps               | 1        |
|    time_elapsed      | 33101    |
|    total_timesteps   | 62400    |
| train/               |          |
|    actor_loss        | 48.9     |
|    critic_loss       | 2.95     |
|    ent_coef          | 0.0471   |
|    ent_coef_loss     | -0.677   |
|    learning_rate     | 0.0003   |
|    n_updates         | 467970   |
|    noise_critic_loss | 11.9     |
-----------------------------------
-----------------------------------
| rollout/             |          |
|    ep_len_mean       | 75       |
|    ep_rew_mean       | -154     |
| time/                |          |
|    episodes          | 836      |
|    fps               | 1        |
|    time_elapsed      | 33214    |
|    total_timesteps   | 62700    |
| train/               |          |
|    actor_loss        | 48.6     |
|    critic_loss       | 3.14     |
|    ent_coef          | 0.0472   |
|    ent_coef_loss     | 0.454    |
|    learning_rate     | 0.0003   |
|    n_updates         | 470220   |
|    noise_critic_loss | 13.1     |
-----------------------------------
-----------------------------------
| rollout/             |          |
|    ep_len_mean       | 75       |
|    ep_rew_mean       | -154     |
| time/                |          |
|    episodes          | 840      |
|    fps               | 1        |
|    time_elapsed      | 33326    |
|    total_timesteps   | 63000    |
| train/               |          |
|    actor_loss        | 49.3     |
|    critic_loss       | 3.16     |
|    ent_coef          | 0.0474   |
|    ent_coef_loss     | -0.16    |
|    learning_rate     | 0.0003   |
|    n_updates         | 472470   |
|    noise_critic_loss | 12.7     |
-----------------------------------
-----------------------------------
| rollout/             |          |
|    ep_len_mean       | 75       |
|    ep_rew_mean       | -154     |
| time/                |          |
|    episodes          | 844      |
|    fps               | 1        |
|    time_elapsed      | 33439    |
|    total_timesteps   | 63300    |
| train/               |          |
|    actor_loss        | 49.2     |
|    critic_loss       | 3.31     |
|    ent_coef          | 0.0473   |
|    ent_coef_loss     | -0.619   |
|    learning_rate     | 0.0003   |
|    n_updates         | 474720   |
|    noise_critic_loss | 12.8     |
-----------------------------------
-----------------------------------
| rollout/             |          |
|    ep_len_mean       | 75       |
|    ep_rew_mean       | -154     |
| time/                |          |
|    episodes          | 848      |
|    fps               | 1        |
|    time_elapsed      | 33552    |
|    total_timesteps   | 63600    |
| train/               |          |
|    actor_loss        | 49.7     |
|    critic_loss       | 3.12     |
|    ent_coef          | 0.0481   |
|    ent_coef_loss     | 0.517    |
|    learning_rate     | 0.0003   |
|    n_updates         | 476970   |
|    noise_critic_loss | 12.8     |
-----------------------------------
-----------------------------------
| rollout/             |          |
|    ep_len_mean       | 75       |
|    ep_rew_mean       | -152     |
| time/                |          |
|    episodes          | 852      |
|    fps               | 1        |
|    time_elapsed      | 33664    |
|    total_timesteps   | 63900    |
| train/               |          |
|    actor_loss        | 49.1     |
|    critic_loss       | 3.31     |
|    ent_coef          | 0.0467   |
|    ent_coef_loss     | -0.152   |
|    learning_rate     | 0.0003   |
|    n_updates         | 479220   |
|    noise_critic_loss | 13.3     |
-----------------------------------
-----------------------------------
| rollout/             |          |
|    ep_len_mean       | 75       |
|    ep_rew_mean       | -152     |
| time/                |          |
|    episodes          | 856      |
|    fps               | 1        |
|    time_elapsed      | 33778    |
|    total_timesteps   | 64200    |
| train/               |          |
|    actor_loss        | 49.6     |
|    critic_loss       | 3.14     |
|    ent_coef          | 0.0473   |
|    ent_coef_loss     | 0.894    |
|    learning_rate     | 0.0003   |
|    n_updates         | 481470   |
|    noise_critic_loss | 12.4     |
-----------------------------------
-----------------------------------
| rollout/             |          |
|    ep_len_mean       | 75       |
|    ep_rew_mean       | -154     |
| time/                |          |
|    episodes          | 860      |
|    fps               | 1        |
|    time_elapsed      | 33891    |
|    total_timesteps   | 64500    |
| train/               |          |
|    actor_loss        | 48.8     |
|    critic_loss       | 3.46     |
|    ent_coef          | 0.0488   |
|    ent_coef_loss     | -0.524   |
|    learning_rate     | 0.0003   |
|    n_updates         | 483720   |
|    noise_critic_loss | 12.9     |
-----------------------------------
-----------------------------------
| rollout/             |          |
|    ep_len_mean       | 75       |
|    ep_rew_mean       | -151     |
| time/                |          |
|    episodes          | 864      |
|    fps               | 1        |
|    time_elapsed      | 34004    |
|    total_timesteps   | 64800    |
| train/               |          |
|    actor_loss        | 49.6     |
|    critic_loss       | 3.17     |
|    ent_coef          | 0.0478   |
|    ent_coef_loss     | 0.285    |
|    learning_rate     | 0.0003   |
|    n_updates         | 485970   |
|    noise_critic_loss | 12       |
-----------------------------------
-----------------------------------
| rollout/             |          |
|    ep_len_mean       | 75       |
|    ep_rew_mean       | -152     |
| time/                |          |
|    episodes          | 868      |
|    fps               | 1        |
|    time_elapsed      | 34116    |
|    total_timesteps   | 65100    |
| train/               |          |
|    actor_loss        | 49.1     |
|    critic_loss       | 3.04     |
|    ent_coef          | 0.0492   |
|    ent_coef_loss     | -0.558   |
|    learning_rate     | 0.0003   |
|    n_updates         | 488220   |
|    noise_critic_loss | 14.2     |
-----------------------------------
-----------------------------------
| rollout/             |          |
|    ep_len_mean       | 75       |
|    ep_rew_mean       | -152     |
| time/                |          |
|    episodes          | 872      |
|    fps               | 1        |
|    time_elapsed      | 34230    |
|    total_timesteps   | 65400    |
| train/               |          |
|    actor_loss        | 50.2     |
|    critic_loss       | 2.94     |
|    ent_coef          | 0.0483   |
|    ent_coef_loss     | 0.251    |
|    learning_rate     | 0.0003   |
|    n_updates         | 490470   |
|    noise_critic_loss | 13.5     |
-----------------------------------
-----------------------------------
| rollout/             |          |
|    ep_len_mean       | 75       |
|    ep_rew_mean       | -153     |
| time/                |          |
|    episodes          | 876      |
|    fps               | 1        |
|    time_elapsed      | 34343    |
|    total_timesteps   | 65700    |
| train/               |          |
|    actor_loss        | 50.3     |
|    critic_loss       | 2.69     |
|    ent_coef          | 0.0472   |
|    ent_coef_loss     | -0.892   |
|    learning_rate     | 0.0003   |
|    n_updates         | 492720   |
|    noise_critic_loss | 13.3     |
-----------------------------------
-----------------------------------
| rollout/             |          |
|    ep_len_mean       | 75       |
|    ep_rew_mean       | -156     |
| time/                |          |
|    episodes          | 880      |
|    fps               | 1        |
|    time_elapsed      | 34455    |
|    total_timesteps   | 66000    |
| train/               |          |
|    actor_loss        | 50.7     |
|    critic_loss       | 3.14     |
|    ent_coef          | 0.0475   |
|    ent_coef_loss     | -0.325   |
|    learning_rate     | 0.0003   |
|    n_updates         | 494970   |
|    noise_critic_loss | 12.8     |
-----------------------------------
-----------------------------------
| rollout/             |          |
|    ep_len_mean       | 75       |
|    ep_rew_mean       | -155     |
| time/                |          |
|    episodes          | 884      |
|    fps               | 1        |
|    time_elapsed      | 34567    |
|    total_timesteps   | 66300    |
| train/               |          |
|    actor_loss        | 50.7     |
|    critic_loss       | 3.08     |
|    ent_coef          | 0.0479   |
|    ent_coef_loss     | -0.14    |
|    learning_rate     | 0.0003   |
|    n_updates         | 497220   |
|    noise_critic_loss | 13.1     |
-----------------------------------
-----------------------------------
| rollout/             |          |
|    ep_len_mean       | 75       |
|    ep_rew_mean       | -155     |
| time/                |          |
|    episodes          | 888      |
|    fps               | 1        |
|    time_elapsed      | 34681    |
|    total_timesteps   | 66600    |
| train/               |          |
|    actor_loss        | 50.4     |
|    critic_loss       | 2.92     |
|    ent_coef          | 0.0477   |
|    ent_coef_loss     | -0.189   |
|    learning_rate     | 0.0003   |
|    n_updates         | 499470   |
|    noise_critic_loss | 12.6     |
-----------------------------------
-----------------------------------
| rollout/             |          |
|    ep_len_mean       | 75       |
|    ep_rew_mean       | -155     |
| time/                |          |
|    episodes          | 892      |
|    fps               | 1        |
|    time_elapsed      | 34794    |
|    total_timesteps   | 66900    |
| train/               |          |
|    actor_loss        | 50.6     |
|    critic_loss       | 2.96     |
|    ent_coef          | 0.0473   |
|    ent_coef_loss     | 0.466    |
|    learning_rate     | 0.0003   |
|    n_updates         | 501720   |
|    noise_critic_loss | 12.2     |
-----------------------------------
-----------------------------------
| rollout/             |          |
|    ep_len_mean       | 75       |
|    ep_rew_mean       | -158     |
| time/                |          |
|    episodes          | 896      |
|    fps               | 1        |
|    time_elapsed      | 34908    |
|    total_timesteps   | 67200    |
| train/               |          |
|    actor_loss        | 51.4     |
|    critic_loss       | 2.95     |
|    ent_coef          | 0.0479   |
|    ent_coef_loss     | 0.0746   |
|    learning_rate     | 0.0003   |
|    n_updates         | 503970   |
|    noise_critic_loss | 11.9     |
-----------------------------------
-----------------------------------
| rollout/             |          |
|    ep_len_mean       | 75       |
|    ep_rew_mean       | -157     |
| time/                |          |
|    episodes          | 900      |
|    fps               | 1        |
|    time_elapsed      | 35021    |
|    total_timesteps   | 67500    |
| train/               |          |
|    actor_loss        | 50.7     |
|    critic_loss       | 3.17     |
|    ent_coef          | 0.0471   |
|    ent_coef_loss     | -0.0477  |
|    learning_rate     | 0.0003   |
|    n_updates         | 506220   |
|    noise_critic_loss | 11.8     |
-----------------------------------
-----------------------------------
| rollout/             |          |
|    ep_len_mean       | 75       |
|    ep_rew_mean       | -156     |
| time/                |          |
|    episodes          | 904      |
|    fps               | 1        |
|    time_elapsed      | 35133    |
|    total_timesteps   | 67800    |
| train/               |          |
|    actor_loss        | 50.4     |
|    critic_loss       | 2.87     |
|    ent_coef          | 0.0475   |
|    ent_coef_loss     | -0.285   |
|    learning_rate     | 0.0003   |
|    n_updates         | 508470   |
|    noise_critic_loss | 13.1     |
-----------------------------------
-----------------------------------
| rollout/             |          |
|    ep_len_mean       | 75       |
|    ep_rew_mean       | -158     |
| time/                |          |
|    episodes          | 908      |
|    fps               | 1        |
|    time_elapsed      | 35246    |
|    total_timesteps   | 68100    |
| train/               |          |
|    actor_loss        | 50.9     |
|    critic_loss       | 3.14     |
|    ent_coef          | 0.0478   |
|    ent_coef_loss     | -1.06    |
|    learning_rate     | 0.0003   |
|    n_updates         | 510720   |
|    noise_critic_loss | 12.6     |
-----------------------------------
-----------------------------------
| rollout/             |          |
|    ep_len_mean       | 75       |
|    ep_rew_mean       | -157     |
| time/                |          |
|    episodes          | 912      |
|    fps               | 1        |
|    time_elapsed      | 35359    |
|    total_timesteps   | 68400    |
| train/               |          |
|    actor_loss        | 50.3     |
|    critic_loss       | 3.08     |
|    ent_coef          | 0.0474   |
|    ent_coef_loss     | -0.176   |
|    learning_rate     | 0.0003   |
|    n_updates         | 512970   |
|    noise_critic_loss | 13.1     |
-----------------------------------
-----------------------------------
| rollout/             |          |
|    ep_len_mean       | 75       |
|    ep_rew_mean       | -161     |
| time/                |          |
|    episodes          | 916      |
|    fps               | 1        |
|    time_elapsed      | 35471    |
|    total_timesteps   | 68700    |
| train/               |          |
|    actor_loss        | 50.5     |
|    critic_loss       | 3.43     |
|    ent_coef          | 0.0475   |
|    ent_coef_loss     | -0.239   |
|    learning_rate     | 0.0003   |
|    n_updates         | 515220   |
|    noise_critic_loss | 13.1     |
-----------------------------------
-----------------------------------
| rollout/             |          |
|    ep_len_mean       | 75       |
|    ep_rew_mean       | -163     |
| time/                |          |
|    episodes          | 920      |
|    fps               | 1        |
|    time_elapsed      | 35584    |
|    total_timesteps   | 69000    |
| train/               |          |
|    actor_loss        | 50.5     |
|    critic_loss       | 3.13     |
|    ent_coef          | 0.047    |
|    ent_coef_loss     | 0.469    |
|    learning_rate     | 0.0003   |
|    n_updates         | 517470   |
|    noise_critic_loss | 12.8     |
-----------------------------------
-----------------------------------
| rollout/             |          |
|    ep_len_mean       | 75       |
|    ep_rew_mean       | -163     |
| time/                |          |
|    episodes          | 924      |
|    fps               | 1        |
|    time_elapsed      | 35697    |
|    total_timesteps   | 69300    |
| train/               |          |
|    actor_loss        | 50.5     |
|    critic_loss       | 3        |
|    ent_coef          | 0.048    |
|    ent_coef_loss     | -0.306   |
|    learning_rate     | 0.0003   |
|    n_updates         | 519720   |
|    noise_critic_loss | 12.7     |
-----------------------------------
-----------------------------------
| rollout/             |          |
|    ep_len_mean       | 75       |
|    ep_rew_mean       | -159     |
| time/                |          |
|    episodes          | 928      |
|    fps               | 1        |
|    time_elapsed      | 35810    |
|    total_timesteps   | 69600    |
| train/               |          |
|    actor_loss        | 50.7     |
|    critic_loss       | 3.25     |
|    ent_coef          | 0.0478   |
|    ent_coef_loss     | -0.519   |
|    learning_rate     | 0.0003   |
|    n_updates         | 521970   |
|    noise_critic_loss | 12.8     |
-----------------------------------
-----------------------------------
| rollout/             |          |
|    ep_len_mean       | 75       |
|    ep_rew_mean       | -159     |
| time/                |          |
|    episodes          | 932      |
|    fps               | 1        |
|    time_elapsed      | 35923    |
|    total_timesteps   | 69900    |
| train/               |          |
|    actor_loss        | 50.4     |
|    critic_loss       | 3.48     |
|    ent_coef          | 0.0477   |
|    ent_coef_loss     | -0.217   |
|    learning_rate     | 0.0003   |
|    n_updates         | 524220   |
|    noise_critic_loss | 12.7     |
-----------------------------------
-----------------------------------
| rollout/             |          |
|    ep_len_mean       | 75       |
|    ep_rew_mean       | -161     |
| time/                |          |
|    episodes          | 936      |
|    fps               | 1        |
|    time_elapsed      | 36035    |
|    total_timesteps   | 70200    |
| train/               |          |
|    actor_loss        | 50.6     |
|    critic_loss       | 3.27     |
|    ent_coef          | 0.0473   |
|    ent_coef_loss     | 0.21     |
|    learning_rate     | 0.0003   |
|    n_updates         | 526470   |
|    noise_critic_loss | 12.5     |
-----------------------------------
-----------------------------------
| rollout/             |          |
|    ep_len_mean       | 75       |
|    ep_rew_mean       | -159     |
| time/                |          |
|    episodes          | 940      |
|    fps               | 1        |
|    time_elapsed      | 36149    |
|    total_timesteps   | 70500    |
| train/               |          |
|    actor_loss        | 50.1     |
|    critic_loss       | 3.3      |
|    ent_coef          | 0.0479   |
|    ent_coef_loss     | -0.354   |
|    learning_rate     | 0.0003   |
|    n_updates         | 528720   |
|    noise_critic_loss | 13.1     |
-----------------------------------
-----------------------------------
| rollout/             |          |
|    ep_len_mean       | 75       |
|    ep_rew_mean       | -160     |
| time/                |          |
|    episodes          | 944      |
|    fps               | 1        |
|    time_elapsed      | 36263    |
|    total_timesteps   | 70800    |
| train/               |          |
|    actor_loss        | 51       |
|    critic_loss       | 3.1      |
|    ent_coef          | 0.0463   |
|    ent_coef_loss     | 0.297    |
|    learning_rate     | 0.0003   |
|    n_updates         | 530970   |
|    noise_critic_loss | 12.5     |
-----------------------------------
-----------------------------------
| rollout/             |          |
|    ep_len_mean       | 75       |
|    ep_rew_mean       | -160     |
| time/                |          |
|    episodes          | 948      |
|    fps               | 1        |
|    time_elapsed      | 36376    |
|    total_timesteps   | 71100    |
| train/               |          |
|    actor_loss        | 51       |
|    critic_loss       | 3.01     |
|    ent_coef          | 0.0462   |
|    ent_coef_loss     | -0.023   |
|    learning_rate     | 0.0003   |
|    n_updates         | 533220   |
|    noise_critic_loss | 12.4     |
-----------------------------------
-----------------------------------
| rollout/             |          |
|    ep_len_mean       | 75       |
|    ep_rew_mean       | -159     |
| time/                |          |
|    episodes          | 952      |
|    fps               | 1        |
|    time_elapsed      | 36488    |
|    total_timesteps   | 71400    |
| train/               |          |
|    actor_loss        | 50.3     |
|    critic_loss       | 3.07     |
|    ent_coef          | 0.046    |
|    ent_coef_loss     | -0.642   |
|    learning_rate     | 0.0003   |
|    n_updates         | 535470   |
|    noise_critic_loss | 11.7     |
-----------------------------------
-----------------------------------
| rollout/             |          |
|    ep_len_mean       | 75       |
|    ep_rew_mean       | -157     |
| time/                |          |
|    episodes          | 956      |
|    fps               | 1        |
|    time_elapsed      | 36601    |
|    total_timesteps   | 71700    |
| train/               |          |
|    actor_loss        | 50.2     |
|    critic_loss       | 3.22     |
|    ent_coef          | 0.0465   |
|    ent_coef_loss     | 0.573    |
|    learning_rate     | 0.0003   |
|    n_updates         | 537720   |
|    noise_critic_loss | 12.6     |
-----------------------------------
eval episode 0 at timestep 294004
eval episode 1 at timestep 294004
eval episode 2 at timestep 294004
eval episode 3 at timestep 294004
eval episode 4 at timestep 294004
eval episode 5 at timestep 294004
eval episode 6 at timestep 294004
eval episode 7 at timestep 294004
-----------------------------------
| rollout/             |          |
|    ep_len_mean       | 75       |
|    ep_rew_mean       | -154     |
| time/                |          |
|    episodes          | 960      |
|    fps               | 1        |
|    time_elapsed      | 38574    |
|    total_timesteps   | 72000    |
| train/               |          |
|    actor_loss        | 50.4     |
|    critic_loss       | 3.01     |
|    ent_coef          | 0.0465   |
|    ent_coef_loss     | -0.601   |
|    learning_rate     | 0.0003   |
|    n_updates         | 539970   |
|    noise_critic_loss | 11.5     |
-----------------------------------
-----------------------------------
| rollout/             |          |
|    ep_len_mean       | 75       |
|    ep_rew_mean       | -155     |
| time/                |          |
|    episodes          | 964      |
|    fps               | 1        |
|    time_elapsed      | 38686    |
|    total_timesteps   | 72300    |
| train/               |          |
|    actor_loss        | 49.5     |
|    critic_loss       | 3.37     |
|    ent_coef          | 0.0463   |
|    ent_coef_loss     | -1.1     |
|    learning_rate     | 0.0003   |
|    n_updates         | 542220   |
|    noise_critic_loss | 11.9     |
-----------------------------------
-----------------------------------
| rollout/             |          |
|    ep_len_mean       | 75       |
|    ep_rew_mean       | -153     |
| time/                |          |
|    episodes          | 968      |
|    fps               | 1        |
|    time_elapsed      | 38799    |
|    total_timesteps   | 72600    |
| train/               |          |
|    actor_loss        | 49.9     |
|    critic_loss       | 2.97     |
|    ent_coef          | 0.046    |
|    ent_coef_loss     | -0.601   |
|    learning_rate     | 0.0003   |
|    n_updates         | 544470   |
|    noise_critic_loss | 11.2     |
-----------------------------------
-----------------------------------
| rollout/             |          |
|    ep_len_mean       | 75       |
|    ep_rew_mean       | -157     |
| time/                |          |
|    episodes          | 972      |
|    fps               | 1        |
|    time_elapsed      | 38911    |
|    total_timesteps   | 72900    |
| train/               |          |
|    actor_loss        | 50.3     |
|    critic_loss       | 2.81     |
|    ent_coef          | 0.0463   |
|    ent_coef_loss     | -1.17    |
|    learning_rate     | 0.0003   |
|    n_updates         | 546720   |
|    noise_critic_loss | 11.2     |
-----------------------------------
-----------------------------------
| rollout/             |          |
|    ep_len_mean       | 75       |
|    ep_rew_mean       | -160     |
| time/                |          |
|    episodes          | 976      |
|    fps               | 1        |
|    time_elapsed      | 39024    |
|    total_timesteps   | 73200    |
| train/               |          |
|    actor_loss        | 51.2     |
|    critic_loss       | 3.01     |
|    ent_coef          | 0.0461   |
|    ent_coef_loss     | 0.566    |
|    learning_rate     | 0.0003   |
|    n_updates         | 548970   |
|    noise_critic_loss | 11.7     |
-----------------------------------
-----------------------------------
| rollout/             |          |
|    ep_len_mean       | 75       |
|    ep_rew_mean       | -160     |
| time/                |          |
|    episodes          | 980      |
|    fps               | 1        |
|    time_elapsed      | 39137    |
|    total_timesteps   | 73500    |
| train/               |          |
|    actor_loss        | 51.8     |
|    critic_loss       | 3.05     |
|    ent_coef          | 0.0456   |
|    ent_coef_loss     | -0.555   |
|    learning_rate     | 0.0003   |
|    n_updates         | 551220   |
|    noise_critic_loss | 12.3     |
-----------------------------------
-----------------------------------
| rollout/             |          |
|    ep_len_mean       | 75       |
|    ep_rew_mean       | -161     |
| time/                |          |
|    episodes          | 984      |
|    fps               | 1        |
|    time_elapsed      | 39250    |
|    total_timesteps   | 73800    |
| train/               |          |
|    actor_loss        | 51       |
|    critic_loss       | 3.03     |
|    ent_coef          | 0.0465   |
|    ent_coef_loss     | -0.459   |
|    learning_rate     | 0.0003   |
|    n_updates         | 553470   |
|    noise_critic_loss | 12.2     |
-----------------------------------
-----------------------------------
| rollout/             |          |
|    ep_len_mean       | 75       |
|    ep_rew_mean       | -162     |
| time/                |          |
|    episodes          | 988      |
|    fps               | 1        |
|    time_elapsed      | 39362    |
|    total_timesteps   | 74100    |
| train/               |          |
|    actor_loss        | 51.1     |
|    critic_loss       | 3.25     |
|    ent_coef          | 0.047    |
|    ent_coef_loss     | -0.0181  |
|    learning_rate     | 0.0003   |
|    n_updates         | 555720   |
|    noise_critic_loss | 12.3     |
-----------------------------------
-----------------------------------
| rollout/             |          |
|    ep_len_mean       | 75       |
|    ep_rew_mean       | -161     |
| time/                |          |
|    episodes          | 992      |
|    fps               | 1        |
|    time_elapsed      | 39475    |
|    total_timesteps   | 74400    |
| train/               |          |
|    actor_loss        | 50.8     |
|    critic_loss       | 3.27     |
|    ent_coef          | 0.0463   |
|    ent_coef_loss     | 0.205    |
|    learning_rate     | 0.0003   |
|    n_updates         | 557970   |
|    noise_critic_loss | 13       |
-----------------------------------
-----------------------------------
| rollout/             |          |
|    ep_len_mean       | 75       |
|    ep_rew_mean       | -159     |
| time/                |          |
|    episodes          | 996      |
|    fps               | 1        |
|    time_elapsed      | 39587    |
|    total_timesteps   | 74700    |
| train/               |          |
|    actor_loss        | 51.1     |
|    critic_loss       | 3.09     |
|    ent_coef          | 0.0463   |
|    ent_coef_loss     | -0.519   |
|    learning_rate     | 0.0003   |
|    n_updates         | 560220   |
|    noise_critic_loss | 12.1     |
-----------------------------------
-----------------------------------
| rollout/             |          |
|    ep_len_mean       | 75       |
|    ep_rew_mean       | -157     |
| time/                |          |
|    episodes          | 1000     |
|    fps               | 1        |
|    time_elapsed      | 39700    |
|    total_timesteps   | 75000    |
| train/               |          |
|    actor_loss        | 51.2     |
|    critic_loss       | 3.14     |
|    ent_coef          | 0.0471   |
|    ent_coef_loss     | -0.749   |
|    learning_rate     | 0.0003   |
|    n_updates         | 562470   |
|    noise_critic_loss | 12.3     |
-----------------------------------
-----------------------------------
| rollout/             |          |
|    ep_len_mean       | 75       |
|    ep_rew_mean       | -160     |
| time/                |          |
|    episodes          | 1004     |
|    fps               | 1        |
|    time_elapsed      | 39812    |
|    total_timesteps   | 75300    |
| train/               |          |
|    actor_loss        | 51.6     |
|    critic_loss       | 3.03     |
|    ent_coef          | 0.046    |
|    ent_coef_loss     | 0.247    |
|    learning_rate     | 0.0003   |
|    n_updates         | 564720   |
|    noise_critic_loss | 12       |
-----------------------------------
-----------------------------------
| rollout/             |          |
|    ep_len_mean       | 75       |
|    ep_rew_mean       | -158     |
| time/                |          |
|    episodes          | 1008     |
|    fps               | 1        |
|    time_elapsed      | 39924    |
|    total_timesteps   | 75600    |
| train/               |          |
|    actor_loss        | 52       |
|    critic_loss       | 3.19     |
|    ent_coef          | 0.0461   |
|    ent_coef_loss     | 0.593    |
|    learning_rate     | 0.0003   |
|    n_updates         | 566970   |
|    noise_critic_loss | 12.9     |
-----------------------------------
-----------------------------------
| rollout/             |          |
|    ep_len_mean       | 75       |
|    ep_rew_mean       | -161     |
| time/                |          |
|    episodes          | 1012     |
|    fps               | 1        |
|    time_elapsed      | 40037    |
|    total_timesteps   | 75900    |
| train/               |          |
|    actor_loss        | 51.8     |
|    critic_loss       | 3.09     |
|    ent_coef          | 0.0458   |
|    ent_coef_loss     | -0.141   |
|    learning_rate     | 0.0003   |
|    n_updates         | 569220   |
|    noise_critic_loss | 12.7     |
-----------------------------------
-----------------------------------
| rollout/             |          |
|    ep_len_mean       | 75       |
|    ep_rew_mean       | -158     |
| time/                |          |
|    episodes          | 1016     |
|    fps               | 1        |
|    time_elapsed      | 40151    |
|    total_timesteps   | 76200    |
| train/               |          |
|    actor_loss        | 52.7     |
|    critic_loss       | 2.82     |
|    ent_coef          | 0.0462   |
|    ent_coef_loss     | 0.436    |
|    learning_rate     | 0.0003   |
|    n_updates         | 571470   |
|    noise_critic_loss | 12.4     |
-----------------------------------
-----------------------------------
| rollout/             |          |
|    ep_len_mean       | 75       |
|    ep_rew_mean       | -159     |
| time/                |          |
|    episodes          | 1020     |
|    fps               | 1        |
|    time_elapsed      | 40264    |
|    total_timesteps   | 76500    |
| train/               |          |
|    actor_loss        | 52.2     |
|    critic_loss       | 3.17     |
|    ent_coef          | 0.0457   |
|    ent_coef_loss     | -0.262   |
|    learning_rate     | 0.0003   |
|    n_updates         | 573720   |
|    noise_critic_loss | 12.5     |
-----------------------------------
-----------------------------------
| rollout/             |          |
|    ep_len_mean       | 75       |
|    ep_rew_mean       | -160     |
| time/                |          |
|    episodes          | 1024     |
|    fps               | 1        |
|    time_elapsed      | 40377    |
|    total_timesteps   | 76800    |
| train/               |          |
|    actor_loss        | 53.5     |
|    critic_loss       | 3.36     |
|    ent_coef          | 0.0464   |
|    ent_coef_loss     | 1.13     |
|    learning_rate     | 0.0003   |
|    n_updates         | 575970   |
|    noise_critic_loss | 12.8     |
-----------------------------------
-----------------------------------
| rollout/             |          |
|    ep_len_mean       | 75       |
|    ep_rew_mean       | -160     |
| time/                |          |
|    episodes          | 1028     |
|    fps               | 1        |
|    time_elapsed      | 40491    |
|    total_timesteps   | 77100    |
| train/               |          |
|    actor_loss        | 52.8     |
|    critic_loss       | 3.18     |
|    ent_coef          | 0.0473   |
|    ent_coef_loss     | -0.906   |
|    learning_rate     | 0.0003   |
|    n_updates         | 578220   |
|    noise_critic_loss | 12.4     |
-----------------------------------
-----------------------------------
| rollout/             |          |
|    ep_len_mean       | 75       |
|    ep_rew_mean       | -160     |
| time/                |          |
|    episodes          | 1032     |
|    fps               | 1        |
|    time_elapsed      | 40603    |
|    total_timesteps   | 77400    |
| train/               |          |
|    actor_loss        | 52.7     |
|    critic_loss       | 3.1      |
|    ent_coef          | 0.0474   |
|    ent_coef_loss     | 0.724    |
|    learning_rate     | 0.0003   |
|    n_updates         | 580470   |
|    noise_critic_loss | 12.8     |
-----------------------------------
-----------------------------------
| rollout/             |          |
|    ep_len_mean       | 75       |
|    ep_rew_mean       | -156     |
| time/                |          |
|    episodes          | 1036     |
|    fps               | 1        |
|    time_elapsed      | 40717    |
|    total_timesteps   | 77700    |
| train/               |          |
|    actor_loss        | 52.4     |
|    critic_loss       | 3.33     |
|    ent_coef          | 0.0465   |
|    ent_coef_loss     | -0.577   |
|    learning_rate     | 0.0003   |
|    n_updates         | 582720   |
|    noise_critic_loss | 13       |
-----------------------------------
-----------------------------------
| rollout/             |          |
|    ep_len_mean       | 75       |
|    ep_rew_mean       | -159     |
| time/                |          |
|    episodes          | 1040     |
|    fps               | 1        |
|    time_elapsed      | 40830    |
|    total_timesteps   | 78000    |
| train/               |          |
|    actor_loss        | 53.6     |
|    critic_loss       | 3.26     |
|    ent_coef          | 0.0466   |
|    ent_coef_loss     | 0.864    |
|    learning_rate     | 0.0003   |
|    n_updates         | 584970   |
|    noise_critic_loss | 12.5     |
-----------------------------------
-----------------------------------
| rollout/             |          |
|    ep_len_mean       | 75       |
|    ep_rew_mean       | -158     |
| time/                |          |
|    episodes          | 1044     |
|    fps               | 1        |
|    time_elapsed      | 40943    |
|    total_timesteps   | 78300    |
| train/               |          |
|    actor_loss        | 53.3     |
|    critic_loss       | 3.47     |
|    ent_coef          | 0.0466   |
|    ent_coef_loss     | 0.452    |
|    learning_rate     | 0.0003   |
|    n_updates         | 587220   |
|    noise_critic_loss | 13.4     |
-----------------------------------
-----------------------------------
| rollout/             |          |
|    ep_len_mean       | 75       |
|    ep_rew_mean       | -160     |
| time/                |          |
|    episodes          | 1048     |
|    fps               | 1        |
|    time_elapsed      | 41055    |
|    total_timesteps   | 78600    |
| train/               |          |
|    actor_loss        | 53.5     |
|    critic_loss       | 3.33     |
|    ent_coef          | 0.0471   |
|    ent_coef_loss     | -0.528   |
|    learning_rate     | 0.0003   |
|    n_updates         | 589470   |
|    noise_critic_loss | 13.5     |
-----------------------------------
-----------------------------------
| rollout/             |          |
|    ep_len_mean       | 75       |
|    ep_rew_mean       | -159     |
| time/                |          |
|    episodes          | 1052     |
|    fps               | 1        |
|    time_elapsed      | 41169    |
|    total_timesteps   | 78900    |
| train/               |          |
|    actor_loss        | 52.9     |
|    critic_loss       | 3.2      |
|    ent_coef          | 0.0472   |
|    ent_coef_loss     | -0.28    |
|    learning_rate     | 0.0003   |
|    n_updates         | 591720   |
|    noise_critic_loss | 11.7     |
-----------------------------------
-----------------------------------
| rollout/             |          |
|    ep_len_mean       | 75       |
|    ep_rew_mean       | -158     |
| time/                |          |
|    episodes          | 1056     |
|    fps               | 1        |
|    time_elapsed      | 41282    |
|    total_timesteps   | 79200    |
| train/               |          |
|    actor_loss        | 52.7     |
|    critic_loss       | 3.28     |
|    ent_coef          | 0.0463   |
|    ent_coef_loss     | 0.715    |
|    learning_rate     | 0.0003   |
|    n_updates         | 593970   |
|    noise_critic_loss | 12.5     |
-----------------------------------
-----------------------------------
| rollout/             |          |
|    ep_len_mean       | 75       |
|    ep_rew_mean       | -159     |
| time/                |          |
|    episodes          | 1060     |
|    fps               | 1        |
|    time_elapsed      | 41395    |
|    total_timesteps   | 79500    |
| train/               |          |
|    actor_loss        | 51.7     |
|    critic_loss       | 3.13     |
|    ent_coef          | 0.0465   |
|    ent_coef_loss     | -0.5     |
|    learning_rate     | 0.0003   |
|    n_updates         | 596220   |
|    noise_critic_loss | 12.7     |
-----------------------------------
-----------------------------------
| rollout/             |          |
|    ep_len_mean       | 75       |
|    ep_rew_mean       | -159     |
| time/                |          |
|    episodes          | 1064     |
|    fps               | 1        |
|    time_elapsed      | 41507    |
|    total_timesteps   | 79800    |
| train/               |          |
|    actor_loss        | 52.9     |
|    critic_loss       | 3.19     |
|    ent_coef          | 0.0463   |
|    ent_coef_loss     | 0.612    |
|    learning_rate     | 0.0003   |
|    n_updates         | 598470   |
|    noise_critic_loss | 13.2     |
-----------------------------------
-----------------------------------
| rollout/             |          |
|    ep_len_mean       | 75       |
|    ep_rew_mean       | -160     |
| time/                |          |
|    episodes          | 1068     |
|    fps               | 1        |
|    time_elapsed      | 41620    |
|    total_timesteps   | 80100    |
| train/               |          |
|    actor_loss        | 52.5     |
|    critic_loss       | 2.98     |
|    ent_coef          | 0.0466   |
|    ent_coef_loss     | -1.02    |
|    learning_rate     | 0.0003   |
|    n_updates         | 600720   |
|    noise_critic_loss | 12.2     |
-----------------------------------
-----------------------------------
| rollout/             |          |
|    ep_len_mean       | 75       |
|    ep_rew_mean       | -158     |
| time/                |          |
|    episodes          | 1072     |
|    fps               | 1        |
|    time_elapsed      | 41733    |
|    total_timesteps   | 80400    |
| train/               |          |
|    actor_loss        | 52.8     |
|    critic_loss       | 3.24     |
|    ent_coef          | 0.0466   |
|    ent_coef_loss     | -0.753   |
|    learning_rate     | 0.0003   |
|    n_updates         | 602970   |
|    noise_critic_loss | 13       |
-----------------------------------
-----------------------------------
| rollout/             |          |
|    ep_len_mean       | 75       |
|    ep_rew_mean       | -154     |
| time/                |          |
|    episodes          | 1076     |
|    fps               | 1        |
|    time_elapsed      | 41846    |
|    total_timesteps   | 80700    |
| train/               |          |
|    actor_loss        | 52.1     |
|    critic_loss       | 3.22     |
|    ent_coef          | 0.0465   |
|    ent_coef_loss     | -0.169   |
|    learning_rate     | 0.0003   |
|    n_updates         | 605220   |
|    noise_critic_loss | 12.7     |
-----------------------------------
-----------------------------------
| rollout/             |          |
|    ep_len_mean       | 75       |
|    ep_rew_mean       | -153     |
| time/                |          |
|    episodes          | 1080     |
|    fps               | 1        |
|    time_elapsed      | 41958    |
|    total_timesteps   | 81000    |
| train/               |          |
|    actor_loss        | 53       |
|    critic_loss       | 3.28     |
|    ent_coef          | 0.0467   |
|    ent_coef_loss     | -0.155   |
|    learning_rate     | 0.0003   |
|    n_updates         | 607470   |
|    noise_critic_loss | 12.1     |
-----------------------------------
-----------------------------------
| rollout/             |          |
|    ep_len_mean       | 75       |
|    ep_rew_mean       | -152     |
| time/                |          |
|    episodes          | 1084     |
|    fps               | 1        |
|    time_elapsed      | 42072    |
|    total_timesteps   | 81300    |
| train/               |          |
|    actor_loss        | 52.8     |
|    critic_loss       | 3.35     |
|    ent_coef          | 0.0462   |
|    ent_coef_loss     | 0.11     |
|    learning_rate     | 0.0003   |
|    n_updates         | 609720   |
|    noise_critic_loss | 13.4     |
-----------------------------------
-----------------------------------
| rollout/             |          |
|    ep_len_mean       | 75       |
|    ep_rew_mean       | -153     |
| time/                |          |
|    episodes          | 1088     |
|    fps               | 1        |
|    time_elapsed      | 42186    |
|    total_timesteps   | 81600    |
| train/               |          |
|    actor_loss        | 51.8     |
|    critic_loss       | 3.08     |
|    ent_coef          | 0.0466   |
|    ent_coef_loss     | 0.0805   |
|    learning_rate     | 0.0003   |
|    n_updates         | 611970   |
|    noise_critic_loss | 13.5     |
-----------------------------------
-----------------------------------
| rollout/             |          |
|    ep_len_mean       | 75       |
|    ep_rew_mean       | -154     |
| time/                |          |
|    episodes          | 1092     |
|    fps               | 1        |
|    time_elapsed      | 42299    |
|    total_timesteps   | 81900    |
| train/               |          |
|    actor_loss        | 52.9     |
|    critic_loss       | 2.87     |
|    ent_coef          | 0.0455   |
|    ent_coef_loss     | 0.0652   |
|    learning_rate     | 0.0003   |
|    n_updates         | 614220   |
|    noise_critic_loss | 11.5     |
-----------------------------------
-----------------------------------
| rollout/             |          |
|    ep_len_mean       | 75       |
|    ep_rew_mean       | -154     |
| time/                |          |
|    episodes          | 1096     |
|    fps               | 1        |
|    time_elapsed      | 42413    |
|    total_timesteps   | 82200    |
| train/               |          |
|    actor_loss        | 53.6     |
|    critic_loss       | 3.22     |
|    ent_coef          | 0.0456   |
|    ent_coef_loss     | 1.25     |
|    learning_rate     | 0.0003   |
|    n_updates         | 616470   |
|    noise_critic_loss | 12.7     |
-----------------------------------
-----------------------------------
| rollout/             |          |
|    ep_len_mean       | 75       |
|    ep_rew_mean       | -152     |
| time/                |          |
|    episodes          | 1100     |
|    fps               | 1        |
|    time_elapsed      | 42526    |
|    total_timesteps   | 82500    |
| train/               |          |
|    actor_loss        | 52.6     |
|    critic_loss       | 2.88     |
|    ent_coef          | 0.0464   |
|    ent_coef_loss     | 0.641    |
|    learning_rate     | 0.0003   |
|    n_updates         | 618720   |
|    noise_critic_loss | 13       |
-----------------------------------
-----------------------------------
| rollout/             |          |
|    ep_len_mean       | 75       |
|    ep_rew_mean       | -151     |
| time/                |          |
|    episodes          | 1104     |
|    fps               | 1        |
|    time_elapsed      | 42639    |
|    total_timesteps   | 82800    |
| train/               |          |
|    actor_loss        | 53       |
|    critic_loss       | 3.11     |
|    ent_coef          | 0.0467   |
|    ent_coef_loss     | 1.4      |
|    learning_rate     | 0.0003   |
|    n_updates         | 620970   |
|    noise_critic_loss | 12.8     |
-----------------------------------
-----------------------------------
| rollout/             |          |
|    ep_len_mean       | 75       |
|    ep_rew_mean       | -152     |
| time/                |          |
|    episodes          | 1108     |
|    fps               | 1        |
|    time_elapsed      | 42752    |
|    total_timesteps   | 83100    |
| train/               |          |
|    actor_loss        | 52.9     |
|    critic_loss       | 2.88     |
|    ent_coef          | 0.0456   |
|    ent_coef_loss     | 0.455    |
|    learning_rate     | 0.0003   |
|    n_updates         | 623220   |
|    noise_critic_loss | 12.6     |
-----------------------------------
-----------------------------------
| rollout/             |          |
|    ep_len_mean       | 75       |
|    ep_rew_mean       | -152     |
| time/                |          |
|    episodes          | 1112     |
|    fps               | 1        |
|    time_elapsed      | 42864    |
|    total_timesteps   | 83400    |
| train/               |          |
|    actor_loss        | 53.2     |
|    critic_loss       | 3.29     |
|    ent_coef          | 0.0452   |
|    ent_coef_loss     | -0.174   |
|    learning_rate     | 0.0003   |
|    n_updates         | 625470   |
|    noise_critic_loss | 11.5     |
-----------------------------------
-----------------------------------
| rollout/             |          |
|    ep_len_mean       | 75       |
|    ep_rew_mean       | -152     |
| time/                |          |
|    episodes          | 1116     |
|    fps               | 1        |
|    time_elapsed      | 42977    |
|    total_timesteps   | 83700    |
| train/               |          |
|    actor_loss        | 52.6     |
|    critic_loss       | 3.23     |
|    ent_coef          | 0.0461   |
|    ent_coef_loss     | 0.034    |
|    learning_rate     | 0.0003   |
|    n_updates         | 627720   |
|    noise_critic_loss | 12.3     |
-----------------------------------
eval episode 0 at timestep 342004
eval episode 1 at timestep 342004
eval episode 2 at timestep 342004
eval episode 3 at timestep 342004
eval episode 4 at timestep 342004
eval episode 5 at timestep 342004
eval episode 6 at timestep 342004
eval episode 7 at timestep 342004
-----------------------------------
| rollout/             |          |
|    ep_len_mean       | 75       |
|    ep_rew_mean       | -152     |
| time/                |          |
|    episodes          | 1120     |
|    fps               | 1        |
|    time_elapsed      | 44973    |
|    total_timesteps   | 84000    |
| train/               |          |
|    actor_loss        | 52.7     |
|    critic_loss       | 3.13     |
|    ent_coef          | 0.0453   |
|    ent_coef_loss     | -0.0182  |
|    learning_rate     | 0.0003   |
|    n_updates         | 629970   |
|    noise_critic_loss | 13.5     |
-----------------------------------
-----------------------------------
| rollout/             |          |
|    ep_len_mean       | 75       |
|    ep_rew_mean       | -152     |
| time/                |          |
|    episodes          | 1124     |
|    fps               | 1        |
|    time_elapsed      | 45085    |
|    total_timesteps   | 84300    |
| train/               |          |
|    actor_loss        | 52.4     |
|    critic_loss       | 3.25     |
|    ent_coef          | 0.0463   |
|    ent_coef_loss     | 1.48     |
|    learning_rate     | 0.0003   |
|    n_updates         | 632220   |
|    noise_critic_loss | 12.9     |
-----------------------------------
-----------------------------------
| rollout/             |          |
|    ep_len_mean       | 75       |
|    ep_rew_mean       | -150     |
| time/                |          |
|    episodes          | 1128     |
|    fps               | 1        |
|    time_elapsed      | 45199    |
|    total_timesteps   | 84600    |
| train/               |          |
|    actor_loss        | 52.9     |
|    critic_loss       | 3.06     |
|    ent_coef          | 0.0462   |
|    ent_coef_loss     | 0.184    |
|    learning_rate     | 0.0003   |
|    n_updates         | 634470   |
|    noise_critic_loss | 12.5     |
-----------------------------------
-----------------------------------
| rollout/             |          |
|    ep_len_mean       | 75       |
|    ep_rew_mean       | -148     |
| time/                |          |
|    episodes          | 1132     |
|    fps               | 1        |
|    time_elapsed      | 45312    |
|    total_timesteps   | 84900    |
| train/               |          |
|    actor_loss        | 52.7     |
|    critic_loss       | 3.39     |
|    ent_coef          | 0.0464   |
|    ent_coef_loss     | -0.605   |
|    learning_rate     | 0.0003   |
|    n_updates         | 636720   |
|    noise_critic_loss | 13.6     |
-----------------------------------
-----------------------------------
| rollout/             |          |
|    ep_len_mean       | 75       |
|    ep_rew_mean       | -149     |
| time/                |          |
|    episodes          | 1136     |
|    fps               | 1        |
|    time_elapsed      | 45424    |
|    total_timesteps   | 85200    |
| train/               |          |
|    actor_loss        | 52.2     |
|    critic_loss       | 3.09     |
|    ent_coef          | 0.0461   |
|    ent_coef_loss     | -0.0656  |
|    learning_rate     | 0.0003   |
|    n_updates         | 638970   |
|    noise_critic_loss | 12.8     |
-----------------------------------
-----------------------------------
| rollout/             |          |
|    ep_len_mean       | 75       |
|    ep_rew_mean       | -148     |
| time/                |          |
|    episodes          | 1140     |
|    fps               | 1        |
|    time_elapsed      | 45536    |
|    total_timesteps   | 85500    |
| train/               |          |
|    actor_loss        | 52.6     |
|    critic_loss       | 3.21     |
|    ent_coef          | 0.0452   |
|    ent_coef_loss     | -0.63    |
|    learning_rate     | 0.0003   |
|    n_updates         | 641220   |
|    noise_critic_loss | 12.5     |
-----------------------------------
-----------------------------------
| rollout/             |          |
|    ep_len_mean       | 75       |
|    ep_rew_mean       | -149     |
| time/                |          |
|    episodes          | 1144     |
|    fps               | 1        |
|    time_elapsed      | 45649    |
|    total_timesteps   | 85800    |
| train/               |          |
|    actor_loss        | 52       |
|    critic_loss       | 3.3      |
|    ent_coef          | 0.0456   |
|    ent_coef_loss     | -0.806   |
|    learning_rate     | 0.0003   |
|    n_updates         | 643470   |
|    noise_critic_loss | 12.5     |
-----------------------------------
-----------------------------------
| rollout/             |          |
|    ep_len_mean       | 75       |
|    ep_rew_mean       | -150     |
| time/                |          |
|    episodes          | 1148     |
|    fps               | 1        |
|    time_elapsed      | 45763    |
|    total_timesteps   | 86100    |
| train/               |          |
|    actor_loss        | 52.1     |
|    critic_loss       | 3.22     |
|    ent_coef          | 0.0456   |
|    ent_coef_loss     | -0.0987  |
|    learning_rate     | 0.0003   |
|    n_updates         | 645720   |
|    noise_critic_loss | 14       |
-----------------------------------
-----------------------------------
| rollout/             |          |
|    ep_len_mean       | 75       |
|    ep_rew_mean       | -151     |
| time/                |          |
|    episodes          | 1152     |
|    fps               | 1        |
|    time_elapsed      | 45875    |
|    total_timesteps   | 86400    |
| train/               |          |
|    actor_loss        | 52.1     |
|    critic_loss       | 3.2      |
|    ent_coef          | 0.0468   |
|    ent_coef_loss     | 0.73     |
|    learning_rate     | 0.0003   |
|    n_updates         | 647970   |
|    noise_critic_loss | 13.2     |
-----------------------------------
-----------------------------------
| rollout/             |          |
|    ep_len_mean       | 75       |
|    ep_rew_mean       | -152     |
| time/                |          |
|    episodes          | 1156     |
|    fps               | 1        |
|    time_elapsed      | 45989    |
|    total_timesteps   | 86700    |
| train/               |          |
|    actor_loss        | 52.8     |
|    critic_loss       | 3.36     |
|    ent_coef          | 0.0466   |
|    ent_coef_loss     | 0.0541   |
|    learning_rate     | 0.0003   |
|    n_updates         | 650220   |
|    noise_critic_loss | 13.1     |
-----------------------------------
-----------------------------------
| rollout/             |          |
|    ep_len_mean       | 75       |
|    ep_rew_mean       | -156     |
| time/                |          |
|    episodes          | 1160     |
|    fps               | 1        |
|    time_elapsed      | 46102    |
|    total_timesteps   | 87000    |
| train/               |          |
|    actor_loss        | 52.2     |
|    critic_loss       | 3.05     |
|    ent_coef          | 0.0472   |
|    ent_coef_loss     | 0.255    |
|    learning_rate     | 0.0003   |
|    n_updates         | 652470   |
|    noise_critic_loss | 12.9     |
-----------------------------------
-----------------------------------
| rollout/             |          |
|    ep_len_mean       | 75       |
|    ep_rew_mean       | -153     |
| time/                |          |
|    episodes          | 1164     |
|    fps               | 1        |
|    time_elapsed      | 46214    |
|    total_timesteps   | 87300    |
| train/               |          |
|    actor_loss        | 52.2     |
|    critic_loss       | 3.02     |
|    ent_coef          | 0.046    |
|    ent_coef_loss     | -0.655   |
|    learning_rate     | 0.0003   |
|    n_updates         | 654720   |
|    noise_critic_loss | 12.4     |
-----------------------------------
-----------------------------------
| rollout/             |          |
|    ep_len_mean       | 75       |
|    ep_rew_mean       | -156     |
| time/                |          |
|    episodes          | 1168     |
|    fps               | 1        |
|    time_elapsed      | 46327    |
|    total_timesteps   | 87600    |
| train/               |          |
|    actor_loss        | 52.3     |
|    critic_loss       | 3.3      |
|    ent_coef          | 0.0467   |
|    ent_coef_loss     | 0.419    |
|    learning_rate     | 0.0003   |
|    n_updates         | 656970   |
|    noise_critic_loss | 12       |
-----------------------------------
-----------------------------------
| rollout/             |          |
|    ep_len_mean       | 75       |
|    ep_rew_mean       | -154     |
| time/                |          |
|    episodes          | 1172     |
|    fps               | 1        |
|    time_elapsed      | 46439    |
|    total_timesteps   | 87900    |
| train/               |          |
|    actor_loss        | 53.2     |
|    critic_loss       | 3.07     |
|    ent_coef          | 0.0461   |
|    ent_coef_loss     | 0.168    |
|    learning_rate     | 0.0003   |
|    n_updates         | 659220   |
|    noise_critic_loss | 12.8     |
-----------------------------------
-----------------------------------
| rollout/             |          |
|    ep_len_mean       | 75       |
|    ep_rew_mean       | -156     |
| time/                |          |
|    episodes          | 1176     |
|    fps               | 1        |
|    time_elapsed      | 46552    |
|    total_timesteps   | 88200    |
| train/               |          |
|    actor_loss        | 53.4     |
|    critic_loss       | 3.47     |
|    ent_coef          | 0.0457   |
|    ent_coef_loss     | 0.776    |
|    learning_rate     | 0.0003   |
|    n_updates         | 661470   |
|    noise_critic_loss | 12.3     |
-----------------------------------
-----------------------------------
| rollout/             |          |
|    ep_len_mean       | 75       |
|    ep_rew_mean       | -155     |
| time/                |          |
|    episodes          | 1180     |
|    fps               | 1        |
|    time_elapsed      | 46664    |
|    total_timesteps   | 88500    |
| train/               |          |
|    actor_loss        | 52.5     |
|    critic_loss       | 3.23     |
|    ent_coef          | 0.0467   |
|    ent_coef_loss     | -0.00366 |
|    learning_rate     | 0.0003   |
|    n_updates         | 663720   |
|    noise_critic_loss | 12.3     |
-----------------------------------
-----------------------------------
| rollout/             |          |
|    ep_len_mean       | 75       |
|    ep_rew_mean       | -153     |
| time/                |          |
|    episodes          | 1184     |
|    fps               | 1        |
|    time_elapsed      | 46777    |
|    total_timesteps   | 88800    |
| train/               |          |
|    actor_loss        | 53.2     |
|    critic_loss       | 3.08     |
|    ent_coef          | 0.0448   |
|    ent_coef_loss     | 0.0749   |
|    learning_rate     | 0.0003   |
|    n_updates         | 665970   |
|    noise_critic_loss | 12.6     |
-----------------------------------
-----------------------------------
| rollout/             |          |
|    ep_len_mean       | 75       |
|    ep_rew_mean       | -150     |
| time/                |          |
|    episodes          | 1188     |
|    fps               | 1        |
|    time_elapsed      | 46890    |
|    total_timesteps   | 89100    |
| train/               |          |
|    actor_loss        | 52.4     |
|    critic_loss       | 3.07     |
|    ent_coef          | 0.0453   |
|    ent_coef_loss     | 0.907    |
|    learning_rate     | 0.0003   |
|    n_updates         | 668220   |
|    noise_critic_loss | 13.1     |
-----------------------------------
-----------------------------------
| rollout/             |          |
|    ep_len_mean       | 75       |
|    ep_rew_mean       | -149     |
| time/                |          |
|    episodes          | 1192     |
|    fps               | 1        |
|    time_elapsed      | 47003    |
|    total_timesteps   | 89400    |
| train/               |          |
|    actor_loss        | 52.5     |
|    critic_loss       | 3.09     |
|    ent_coef          | 0.0461   |
|    ent_coef_loss     | -0.324   |
|    learning_rate     | 0.0003   |
|    n_updates         | 670470   |
|    noise_critic_loss | 12.8     |
-----------------------------------
-----------------------------------
| rollout/             |          |
|    ep_len_mean       | 75       |
|    ep_rew_mean       | -149     |
| time/                |          |
|    episodes          | 1196     |
|    fps               | 1        |
|    time_elapsed      | 47116    |
|    total_timesteps   | 89700    |
| train/               |          |
|    actor_loss        | 52.5     |
|    critic_loss       | 3.3      |
|    ent_coef          | 0.045    |
|    ent_coef_loss     | 0.0379   |
|    learning_rate     | 0.0003   |
|    n_updates         | 672720   |
|    noise_critic_loss | 13.1     |
-----------------------------------
-----------------------------------
| rollout/             |          |
|    ep_len_mean       | 75       |
|    ep_rew_mean       | -152     |
| time/                |          |
|    episodes          | 1200     |
|    fps               | 1        |
|    time_elapsed      | 47227    |
|    total_timesteps   | 90000    |
| train/               |          |
|    actor_loss        | 52.6     |
|    critic_loss       | 3.2      |
|    ent_coef          | 0.0455   |
|    ent_coef_loss     | 0.168    |
|    learning_rate     | 0.0003   |
|    n_updates         | 674970   |
|    noise_critic_loss | 12.3     |
-----------------------------------
-----------------------------------
| rollout/             |          |
|    ep_len_mean       | 75       |
|    ep_rew_mean       | -152     |
| time/                |          |
|    episodes          | 1204     |
|    fps               | 1        |
|    time_elapsed      | 47341    |
|    total_timesteps   | 90300    |
| train/               |          |
|    actor_loss        | 52.3     |
|    critic_loss       | 3.23     |
|    ent_coef          | 0.0463   |
|    ent_coef_loss     | -0.495   |
|    learning_rate     | 0.0003   |
|    n_updates         | 677220   |
|    noise_critic_loss | 12.7     |
-----------------------------------
-----------------------------------
| rollout/             |          |
|    ep_len_mean       | 75       |
|    ep_rew_mean       | -151     |
| time/                |          |
|    episodes          | 1208     |
|    fps               | 1        |
|    time_elapsed      | 47453    |
|    total_timesteps   | 90600    |
| train/               |          |
|    actor_loss        | 52.7     |
|    critic_loss       | 3.08     |
|    ent_coef          | 0.0457   |
|    ent_coef_loss     | 0.247    |
|    learning_rate     | 0.0003   |
|    n_updates         | 679470   |
|    noise_critic_loss | 13       |
-----------------------------------
-----------------------------------
| rollout/             |          |
|    ep_len_mean       | 75       |
|    ep_rew_mean       | -151     |
| time/                |          |
|    episodes          | 1212     |
|    fps               | 1        |
|    time_elapsed      | 47566    |
|    total_timesteps   | 90900    |
| train/               |          |
|    actor_loss        | 52.5     |
|    critic_loss       | 3.4      |
|    ent_coef          | 0.0465   |
|    ent_coef_loss     | 0.191    |
|    learning_rate     | 0.0003   |
|    n_updates         | 681720   |
|    noise_critic_loss | 12.2     |
-----------------------------------
-----------------------------------
| rollout/             |          |
|    ep_len_mean       | 75       |
|    ep_rew_mean       | -150     |
| time/                |          |
|    episodes          | 1216     |
|    fps               | 1        |
|    time_elapsed      | 47679    |
|    total_timesteps   | 91200    |
| train/               |          |
|    actor_loss        | 52.8     |
|    critic_loss       | 3.69     |
|    ent_coef          | 0.0457   |
|    ent_coef_loss     | -0.376   |
|    learning_rate     | 0.0003   |
|    n_updates         | 683970   |
|    noise_critic_loss | 13.3     |
-----------------------------------
-----------------------------------
| rollout/             |          |
|    ep_len_mean       | 75       |
|    ep_rew_mean       | -148     |
| time/                |          |
|    episodes          | 1220     |
|    fps               | 1        |
|    time_elapsed      | 47793    |
|    total_timesteps   | 91500    |
| train/               |          |
|    actor_loss        | 52.2     |
|    critic_loss       | 3.17     |
|    ent_coef          | 0.0456   |
|    ent_coef_loss     | -0.145   |
|    learning_rate     | 0.0003   |
|    n_updates         | 686220   |
|    noise_critic_loss | 12.4     |
-----------------------------------
-----------------------------------
| rollout/             |          |
|    ep_len_mean       | 75       |
|    ep_rew_mean       | -151     |
| time/                |          |
|    episodes          | 1224     |
|    fps               | 1        |
|    time_elapsed      | 47906    |
|    total_timesteps   | 91800    |
| train/               |          |
|    actor_loss        | 52.3     |
|    critic_loss       | 3.28     |
|    ent_coef          | 0.0459   |
|    ent_coef_loss     | 0.135    |
|    learning_rate     | 0.0003   |
|    n_updates         | 688470   |
|    noise_critic_loss | 12.9     |
-----------------------------------
-----------------------------------
| rollout/             |          |
|    ep_len_mean       | 75       |
|    ep_rew_mean       | -154     |
| time/                |          |
|    episodes          | 1228     |
|    fps               | 1        |
|    time_elapsed      | 48018    |
|    total_timesteps   | 92100    |
| train/               |          |
|    actor_loss        | 52.7     |
|    critic_loss       | 3.17     |
|    ent_coef          | 0.0462   |
|    ent_coef_loss     | 0.231    |
|    learning_rate     | 0.0003   |
|    n_updates         | 690720   |
|    noise_critic_loss | 12       |
-----------------------------------
-----------------------------------
| rollout/             |          |
|    ep_len_mean       | 75       |
|    ep_rew_mean       | -157     |
| time/                |          |
|    episodes          | 1232     |
|    fps               | 1        |
|    time_elapsed      | 48131    |
|    total_timesteps   | 92400    |
| train/               |          |
|    actor_loss        | 52.9     |
|    critic_loss       | 3.24     |
|    ent_coef          | 0.0466   |
|    ent_coef_loss     | 0.598    |
|    learning_rate     | 0.0003   |
|    n_updates         | 692970   |
|    noise_critic_loss | 12.8     |
-----------------------------------
-----------------------------------
| rollout/             |          |
|    ep_len_mean       | 75       |
|    ep_rew_mean       | -157     |
| time/                |          |
|    episodes          | 1236     |
|    fps               | 1        |
|    time_elapsed      | 48245    |
|    total_timesteps   | 92700    |
| train/               |          |
|    actor_loss        | 53.1     |
|    critic_loss       | 3.2      |
|    ent_coef          | 0.0451   |
|    ent_coef_loss     | -0.0329  |
|    learning_rate     | 0.0003   |
|    n_updates         | 695220   |
|    noise_critic_loss | 12.8     |
-----------------------------------
-----------------------------------
| rollout/             |          |
|    ep_len_mean       | 75       |
|    ep_rew_mean       | -153     |
| time/                |          |
|    episodes          | 1240     |
|    fps               | 1        |
|    time_elapsed      | 48357    |
|    total_timesteps   | 93000    |
| train/               |          |
|    actor_loss        | 52.8     |
|    critic_loss       | 3.58     |
|    ent_coef          | 0.0461   |
|    ent_coef_loss     | -0.46    |
|    learning_rate     | 0.0003   |
|    n_updates         | 697470   |
|    noise_critic_loss | 13.4     |
-----------------------------------
-----------------------------------
| rollout/             |          |
|    ep_len_mean       | 75       |
|    ep_rew_mean       | -153     |
| time/                |          |
|    episodes          | 1244     |
|    fps               | 1        |
|    time_elapsed      | 48470    |
|    total_timesteps   | 93300    |
| train/               |          |
|    actor_loss        | 52.9     |
|    critic_loss       | 3.36     |
|    ent_coef          | 0.047    |
|    ent_coef_loss     | -0.387   |
|    learning_rate     | 0.0003   |
|    n_updates         | 699720   |
|    noise_critic_loss | 12.4     |
-----------------------------------
-----------------------------------
| rollout/             |          |
|    ep_len_mean       | 75       |
|    ep_rew_mean       | -152     |
| time/                |          |
|    episodes          | 1248     |
|    fps               | 1        |
|    time_elapsed      | 48584    |
|    total_timesteps   | 93600    |
| train/               |          |
|    actor_loss        | 52.9     |
|    critic_loss       | 3.06     |
|    ent_coef          | 0.0468   |
|    ent_coef_loss     | -0.161   |
|    learning_rate     | 0.0003   |
|    n_updates         | 701970   |
|    noise_critic_loss | 12.5     |
-----------------------------------
-----------------------------------
| rollout/             |          |
|    ep_len_mean       | 75       |
|    ep_rew_mean       | -153     |
| time/                |          |
|    episodes          | 1252     |
|    fps               | 1        |
|    time_elapsed      | 48697    |
|    total_timesteps   | 93900    |
| train/               |          |
|    actor_loss        | 53       |
|    critic_loss       | 3.29     |
|    ent_coef          | 0.0469   |
|    ent_coef_loss     | 0.104    |
|    learning_rate     | 0.0003   |
|    n_updates         | 704220   |
|    noise_critic_loss | 12.6     |
-----------------------------------
-----------------------------------
| rollout/             |          |
|    ep_len_mean       | 75       |
|    ep_rew_mean       | -157     |
| time/                |          |
|    episodes          | 1256     |
|    fps               | 1        |
|    time_elapsed      | 48809    |
|    total_timesteps   | 94200    |
| train/               |          |
|    actor_loss        | 53.3     |
|    critic_loss       | 3.4      |
|    ent_coef          | 0.0464   |
|    ent_coef_loss     | 0.0911   |
|    learning_rate     | 0.0003   |
|    n_updates         | 706470   |
|    noise_critic_loss | 13.3     |
-----------------------------------
-----------------------------------
| rollout/             |          |
|    ep_len_mean       | 75       |
|    ep_rew_mean       | -153     |
| time/                |          |
|    episodes          | 1260     |
|    fps               | 1        |
|    time_elapsed      | 48923    |
|    total_timesteps   | 94500    |
| train/               |          |
|    actor_loss        | 53.7     |
|    critic_loss       | 3.34     |
|    ent_coef          | 0.047    |
|    ent_coef_loss     | -0.271   |
|    learning_rate     | 0.0003   |
|    n_updates         | 708720   |
|    noise_critic_loss | 12.7     |
-----------------------------------
-----------------------------------
| rollout/             |          |
|    ep_len_mean       | 75       |
|    ep_rew_mean       | -155     |
| time/                |          |
|    episodes          | 1264     |
|    fps               | 1        |
|    time_elapsed      | 49037    |
|    total_timesteps   | 94800    |
| train/               |          |
|    actor_loss        | 53.5     |
|    critic_loss       | 3.32     |
|    ent_coef          | 0.0466   |
|    ent_coef_loss     | 0.477    |
|    learning_rate     | 0.0003   |
|    n_updates         | 710970   |
|    noise_critic_loss | 12.4     |
-----------------------------------
-----------------------------------
| rollout/             |          |
|    ep_len_mean       | 75       |
|    ep_rew_mean       | -153     |
| time/                |          |
|    episodes          | 1268     |
|    fps               | 1        |
|    time_elapsed      | 49149    |
|    total_timesteps   | 95100    |
| train/               |          |
|    actor_loss        | 53.7     |
|    critic_loss       | 3.49     |
|    ent_coef          | 0.047    |
|    ent_coef_loss     | 0.575    |
|    learning_rate     | 0.0003   |
|    n_updates         | 713220   |
|    noise_critic_loss | 13.5     |
-----------------------------------
-----------------------------------
| rollout/             |          |
|    ep_len_mean       | 75       |
|    ep_rew_mean       | -154     |
| time/                |          |
|    episodes          | 1272     |
|    fps               | 1        |
|    time_elapsed      | 49262    |
|    total_timesteps   | 95400    |
| train/               |          |
|    actor_loss        | 53.8     |
|    critic_loss       | 3.28     |
|    ent_coef          | 0.0461   |
|    ent_coef_loss     | 0.969    |
|    learning_rate     | 0.0003   |
|    n_updates         | 715470   |
|    noise_critic_loss | 13.7     |
-----------------------------------
-----------------------------------
| rollout/             |          |
|    ep_len_mean       | 75       |
|    ep_rew_mean       | -155     |
| time/                |          |
|    episodes          | 1276     |
|    fps               | 1        |
|    time_elapsed      | 49375    |
|    total_timesteps   | 95700    |
| train/               |          |
|    actor_loss        | 53.6     |
|    critic_loss       | 3.27     |
|    ent_coef          | 0.0466   |
|    ent_coef_loss     | -0.489   |
|    learning_rate     | 0.0003   |
|    n_updates         | 717720   |
|    noise_critic_loss | 14.1     |
-----------------------------------
eval episode 0 at timestep 390004
eval episode 1 at timestep 390004
eval episode 2 at timestep 390004
eval episode 3 at timestep 390004
eval episode 4 at timestep 390004
eval episode 5 at timestep 390004
eval episode 6 at timestep 390004
eval episode 7 at timestep 390004
-----------------------------------
| rollout/             |          |
|    ep_len_mean       | 75       |
|    ep_rew_mean       | -154     |
| time/                |          |
|    episodes          | 1280     |
|    fps               | 1        |
|    time_elapsed      | 51360    |
|    total_timesteps   | 96000    |
| train/               |          |
|    actor_loss        | 54.3     |
|    critic_loss       | 3.62     |
|    ent_coef          | 0.0469   |
|    ent_coef_loss     | 0.344    |
|    learning_rate     | 0.0003   |
|    n_updates         | 719970   |
|    noise_critic_loss | 14       |
-----------------------------------
-----------------------------------
| rollout/             |          |
|    ep_len_mean       | 75       |
|    ep_rew_mean       | -155     |
| time/                |          |
|    episodes          | 1284     |
|    fps               | 1        |
|    time_elapsed      | 51473    |
|    total_timesteps   | 96300    |
| train/               |          |
|    actor_loss        | 53.9     |
|    critic_loss       | 3.45     |
|    ent_coef          | 0.0474   |
|    ent_coef_loss     | 0.0961   |
|    learning_rate     | 0.0003   |
|    n_updates         | 722220   |
|    noise_critic_loss | 14.6     |
-----------------------------------
-----------------------------------
| rollout/             |          |
|    ep_len_mean       | 75       |
|    ep_rew_mean       | -159     |
| time/                |          |
|    episodes          | 1288     |
|    fps               | 1        |
|    time_elapsed      | 51587    |
|    total_timesteps   | 96600    |
| train/               |          |
|    actor_loss        | 53.6     |
|    critic_loss       | 3.27     |
|    ent_coef          | 0.0471   |
|    ent_coef_loss     | -0.224   |
|    learning_rate     | 0.0003   |
|    n_updates         | 724470   |
|    noise_critic_loss | 13.8     |
-----------------------------------
-----------------------------------
| rollout/             |          |
|    ep_len_mean       | 75       |
|    ep_rew_mean       | -159     |
| time/                |          |
|    episodes          | 1292     |
|    fps               | 1        |
|    time_elapsed      | 51701    |
|    total_timesteps   | 96900    |
| train/               |          |
|    actor_loss        | 54.9     |
|    critic_loss       | 3.47     |
|    ent_coef          | 0.0461   |
|    ent_coef_loss     | 0.574    |
|    learning_rate     | 0.0003   |
|    n_updates         | 726720   |
|    noise_critic_loss | 13.1     |
-----------------------------------
-----------------------------------
| rollout/             |          |
|    ep_len_mean       | 75       |
|    ep_rew_mean       | -158     |
| time/                |          |
|    episodes          | 1296     |
|    fps               | 1        |
|    time_elapsed      | 51813    |
|    total_timesteps   | 97200    |
| train/               |          |
|    actor_loss        | 54.4     |
|    critic_loss       | 3.42     |
|    ent_coef          | 0.048    |
|    ent_coef_loss     | -0.517   |
|    learning_rate     | 0.0003   |
|    n_updates         | 728970   |
|    noise_critic_loss | 11.9     |
-----------------------------------
-----------------------------------
| rollout/             |          |
|    ep_len_mean       | 75       |
|    ep_rew_mean       | -157     |
| time/                |          |
|    episodes          | 1300     |
|    fps               | 1        |
|    time_elapsed      | 51925    |
|    total_timesteps   | 97500    |
| train/               |          |
|    actor_loss        | 54.8     |
|    critic_loss       | 3.55     |
|    ent_coef          | 0.0467   |
|    ent_coef_loss     | 0.876    |
|    learning_rate     | 0.0003   |
|    n_updates         | 731220   |
|    noise_critic_loss | 12.8     |
-----------------------------------
-----------------------------------
| rollout/             |          |
|    ep_len_mean       | 75       |
|    ep_rew_mean       | -158     |
| time/                |          |
|    episodes          | 1304     |
|    fps               | 1        |
|    time_elapsed      | 52038    |
|    total_timesteps   | 97800    |
| train/               |          |
|    actor_loss        | 54.9     |
|    critic_loss       | 3.36     |
|    ent_coef          | 0.0466   |
|    ent_coef_loss     | -0.578   |
|    learning_rate     | 0.0003   |
|    n_updates         | 733470   |
|    noise_critic_loss | 12.9     |
-----------------------------------
-----------------------------------
| rollout/             |          |
|    ep_len_mean       | 75       |
|    ep_rew_mean       | -157     |
| time/                |          |
|    episodes          | 1308     |
|    fps               | 1        |
|    time_elapsed      | 52151    |
|    total_timesteps   | 98100    |
| train/               |          |
|    actor_loss        | 55.5     |
|    critic_loss       | 3.54     |
|    ent_coef          | 0.0459   |
|    ent_coef_loss     | 0.678    |
|    learning_rate     | 0.0003   |
|    n_updates         | 735720   |
|    noise_critic_loss | 13.1     |
-----------------------------------
-----------------------------------
| rollout/             |          |
|    ep_len_mean       | 75       |
|    ep_rew_mean       | -157     |
| time/                |          |
|    episodes          | 1312     |
|    fps               | 1        |
|    time_elapsed      | 52263    |
|    total_timesteps   | 98400    |
| train/               |          |
|    actor_loss        | 55.4     |
|    critic_loss       | 3.15     |
|    ent_coef          | 0.0458   |
|    ent_coef_loss     | 0.0863   |
|    learning_rate     | 0.0003   |
|    n_updates         | 737970   |
|    noise_critic_loss | 12.5     |
-----------------------------------
-----------------------------------
| rollout/             |          |
|    ep_len_mean       | 75       |
|    ep_rew_mean       | -158     |
| time/                |          |
|    episodes          | 1316     |
|    fps               | 1        |
|    time_elapsed      | 52377    |
|    total_timesteps   | 98700    |
| train/               |          |
|    actor_loss        | 54.5     |
|    critic_loss       | 3.31     |
|    ent_coef          | 0.0463   |
|    ent_coef_loss     | 0.0381   |
|    learning_rate     | 0.0003   |
|    n_updates         | 740220   |
|    noise_critic_loss | 12       |
-----------------------------------
-----------------------------------
| rollout/             |          |
|    ep_len_mean       | 75       |
|    ep_rew_mean       | -161     |
| time/                |          |
|    episodes          | 1320     |
|    fps               | 1        |
|    time_elapsed      | 52490    |
|    total_timesteps   | 99000    |
| train/               |          |
|    actor_loss        | 55.7     |
|    critic_loss       | 3.2      |
|    ent_coef          | 0.0465   |
|    ent_coef_loss     | 0.498    |
|    learning_rate     | 0.0003   |
|    n_updates         | 742470   |
|    noise_critic_loss | 12.2     |
-----------------------------------
-----------------------------------
| rollout/             |          |
|    ep_len_mean       | 75       |
|    ep_rew_mean       | -155     |
| time/                |          |
|    episodes          | 1324     |
|    fps               | 1        |
|    time_elapsed      | 52603    |
|    total_timesteps   | 99300    |
| train/               |          |
|    actor_loss        | 55.2     |
|    critic_loss       | 3.55     |
|    ent_coef          | 0.0461   |
|    ent_coef_loss     | 0.0179   |
|    learning_rate     | 0.0003   |
|    n_updates         | 744720   |
|    noise_critic_loss | 13.8     |
-----------------------------------
-----------------------------------
| rollout/             |          |
|    ep_len_mean       | 75       |
|    ep_rew_mean       | -154     |
| time/                |          |
|    episodes          | 1328     |
|    fps               | 1        |
|    time_elapsed      | 52716    |
|    total_timesteps   | 99600    |
| train/               |          |
|    actor_loss        | 54.8     |
|    critic_loss       | 3.33     |
|    ent_coef          | 0.046    |
|    ent_coef_loss     | -0.0236  |
|    learning_rate     | 0.0003   |
|    n_updates         | 746970   |
|    noise_critic_loss | 12.7     |
-----------------------------------
-----------------------------------
| rollout/             |          |
|    ep_len_mean       | 75       |
|    ep_rew_mean       | -153     |
| time/                |          |
|    episodes          | 1332     |
|    fps               | 1        |
|    time_elapsed      | 52829    |
|    total_timesteps   | 99900    |
| train/               |          |
|    actor_loss        | 54.9     |
|    critic_loss       | 3.19     |
|    ent_coef          | 0.0457   |
|    ent_coef_loss     | 0.24     |
|    learning_rate     | 0.0003   |
|    n_updates         | 749220   |
|    noise_critic_loss | 12.6     |
-----------------------------------
-----------------------------------
| rollout/             |          |
|    ep_len_mean       | 75       |
|    ep_rew_mean       | -152     |
| time/                |          |
|    episodes          | 1336     |
|    fps               | 1        |
|    time_elapsed      | 52943    |
|    total_timesteps   | 100200   |
| train/               |          |
|    actor_loss        | 55.1     |
|    critic_loss       | 3.15     |
|    ent_coef          | 0.0455   |
|    ent_coef_loss     | 0.0694   |
|    learning_rate     | 0.0003   |
|    n_updates         | 751470   |
|    noise_critic_loss | 12.1     |
-----------------------------------
-----------------------------------
| rollout/             |          |
|    ep_len_mean       | 75       |
|    ep_rew_mean       | -154     |
| time/                |          |
|    episodes          | 1340     |
|    fps               | 1        |
|    time_elapsed      | 53055    |
|    total_timesteps   | 100500   |
| train/               |          |
|    actor_loss        | 55.5     |
|    critic_loss       | 3.37     |
|    ent_coef          | 0.0455   |
|    ent_coef_loss     | -0.284   |
|    learning_rate     | 0.0003   |
|    n_updates         | 753720   |
|    noise_critic_loss | 13.5     |
-----------------------------------
-----------------------------------
| rollout/             |          |
|    ep_len_mean       | 75       |
|    ep_rew_mean       | -153     |
| time/                |          |
|    episodes          | 1344     |
|    fps               | 1        |
|    time_elapsed      | 53168    |
|    total_timesteps   | 100800   |
| train/               |          |
|    actor_loss        | 54.9     |
|    critic_loss       | 3.21     |
|    ent_coef          | 0.0449   |
|    ent_coef_loss     | -0.284   |
|    learning_rate     | 0.0003   |
|    n_updates         | 755970   |
|    noise_critic_loss | 12.3     |
-----------------------------------
-----------------------------------
| rollout/             |          |
|    ep_len_mean       | 75       |
|    ep_rew_mean       | -153     |
| time/                |          |
|    episodes          | 1348     |
|    fps               | 1        |
|    time_elapsed      | 53281    |
|    total_timesteps   | 101100   |
| train/               |          |
|    actor_loss        | 55       |
|    critic_loss       | 3.28     |
|    ent_coef          | 0.0442   |
|    ent_coef_loss     | 0.151    |
|    learning_rate     | 0.0003   |
|    n_updates         | 758220   |
|    noise_critic_loss | 12.3     |
-----------------------------------
-----------------------------------
| rollout/             |          |
|    ep_len_mean       | 75       |
|    ep_rew_mean       | -153     |
| time/                |          |
|    episodes          | 1352     |
|    fps               | 1        |
|    time_elapsed      | 53394    |
|    total_timesteps   | 101400   |
| train/               |          |
|    actor_loss        | 55.4     |
|    critic_loss       | 3.02     |
|    ent_coef          | 0.0439   |
|    ent_coef_loss     | 0.225    |
|    learning_rate     | 0.0003   |
|    n_updates         | 760470   |
|    noise_critic_loss | 11.4     |
-----------------------------------
-----------------------------------
| rollout/             |          |
|    ep_len_mean       | 75       |
|    ep_rew_mean       | -150     |
| time/                |          |
|    episodes          | 1356     |
|    fps               | 1        |
|    time_elapsed      | 53507    |
|    total_timesteps   | 101700   |
| train/               |          |
|    actor_loss        | 55.4     |
|    critic_loss       | 3.08     |
|    ent_coef          | 0.0453   |
|    ent_coef_loss     | 0.449    |
|    learning_rate     | 0.0003   |
|    n_updates         | 762720   |
|    noise_critic_loss | 11.6     |
-----------------------------------
-----------------------------------
| rollout/             |          |
|    ep_len_mean       | 75       |
|    ep_rew_mean       | -151     |
| time/                |          |
|    episodes          | 1360     |
|    fps               | 1        |
|    time_elapsed      | 53620    |
|    total_timesteps   | 102000   |
| train/               |          |
|    actor_loss        | 55.4     |
|    critic_loss       | 3.04     |
|    ent_coef          | 0.0453   |
|    ent_coef_loss     | 0.0584   |
|    learning_rate     | 0.0003   |
|    n_updates         | 764970   |
|    noise_critic_loss | 11.6     |
-----------------------------------
-----------------------------------
| rollout/             |          |
|    ep_len_mean       | 75       |
|    ep_rew_mean       | -150     |
| time/                |          |
|    episodes          | 1364     |
|    fps               | 1        |
|    time_elapsed      | 53732    |
|    total_timesteps   | 102300   |
| train/               |          |
|    actor_loss        | 54.9     |
|    critic_loss       | 3.06     |
|    ent_coef          | 0.0445   |
|    ent_coef_loss     | 0.55     |
|    learning_rate     | 0.0003   |
|    n_updates         | 767220   |
|    noise_critic_loss | 12.3     |
-----------------------------------
-----------------------------------
| rollout/             |          |
|    ep_len_mean       | 75       |
|    ep_rew_mean       | -147     |
| time/                |          |
|    episodes          | 1368     |
|    fps               | 1        |
|    time_elapsed      | 53845    |
|    total_timesteps   | 102600   |
| train/               |          |
|    actor_loss        | 54.9     |
|    critic_loss       | 3.08     |
|    ent_coef          | 0.0447   |
|    ent_coef_loss     | 0.264    |
|    learning_rate     | 0.0003   |
|    n_updates         | 769470   |
|    noise_critic_loss | 11.8     |
-----------------------------------
-----------------------------------
| rollout/             |          |
|    ep_len_mean       | 75       |
|    ep_rew_mean       | -145     |
| time/                |          |
|    episodes          | 1372     |
|    fps               | 1        |
|    time_elapsed      | 53958    |
|    total_timesteps   | 102900   |
| train/               |          |
|    actor_loss        | 54.9     |
|    critic_loss       | 3.11     |
|    ent_coef          | 0.0446   |
|    ent_coef_loss     | 0.347    |
|    learning_rate     | 0.0003   |
|    n_updates         | 771720   |
|    noise_critic_loss | 11.4     |
-----------------------------------
-----------------------------------
| rollout/             |          |
|    ep_len_mean       | 75       |
|    ep_rew_mean       | -145     |
| time/                |          |
|    episodes          | 1376     |
|    fps               | 1        |
|    time_elapsed      | 54072    |
|    total_timesteps   | 103200   |
| train/               |          |
|    actor_loss        | 55.3     |
|    critic_loss       | 3.04     |
|    ent_coef          | 0.0447   |
|    ent_coef_loss     | 1.15     |
|    learning_rate     | 0.0003   |
|    n_updates         | 773970   |
|    noise_critic_loss | 11.2     |
-----------------------------------
-----------------------------------
| rollout/             |          |
|    ep_len_mean       | 75       |
|    ep_rew_mean       | -145     |
| time/                |          |
|    episodes          | 1380     |
|    fps               | 1        |
|    time_elapsed      | 54186    |
|    total_timesteps   | 103500   |
| train/               |          |
|    actor_loss        | 54.9     |
|    critic_loss       | 3.08     |
|    ent_coef          | 0.0444   |
|    ent_coef_loss     | -0.279   |
|    learning_rate     | 0.0003   |
|    n_updates         | 776220   |
|    noise_critic_loss | 11.8     |
-----------------------------------
-----------------------------------
| rollout/             |          |
|    ep_len_mean       | 75       |
|    ep_rew_mean       | -144     |
| time/                |          |
|    episodes          | 1384     |
|    fps               | 1        |
|    time_elapsed      | 54299    |
|    total_timesteps   | 103800   |
| train/               |          |
|    actor_loss        | 55.2     |
|    critic_loss       | 3.78     |
|    ent_coef          | 0.0444   |
|    ent_coef_loss     | 0.0458   |
|    learning_rate     | 0.0003   |
|    n_updates         | 778470   |
|    noise_critic_loss | 11.8     |
-----------------------------------
-----------------------------------
| rollout/             |          |
|    ep_len_mean       | 75       |
|    ep_rew_mean       | -144     |
| time/                |          |
|    episodes          | 1388     |
|    fps               | 1        |
|    time_elapsed      | 54411    |
|    total_timesteps   | 104100   |
| train/               |          |
|    actor_loss        | 55       |
|    critic_loss       | 3.18     |
|    ent_coef          | 0.044    |
|    ent_coef_loss     | 0.0943   |
|    learning_rate     | 0.0003   |
|    n_updates         | 780720   |
|    noise_critic_loss | 11.7     |
-----------------------------------
-----------------------------------
| rollout/             |          |
|    ep_len_mean       | 75       |
|    ep_rew_mean       | -144     |
| time/                |          |
|    episodes          | 1392     |
|    fps               | 1        |
|    time_elapsed      | 54524    |
|    total_timesteps   | 104400   |
| train/               |          |
|    actor_loss        | 54.9     |
|    critic_loss       | 2.91     |
|    ent_coef          | 0.045    |
|    ent_coef_loss     | -0.152   |
|    learning_rate     | 0.0003   |
|    n_updates         | 782970   |
|    noise_critic_loss | 11.7     |
-----------------------------------
-----------------------------------
| rollout/             |          |
|    ep_len_mean       | 75       |
|    ep_rew_mean       | -146     |
| time/                |          |
|    episodes          | 1396     |
|    fps               | 1        |
|    time_elapsed      | 54637    |
|    total_timesteps   | 104700   |
| train/               |          |
|    actor_loss        | 54.8     |
|    critic_loss       | 2.97     |
|    ent_coef          | 0.0434   |
|    ent_coef_loss     | 0.283    |
|    learning_rate     | 0.0003   |
|    n_updates         | 785220   |
|    noise_critic_loss | 10.9     |
-----------------------------------
-----------------------------------
| rollout/             |          |
|    ep_len_mean       | 75       |
|    ep_rew_mean       | -149     |
| time/                |          |
|    episodes          | 1400     |
|    fps               | 1        |
|    time_elapsed      | 54750    |
|    total_timesteps   | 105000   |
| train/               |          |
|    actor_loss        | 54.9     |
|    critic_loss       | 3.14     |
|    ent_coef          | 0.0443   |
|    ent_coef_loss     | -0.456   |
|    learning_rate     | 0.0003   |
|    n_updates         | 787470   |
|    noise_critic_loss | 12.1     |
-----------------------------------
-----------------------------------
| rollout/             |          |
|    ep_len_mean       | 75       |
|    ep_rew_mean       | -148     |
| time/                |          |
|    episodes          | 1404     |
|    fps               | 1        |
|    time_elapsed      | 54863    |
|    total_timesteps   | 105300   |
| train/               |          |
|    actor_loss        | 55.9     |
|    critic_loss       | 3.05     |
|    ent_coef          | 0.0449   |
|    ent_coef_loss     | 1.05     |
|    learning_rate     | 0.0003   |
|    n_updates         | 789720   |
|    noise_critic_loss | 11.1     |
-----------------------------------
-----------------------------------
| rollout/             |          |
|    ep_len_mean       | 75       |
|    ep_rew_mean       | -150     |
| time/                |          |
|    episodes          | 1408     |
|    fps               | 1        |
|    time_elapsed      | 54976    |
|    total_timesteps   | 105600   |
| train/               |          |
|    actor_loss        | 55.3     |
|    critic_loss       | 3.27     |
|    ent_coef          | 0.0439   |
|    ent_coef_loss     | 0.696    |
|    learning_rate     | 0.0003   |
|    n_updates         | 791970   |
|    noise_critic_loss | 11.5     |
-----------------------------------
-----------------------------------
| rollout/             |          |
|    ep_len_mean       | 75       |
|    ep_rew_mean       | -149     |
| time/                |          |
|    episodes          | 1412     |
|    fps               | 1        |
|    time_elapsed      | 55090    |
|    total_timesteps   | 105900   |
| train/               |          |
|    actor_loss        | 55.9     |
|    critic_loss       | 3.26     |
|    ent_coef          | 0.0444   |
|    ent_coef_loss     | 0.129    |
|    learning_rate     | 0.0003   |
|    n_updates         | 794220   |
|    noise_critic_loss | 12.4     |
-----------------------------------
-----------------------------------
| rollout/             |          |
|    ep_len_mean       | 75       |
|    ep_rew_mean       | -148     |
| time/                |          |
|    episodes          | 1416     |
|    fps               | 1        |
|    time_elapsed      | 55204    |
|    total_timesteps   | 106200   |
| train/               |          |
|    actor_loss        | 55.9     |
|    critic_loss       | 3.06     |
|    ent_coef          | 0.0439   |
|    ent_coef_loss     | 0.72     |
|    learning_rate     | 0.0003   |
|    n_updates         | 796470   |
|    noise_critic_loss | 11.9     |
-----------------------------------
-----------------------------------
| rollout/             |          |
|    ep_len_mean       | 75       |
|    ep_rew_mean       | -145     |
| time/                |          |
|    episodes          | 1420     |
|    fps               | 1        |
|    time_elapsed      | 55317    |
|    total_timesteps   | 106500   |
| train/               |          |
|    actor_loss        | 55.5     |
|    critic_loss       | 3.15     |
|    ent_coef          | 0.0449   |
|    ent_coef_loss     | 0.0605   |
|    learning_rate     | 0.0003   |
|    n_updates         | 798720   |
|    noise_critic_loss | 11.4     |
-----------------------------------
-----------------------------------
| rollout/             |          |
|    ep_len_mean       | 75       |
|    ep_rew_mean       | -148     |
| time/                |          |
|    episodes          | 1424     |
|    fps               | 1        |
|    time_elapsed      | 55429    |
|    total_timesteps   | 106800   |
| train/               |          |
|    actor_loss        | 55.6     |
|    critic_loss       | 3.11     |
|    ent_coef          | 0.0443   |
|    ent_coef_loss     | 0.69     |
|    learning_rate     | 0.0003   |
|    n_updates         | 800970   |
|    noise_critic_loss | 13       |
-----------------------------------
-----------------------------------
| rollout/             |          |
|    ep_len_mean       | 75       |
|    ep_rew_mean       | -148     |
| time/                |          |
|    episodes          | 1428     |
|    fps               | 1        |
|    time_elapsed      | 55542    |
|    total_timesteps   | 107100   |
| train/               |          |
|    actor_loss        | 55.4     |
|    critic_loss       | 3.13     |
|    ent_coef          | 0.0443   |
|    ent_coef_loss     | -0.606   |
|    learning_rate     | 0.0003   |
|    n_updates         | 803220   |
|    noise_critic_loss | 12.1     |
-----------------------------------
-----------------------------------
| rollout/             |          |
|    ep_len_mean       | 75       |
|    ep_rew_mean       | -148     |
| time/                |          |
|    episodes          | 1432     |
|    fps               | 1        |
|    time_elapsed      | 55656    |
|    total_timesteps   | 107400   |
| train/               |          |
|    actor_loss        | 55.4     |
|    critic_loss       | 3.27     |
|    ent_coef          | 0.0445   |
|    ent_coef_loss     | 0.122    |
|    learning_rate     | 0.0003   |
|    n_updates         | 805470   |
|    noise_critic_loss | 12.4     |
-----------------------------------
-----------------------------------
| rollout/             |          |
|    ep_len_mean       | 75       |
|    ep_rew_mean       | -148     |
| time/                |          |
|    episodes          | 1436     |
|    fps               | 1        |
|    time_elapsed      | 55770    |
|    total_timesteps   | 107700   |
| train/               |          |
|    actor_loss        | 55.3     |
|    critic_loss       | 3.09     |
|    ent_coef          | 0.0446   |
|    ent_coef_loss     | -0.485   |
|    learning_rate     | 0.0003   |
|    n_updates         | 807720   |
|    noise_critic_loss | 12.3     |
-----------------------------------
eval episode 0 at timestep 438004
eval episode 1 at timestep 438004
eval episode 2 at timestep 438004
eval episode 3 at timestep 438004
eval episode 4 at timestep 438004
eval episode 5 at timestep 438004
eval episode 6 at timestep 438004
eval episode 7 at timestep 438004
-----------------------------------
| rollout/             |          |
|    ep_len_mean       | 75       |
|    ep_rew_mean       | -151     |
| time/                |          |
|    episodes          | 1440     |
|    fps               | 1        |
|    time_elapsed      | 57738    |
|    total_timesteps   | 108000   |
| train/               |          |
|    actor_loss        | 55.4     |
|    critic_loss       | 3.21     |
|    ent_coef          | 0.0439   |
|    ent_coef_loss     | -0.117   |
|    learning_rate     | 0.0003   |
|    n_updates         | 809970   |
|    noise_critic_loss | 11.9     |
-----------------------------------
-----------------------------------
| rollout/             |          |
|    ep_len_mean       | 75       |
|    ep_rew_mean       | -151     |
| time/                |          |
|    episodes          | 1444     |
|    fps               | 1        |
|    time_elapsed      | 57851    |
|    total_timesteps   | 108300   |
| train/               |          |
|    actor_loss        | 55.2     |
|    critic_loss       | 3.05     |
|    ent_coef          | 0.045    |
|    ent_coef_loss     | -0.457   |
|    learning_rate     | 0.0003   |
|    n_updates         | 812220   |
|    noise_critic_loss | 11.9     |
-----------------------------------
-----------------------------------
| rollout/             |          |
|    ep_len_mean       | 75       |
|    ep_rew_mean       | -152     |
| time/                |          |
|    episodes          | 1448     |
|    fps               | 1        |
|    time_elapsed      | 57964    |
|    total_timesteps   | 108600   |
| train/               |          |
|    actor_loss        | 55.3     |
|    critic_loss       | 3.39     |
|    ent_coef          | 0.045    |
|    ent_coef_loss     | 0.29     |
|    learning_rate     | 0.0003   |
|    n_updates         | 814470   |
|    noise_critic_loss | 12.3     |
-----------------------------------
-----------------------------------
| rollout/             |          |
|    ep_len_mean       | 75       |
|    ep_rew_mean       | -151     |
| time/                |          |
|    episodes          | 1452     |
|    fps               | 1        |
|    time_elapsed      | 58077    |
|    total_timesteps   | 108900   |
| train/               |          |
|    actor_loss        | 55.2     |
|    critic_loss       | 3.4      |
|    ent_coef          | 0.0454   |
|    ent_coef_loss     | 0.451    |
|    learning_rate     | 0.0003   |
|    n_updates         | 816720   |
|    noise_critic_loss | 13.2     |
-----------------------------------
-----------------------------------
| rollout/             |          |
|    ep_len_mean       | 75       |
|    ep_rew_mean       | -151     |
| time/                |          |
|    episodes          | 1456     |
|    fps               | 1        |
|    time_elapsed      | 58190    |
|    total_timesteps   | 109200   |
| train/               |          |
|    actor_loss        | 55.3     |
|    critic_loss       | 3.38     |
|    ent_coef          | 0.0457   |
|    ent_coef_loss     | -0.554   |
|    learning_rate     | 0.0003   |
|    n_updates         | 818970   |
|    noise_critic_loss | 12.4     |
-----------------------------------
-----------------------------------
| rollout/             |          |
|    ep_len_mean       | 75       |
|    ep_rew_mean       | -150     |
| time/                |          |
|    episodes          | 1460     |
|    fps               | 1        |
|    time_elapsed      | 58302    |
|    total_timesteps   | 109500   |
| train/               |          |
|    actor_loss        | 56.2     |
|    critic_loss       | 3.23     |
|    ent_coef          | 0.046    |
|    ent_coef_loss     | -0.472   |
|    learning_rate     | 0.0003   |
|    n_updates         | 821220   |
|    noise_critic_loss | 13.5     |
-----------------------------------
-----------------------------------
| rollout/             |          |
|    ep_len_mean       | 75       |
|    ep_rew_mean       | -151     |
| time/                |          |
|    episodes          | 1464     |
|    fps               | 1        |
|    time_elapsed      | 58415    |
|    total_timesteps   | 109800   |
| train/               |          |
|    actor_loss        | 55.4     |
|    critic_loss       | 3.02     |
|    ent_coef          | 0.0453   |
|    ent_coef_loss     | -0.267   |
|    learning_rate     | 0.0003   |
|    n_updates         | 823470   |
|    noise_critic_loss | 13.5     |
-----------------------------------
-----------------------------------
| rollout/             |          |
|    ep_len_mean       | 75       |
|    ep_rew_mean       | -154     |
| time/                |          |
|    episodes          | 1468     |
|    fps               | 1        |
|    time_elapsed      | 58528    |
|    total_timesteps   | 110100   |
| train/               |          |
|    actor_loss        | 55.2     |
|    critic_loss       | 3.5      |
|    ent_coef          | 0.0462   |
|    ent_coef_loss     | -0.111   |
|    learning_rate     | 0.0003   |
|    n_updates         | 825720   |
|    noise_critic_loss | 12.6     |
-----------------------------------
-----------------------------------
| rollout/             |          |
|    ep_len_mean       | 75       |
|    ep_rew_mean       | -152     |
| time/                |          |
|    episodes          | 1472     |
|    fps               | 1        |
|    time_elapsed      | 58642    |
|    total_timesteps   | 110400   |
| train/               |          |
|    actor_loss        | 55.2     |
|    critic_loss       | 3.03     |
|    ent_coef          | 0.0451   |
|    ent_coef_loss     | 0.392    |
|    learning_rate     | 0.0003   |
|    n_updates         | 827970   |
|    noise_critic_loss | 13.1     |
-----------------------------------
-----------------------------------
| rollout/             |          |
|    ep_len_mean       | 75       |
|    ep_rew_mean       | -151     |
| time/                |          |
|    episodes          | 1476     |
|    fps               | 1        |
|    time_elapsed      | 58756    |
|    total_timesteps   | 110700   |
| train/               |          |
|    actor_loss        | 55.2     |
|    critic_loss       | 3.07     |
|    ent_coef          | 0.0452   |
|    ent_coef_loss     | 0.0838   |
|    learning_rate     | 0.0003   |
|    n_updates         | 830220   |
|    noise_critic_loss | 12.3     |
-----------------------------------
-----------------------------------
| rollout/             |          |
|    ep_len_mean       | 75       |
|    ep_rew_mean       | -151     |
| time/                |          |
|    episodes          | 1480     |
|    fps               | 1        |
|    time_elapsed      | 58870    |
|    total_timesteps   | 111000   |
| train/               |          |
|    actor_loss        | 55.9     |
|    critic_loss       | 3.26     |
|    ent_coef          | 0.0455   |
|    ent_coef_loss     | 0.539    |
|    learning_rate     | 0.0003   |
|    n_updates         | 832470   |
|    noise_critic_loss | 12.6     |
-----------------------------------
-----------------------------------
| rollout/             |          |
|    ep_len_mean       | 75       |
|    ep_rew_mean       | -154     |
| time/                |          |
|    episodes          | 1484     |
|    fps               | 1        |
|    time_elapsed      | 58983    |
|    total_timesteps   | 111300   |
| train/               |          |
|    actor_loss        | 55.6     |
|    critic_loss       | 3.53     |
|    ent_coef          | 0.0439   |
|    ent_coef_loss     | -0.157   |
|    learning_rate     | 0.0003   |
|    n_updates         | 834720   |
|    noise_critic_loss | 11.4     |
-----------------------------------
-----------------------------------
| rollout/             |          |
|    ep_len_mean       | 75       |
|    ep_rew_mean       | -152     |
| time/                |          |
|    episodes          | 1488     |
|    fps               | 1        |
|    time_elapsed      | 59096    |
|    total_timesteps   | 111600   |
| train/               |          |
|    actor_loss        | 56       |
|    critic_loss       | 3.22     |
|    ent_coef          | 0.0442   |
|    ent_coef_loss     | -0.413   |
|    learning_rate     | 0.0003   |
|    n_updates         | 836970   |
|    noise_critic_loss | 11.9     |
-----------------------------------
-----------------------------------
| rollout/             |          |
|    ep_len_mean       | 75       |
|    ep_rew_mean       | -152     |
| time/                |          |
|    episodes          | 1492     |
|    fps               | 1        |
|    time_elapsed      | 59209    |
|    total_timesteps   | 111900   |
| train/               |          |
|    actor_loss        | 55.8     |
|    critic_loss       | 3.17     |
|    ent_coef          | 0.0446   |
|    ent_coef_loss     | -0.43    |
|    learning_rate     | 0.0003   |
|    n_updates         | 839220   |
|    noise_critic_loss | 11.9     |
-----------------------------------
-----------------------------------
| rollout/             |          |
|    ep_len_mean       | 75       |
|    ep_rew_mean       | -152     |
| time/                |          |
|    episodes          | 1496     |
|    fps               | 1        |
|    time_elapsed      | 59322    |
|    total_timesteps   | 112200   |
| train/               |          |
|    actor_loss        | 55.8     |
|    critic_loss       | 3.15     |
|    ent_coef          | 0.0444   |
|    ent_coef_loss     | 0.00698  |
|    learning_rate     | 0.0003   |
|    n_updates         | 841470   |
|    noise_critic_loss | 11.6     |
-----------------------------------
-----------------------------------
| rollout/             |          |
|    ep_len_mean       | 75       |
|    ep_rew_mean       | -149     |
| time/                |          |
|    episodes          | 1500     |
|    fps               | 1        |
|    time_elapsed      | 59436    |
|    total_timesteps   | 112500   |
| train/               |          |
|    actor_loss        | 55.7     |
|    critic_loss       | 3.01     |
|    ent_coef          | 0.0444   |
|    ent_coef_loss     | -0.34    |
|    learning_rate     | 0.0003   |
|    n_updates         | 843720   |
|    noise_critic_loss | 12.7     |
-----------------------------------
-----------------------------------
| rollout/             |          |
|    ep_len_mean       | 75       |
|    ep_rew_mean       | -145     |
| time/                |          |
|    episodes          | 1504     |
|    fps               | 1        |
|    time_elapsed      | 59549    |
|    total_timesteps   | 112800   |
| train/               |          |
|    actor_loss        | 56       |
|    critic_loss       | 3.15     |
|    ent_coef          | 0.0443   |
|    ent_coef_loss     | -0.487   |
|    learning_rate     | 0.0003   |
|    n_updates         | 845970   |
|    noise_critic_loss | 11.8     |
-----------------------------------
-----------------------------------
| rollout/             |          |
|    ep_len_mean       | 75       |
|    ep_rew_mean       | -142     |
| time/                |          |
|    episodes          | 1508     |
|    fps               | 1        |
|    time_elapsed      | 59663    |
|    total_timesteps   | 113100   |
| train/               |          |
|    actor_loss        | 56.2     |
|    critic_loss       | 3.05     |
|    ent_coef          | 0.0445   |
|    ent_coef_loss     | 0.916    |
|    learning_rate     | 0.0003   |
|    n_updates         | 848220   |
|    noise_critic_loss | 11.6     |
-----------------------------------
-----------------------------------
| rollout/             |          |
|    ep_len_mean       | 75       |
|    ep_rew_mean       | -141     |
| time/                |          |
|    episodes          | 1512     |
|    fps               | 1        |
|    time_elapsed      | 59776    |
|    total_timesteps   | 113400   |
| train/               |          |
|    actor_loss        | 55.3     |
|    critic_loss       | 3.09     |
|    ent_coef          | 0.0447   |
|    ent_coef_loss     | -0.896   |
|    learning_rate     | 0.0003   |
|    n_updates         | 850470   |
|    noise_critic_loss | 12.2     |
-----------------------------------
-----------------------------------
| rollout/             |          |
|    ep_len_mean       | 75       |
|    ep_rew_mean       | -142     |
| time/                |          |
|    episodes          | 1516     |
|    fps               | 1        |
|    time_elapsed      | 59889    |
|    total_timesteps   | 113700   |
| train/               |          |
|    actor_loss        | 55.8     |
|    critic_loss       | 3.04     |
|    ent_coef          | 0.0437   |
|    ent_coef_loss     | -1.28    |
|    learning_rate     | 0.0003   |
|    n_updates         | 852720   |
|    noise_critic_loss | 11.2     |
-----------------------------------
-----------------------------------
| rollout/             |          |
|    ep_len_mean       | 75       |
|    ep_rew_mean       | -145     |
| time/                |          |
|    episodes          | 1520     |
|    fps               | 1        |
|    time_elapsed      | 60002    |
|    total_timesteps   | 114000   |
| train/               |          |
|    actor_loss        | 55       |
|    critic_loss       | 3.05     |
|    ent_coef          | 0.0446   |
|    ent_coef_loss     | -0.0669  |
|    learning_rate     | 0.0003   |
|    n_updates         | 854970   |
|    noise_critic_loss | 11.8     |
-----------------------------------
-----------------------------------
| rollout/             |          |
|    ep_len_mean       | 75       |
|    ep_rew_mean       | -143     |
| time/                |          |
|    episodes          | 1524     |
|    fps               | 1        |
|    time_elapsed      | 60115    |
|    total_timesteps   | 114300   |
| train/               |          |
|    actor_loss        | 55.7     |
|    critic_loss       | 3.12     |
|    ent_coef          | 0.0441   |
|    ent_coef_loss     | 0.775    |
|    learning_rate     | 0.0003   |
|    n_updates         | 857220   |
|    noise_critic_loss | 11.9     |
-----------------------------------
-----------------------------------
| rollout/             |          |
|    ep_len_mean       | 75       |
|    ep_rew_mean       | -143     |
| time/                |          |
|    episodes          | 1528     |
|    fps               | 1        |
|    time_elapsed      | 60229    |
|    total_timesteps   | 114600   |
| train/               |          |
|    actor_loss        | 55.7     |
|    critic_loss       | 3.21     |
|    ent_coef          | 0.0447   |
|    ent_coef_loss     | 0.275    |
|    learning_rate     | 0.0003   |
|    n_updates         | 859470   |
|    noise_critic_loss | 12.7     |
-----------------------------------
-----------------------------------
| rollout/             |          |
|    ep_len_mean       | 75       |
|    ep_rew_mean       | -146     |
| time/                |          |
|    episodes          | 1532     |
|    fps               | 1        |
|    time_elapsed      | 60341    |
|    total_timesteps   | 114900   |
| train/               |          |
|    actor_loss        | 55.5     |
|    critic_loss       | 3.12     |
|    ent_coef          | 0.0448   |
|    ent_coef_loss     | 0.149    |
|    learning_rate     | 0.0003   |
|    n_updates         | 861720   |
|    noise_critic_loss | 12.6     |
-----------------------------------
-----------------------------------
| rollout/             |          |
|    ep_len_mean       | 75       |
|    ep_rew_mean       | -145     |
| time/                |          |
|    episodes          | 1536     |
|    fps               | 1        |
|    time_elapsed      | 60455    |
|    total_timesteps   | 115200   |
| train/               |          |
|    actor_loss        | 55.6     |
|    critic_loss       | 3.48     |
|    ent_coef          | 0.045    |
|    ent_coef_loss     | -0.74    |
|    learning_rate     | 0.0003   |
|    n_updates         | 863970   |
|    noise_critic_loss | 12.6     |
-----------------------------------
-----------------------------------
| rollout/             |          |
|    ep_len_mean       | 75       |
|    ep_rew_mean       | -145     |
| time/                |          |
|    episodes          | 1540     |
|    fps               | 1        |
|    time_elapsed      | 60568    |
|    total_timesteps   | 115500   |
| train/               |          |
|    actor_loss        | 56.2     |
|    critic_loss       | 3.16     |
|    ent_coef          | 0.0442   |
|    ent_coef_loss     | -0.154   |
|    learning_rate     | 0.0003   |
|    n_updates         | 866220   |
|    noise_critic_loss | 12.8     |
-----------------------------------
-----------------------------------
| rollout/             |          |
|    ep_len_mean       | 75       |
|    ep_rew_mean       | -144     |
| time/                |          |
|    episodes          | 1544     |
|    fps               | 1        |
|    time_elapsed      | 60681    |
|    total_timesteps   | 115800   |
| train/               |          |
|    actor_loss        | 55.7     |
|    critic_loss       | 3.54     |
|    ent_coef          | 0.0447   |
|    ent_coef_loss     | 0.339    |
|    learning_rate     | 0.0003   |
|    n_updates         | 868470   |
|    noise_critic_loss | 13.6     |
-----------------------------------
-----------------------------------
| rollout/             |          |
|    ep_len_mean       | 75       |
|    ep_rew_mean       | -143     |
| time/                |          |
|    episodes          | 1548     |
|    fps               | 1        |
|    time_elapsed      | 60795    |
|    total_timesteps   | 116100   |
| train/               |          |
|    actor_loss        | 56.4     |
|    critic_loss       | 3.33     |
|    ent_coef          | 0.0446   |
|    ent_coef_loss     | -0.711   |
|    learning_rate     | 0.0003   |
|    n_updates         | 870720   |
|    noise_critic_loss | 13.4     |
-----------------------------------
-----------------------------------
| rollout/             |          |
|    ep_len_mean       | 75       |
|    ep_rew_mean       | -143     |
| time/                |          |
|    episodes          | 1552     |
|    fps               | 1        |
|    time_elapsed      | 60908    |
|    total_timesteps   | 116400   |
| train/               |          |
|    actor_loss        | 56.1     |
|    critic_loss       | 3.21     |
|    ent_coef          | 0.0445   |
|    ent_coef_loss     | -0.0122  |
|    learning_rate     | 0.0003   |
|    n_updates         | 872970   |
|    noise_critic_loss | 12.4     |
-----------------------------------
-----------------------------------
| rollout/             |          |
|    ep_len_mean       | 75       |
|    ep_rew_mean       | -142     |
| time/                |          |
|    episodes          | 1556     |
|    fps               | 1        |
|    time_elapsed      | 61022    |
|    total_timesteps   | 116700   |
| train/               |          |
|    actor_loss        | 56.3     |
|    critic_loss       | 3.36     |
|    ent_coef          | 0.0447   |
|    ent_coef_loss     | -0.383   |
|    learning_rate     | 0.0003   |
|    n_updates         | 875220   |
|    noise_critic_loss | 12.8     |
-----------------------------------
-----------------------------------
| rollout/             |          |
|    ep_len_mean       | 75       |
|    ep_rew_mean       | -144     |
| time/                |          |
|    episodes          | 1560     |
|    fps               | 1        |
|    time_elapsed      | 61135    |
|    total_timesteps   | 117000   |
| train/               |          |
|    actor_loss        | 55.7     |
|    critic_loss       | 3.58     |
|    ent_coef          | 0.0447   |
|    ent_coef_loss     | -0.383   |
|    learning_rate     | 0.0003   |
|    n_updates         | 877470   |
|    noise_critic_loss | 13.2     |
-----------------------------------
-----------------------------------
| rollout/             |          |
|    ep_len_mean       | 75       |
|    ep_rew_mean       | -143     |
| time/                |          |
|    episodes          | 1564     |
|    fps               | 1        |
|    time_elapsed      | 61247    |
|    total_timesteps   | 117300   |
| train/               |          |
|    actor_loss        | 55.4     |
|    critic_loss       | 3.41     |
|    ent_coef          | 0.0448   |
|    ent_coef_loss     | -0.506   |
|    learning_rate     | 0.0003   |
|    n_updates         | 879720   |
|    noise_critic_loss | 12.4     |
-----------------------------------
-----------------------------------
| rollout/             |          |
|    ep_len_mean       | 75       |
|    ep_rew_mean       | -142     |
| time/                |          |
|    episodes          | 1568     |
|    fps               | 1        |
|    time_elapsed      | 61360    |
|    total_timesteps   | 117600   |
| train/               |          |
|    actor_loss        | 55.8     |
|    critic_loss       | 3.41     |
|    ent_coef          | 0.0448   |
|    ent_coef_loss     | -0.568   |
|    learning_rate     | 0.0003   |
|    n_updates         | 881970   |
|    noise_critic_loss | 13       |
-----------------------------------
-----------------------------------
| rollout/             |          |
|    ep_len_mean       | 75       |
|    ep_rew_mean       | -143     |
| time/                |          |
|    episodes          | 1572     |
|    fps               | 1        |
|    time_elapsed      | 61474    |
|    total_timesteps   | 117900   |
| train/               |          |
|    actor_loss        | 55.8     |
|    critic_loss       | 3.06     |
|    ent_coef          | 0.0443   |
|    ent_coef_loss     | 0.145    |
|    learning_rate     | 0.0003   |
|    n_updates         | 884220   |
|    noise_critic_loss | 12.4     |
-----------------------------------
-----------------------------------
| rollout/             |          |
|    ep_len_mean       | 75       |
|    ep_rew_mean       | -143     |
| time/                |          |
|    episodes          | 1576     |
|    fps               | 1        |
|    time_elapsed      | 61588    |
|    total_timesteps   | 118200   |
| train/               |          |
|    actor_loss        | 55.8     |
|    critic_loss       | 3.14     |
|    ent_coef          | 0.0447   |
|    ent_coef_loss     | -0.269   |
|    learning_rate     | 0.0003   |
|    n_updates         | 886470   |
|    noise_critic_loss | 12       |
-----------------------------------
-----------------------------------
| rollout/             |          |
|    ep_len_mean       | 75       |
|    ep_rew_mean       | -141     |
| time/                |          |
|    episodes          | 1580     |
|    fps               | 1        |
|    time_elapsed      | 61701    |
|    total_timesteps   | 118500   |
| train/               |          |
|    actor_loss        | 56.3     |
|    critic_loss       | 3.19     |
|    ent_coef          | 0.0444   |
|    ent_coef_loss     | 0.378    |
|    learning_rate     | 0.0003   |
|    n_updates         | 888720   |
|    noise_critic_loss | 12.1     |
-----------------------------------
-----------------------------------
| rollout/             |          |
|    ep_len_mean       | 75       |
|    ep_rew_mean       | -140     |
| time/                |          |
|    episodes          | 1584     |
|    fps               | 1        |
|    time_elapsed      | 61815    |
|    total_timesteps   | 118800   |
| train/               |          |
|    actor_loss        | 55.9     |
|    critic_loss       | 3.13     |
|    ent_coef          | 0.0442   |
|    ent_coef_loss     | -0.0749  |
|    learning_rate     | 0.0003   |
|    n_updates         | 890970   |
|    noise_critic_loss | 12.5     |
-----------------------------------
-----------------------------------
| rollout/             |          |
|    ep_len_mean       | 75       |
|    ep_rew_mean       | -143     |
| time/                |          |
|    episodes          | 1588     |
|    fps               | 1        |
|    time_elapsed      | 61928    |
|    total_timesteps   | 119100   |
| train/               |          |
|    actor_loss        | 55.5     |
|    critic_loss       | 3.24     |
|    ent_coef          | 0.0441   |
|    ent_coef_loss     | -1.17    |
|    learning_rate     | 0.0003   |
|    n_updates         | 893220   |
|    noise_critic_loss | 12.6     |
-----------------------------------
-----------------------------------
| rollout/             |          |
|    ep_len_mean       | 75       |
|    ep_rew_mean       | -140     |
| time/                |          |
|    episodes          | 1592     |
|    fps               | 1        |
|    time_elapsed      | 62042    |
|    total_timesteps   | 119400   |
| train/               |          |
|    actor_loss        | 56       |
|    critic_loss       | 3.06     |
|    ent_coef          | 0.0441   |
|    ent_coef_loss     | -0.133   |
|    learning_rate     | 0.0003   |
|    n_updates         | 895470   |
|    noise_critic_loss | 12.6     |
-----------------------------------
-----------------------------------
| rollout/             |          |
|    ep_len_mean       | 75       |
|    ep_rew_mean       | -139     |
| time/                |          |
|    episodes          | 1596     |
|    fps               | 1        |
|    time_elapsed      | 62155    |
|    total_timesteps   | 119700   |
| train/               |          |
|    actor_loss        | 55.4     |
|    critic_loss       | 3.36     |
|    ent_coef          | 0.0447   |
|    ent_coef_loss     | 0.511    |
|    learning_rate     | 0.0003   |
|    n_updates         | 897720   |
|    noise_critic_loss | 13.1     |
-----------------------------------
eval episode 0 at timestep 486004
eval episode 1 at timestep 486004
eval episode 2 at timestep 486004
eval episode 3 at timestep 486004
eval episode 4 at timestep 486004
eval episode 5 at timestep 486004
eval episode 6 at timestep 486004
eval episode 7 at timestep 486004
-----------------------------------
| rollout/             |          |
|    ep_len_mean       | 75       |
|    ep_rew_mean       | -138     |
| time/                |          |
|    episodes          | 1600     |
|    fps               | 1        |
|    time_elapsed      | 64259    |
|    total_timesteps   | 120000   |
| train/               |          |
|    actor_loss        | 55.8     |
|    critic_loss       | 3.15     |
|    ent_coef          | 0.0441   |
|    ent_coef_loss     | -0.329   |
|    learning_rate     | 0.0003   |
|    n_updates         | 899970   |
|    noise_critic_loss | 11.6     |
-----------------------------------
-----------------------------------
| rollout/             |          |
|    ep_len_mean       | 75       |
|    ep_rew_mean       | -140     |
| time/                |          |
|    episodes          | 1604     |
|    fps               | 1        |
|    time_elapsed      | 64377    |
|    total_timesteps   | 120300   |
| train/               |          |
|    actor_loss        | 56.2     |
|    critic_loss       | 3.45     |
|    ent_coef          | 0.0438   |
|    ent_coef_loss     | 0.0804   |
|    learning_rate     | 0.0003   |
|    n_updates         | 902220   |
|    noise_critic_loss | 12.6     |
-----------------------------------
-----------------------------------
| rollout/             |          |
|    ep_len_mean       | 75       |
|    ep_rew_mean       | -141     |
| time/                |          |
|    episodes          | 1608     |
|    fps               | 1        |
|    time_elapsed      | 64495    |
|    total_timesteps   | 120600   |
| train/               |          |
|    actor_loss        | 56.3     |
|    critic_loss       | 3.1      |
|    ent_coef          | 0.0436   |
|    ent_coef_loss     | 0.318    |
|    learning_rate     | 0.0003   |
|    n_updates         | 904470   |
|    noise_critic_loss | 12.1     |
-----------------------------------
-----------------------------------
| rollout/             |          |
|    ep_len_mean       | 75       |
|    ep_rew_mean       | -143     |
| time/                |          |
|    episodes          | 1612     |
|    fps               | 1        |
|    time_elapsed      | 64613    |
|    total_timesteps   | 120900   |
| train/               |          |
|    actor_loss        | 56.3     |
|    critic_loss       | 3.05     |
|    ent_coef          | 0.0431   |
|    ent_coef_loss     | 0.055    |
|    learning_rate     | 0.0003   |
|    n_updates         | 906720   |
|    noise_critic_loss | 11.8     |
-----------------------------------
-----------------------------------
| rollout/             |          |
|    ep_len_mean       | 75       |
|    ep_rew_mean       | -142     |
| time/                |          |
|    episodes          | 1616     |
|    fps               | 1        |
|    time_elapsed      | 64730    |
|    total_timesteps   | 121200   |
| train/               |          |
|    actor_loss        | 55.6     |
|    critic_loss       | 2.93     |
|    ent_coef          | 0.0437   |
|    ent_coef_loss     | -0.287   |
|    learning_rate     | 0.0003   |
|    n_updates         | 908970   |
|    noise_critic_loss | 11.6     |
-----------------------------------
-----------------------------------
| rollout/             |          |
|    ep_len_mean       | 75       |
|    ep_rew_mean       | -141     |
| time/                |          |
|    episodes          | 1620     |
|    fps               | 1        |
|    time_elapsed      | 64848    |
|    total_timesteps   | 121500   |
| train/               |          |
|    actor_loss        | 55.6     |
|    critic_loss       | 3.08     |
|    ent_coef          | 0.044    |
|    ent_coef_loss     | 0.464    |
|    learning_rate     | 0.0003   |
|    n_updates         | 911220   |
|    noise_critic_loss | 11.5     |
-----------------------------------
-----------------------------------
| rollout/             |          |
|    ep_len_mean       | 75       |
|    ep_rew_mean       | -143     |
| time/                |          |
|    episodes          | 1624     |
|    fps               | 1        |
|    time_elapsed      | 64966    |
|    total_timesteps   | 121800   |
| train/               |          |
|    actor_loss        | 56       |
|    critic_loss       | 3.04     |
|    ent_coef          | 0.043    |
|    ent_coef_loss     | 0.524    |
|    learning_rate     | 0.0003   |
|    n_updates         | 913470   |
|    noise_critic_loss | 11.7     |
-----------------------------------
-----------------------------------
| rollout/             |          |
|    ep_len_mean       | 75       |
|    ep_rew_mean       | -141     |
| time/                |          |
|    episodes          | 1628     |
|    fps               | 1        |
|    time_elapsed      | 65085    |
|    total_timesteps   | 122100   |
| train/               |          |
|    actor_loss        | 55.8     |
|    critic_loss       | 2.95     |
|    ent_coef          | 0.043    |
|    ent_coef_loss     | 0.633    |
|    learning_rate     | 0.0003   |
|    n_updates         | 915720   |
|    noise_critic_loss | 11.9     |
-----------------------------------
-----------------------------------
| rollout/             |          |
|    ep_len_mean       | 75       |
|    ep_rew_mean       | -138     |
| time/                |          |
|    episodes          | 1632     |
|    fps               | 1        |
|    time_elapsed      | 65202    |
|    total_timesteps   | 122400   |
| train/               |          |
|    actor_loss        | 56.2     |
|    critic_loss       | 3.09     |
|    ent_coef          | 0.0429   |
|    ent_coef_loss     | -0.273   |
|    learning_rate     | 0.0003   |
|    n_updates         | 917970   |
|    noise_critic_loss | 11.6     |
-----------------------------------
-----------------------------------
| rollout/             |          |
|    ep_len_mean       | 75       |
|    ep_rew_mean       | -137     |
| time/                |          |
|    episodes          | 1636     |
|    fps               | 1        |
|    time_elapsed      | 65321    |
|    total_timesteps   | 122700   |
| train/               |          |
|    actor_loss        | 56.6     |
|    critic_loss       | 3.2      |
|    ent_coef          | 0.0433   |
|    ent_coef_loss     | 0.197    |
|    learning_rate     | 0.0003   |
|    n_updates         | 920220   |
|    noise_critic_loss | 11.7     |
-----------------------------------
-----------------------------------
| rollout/             |          |
|    ep_len_mean       | 75       |
|    ep_rew_mean       | -133     |
| time/                |          |
|    episodes          | 1640     |
|    fps               | 1        |
|    time_elapsed      | 65440    |
|    total_timesteps   | 123000   |
| train/               |          |
|    actor_loss        | 56.4     |
|    critic_loss       | 3.06     |
|    ent_coef          | 0.0426   |
|    ent_coef_loss     | 0.591    |
|    learning_rate     | 0.0003   |
|    n_updates         | 922470   |
|    noise_critic_loss | 12.2     |
-----------------------------------
-----------------------------------
| rollout/             |          |
|    ep_len_mean       | 75       |
|    ep_rew_mean       | -136     |
| time/                |          |
|    episodes          | 1644     |
|    fps               | 1        |
|    time_elapsed      | 65558    |
|    total_timesteps   | 123300   |
| train/               |          |
|    actor_loss        | 55.9     |
|    critic_loss       | 3.05     |
|    ent_coef          | 0.043    |
|    ent_coef_loss     | 1.01     |
|    learning_rate     | 0.0003   |
|    n_updates         | 924720   |
|    noise_critic_loss | 11.3     |
-----------------------------------
-----------------------------------
| rollout/             |          |
|    ep_len_mean       | 75       |
|    ep_rew_mean       | -136     |
| time/                |          |
|    episodes          | 1648     |
|    fps               | 1        |
|    time_elapsed      | 65677    |
|    total_timesteps   | 123600   |
| train/               |          |
|    actor_loss        | 56       |
|    critic_loss       | 3.15     |
|    ent_coef          | 0.0429   |
|    ent_coef_loss     | 0.11     |
|    learning_rate     | 0.0003   |
|    n_updates         | 926970   |
|    noise_critic_loss | 12.1     |
-----------------------------------
-----------------------------------
| rollout/             |          |
|    ep_len_mean       | 75       |
|    ep_rew_mean       | -138     |
| time/                |          |
|    episodes          | 1652     |
|    fps               | 1        |
|    time_elapsed      | 65795    |
|    total_timesteps   | 123900   |
| train/               |          |
|    actor_loss        | 56       |
|    critic_loss       | 3.38     |
|    ent_coef          | 0.0428   |
|    ent_coef_loss     | -0.935   |
|    learning_rate     | 0.0003   |
|    n_updates         | 929220   |
|    noise_critic_loss | 11.9     |
-----------------------------------
-----------------------------------
| rollout/             |          |
|    ep_len_mean       | 75       |
|    ep_rew_mean       | -139     |
| time/                |          |
|    episodes          | 1656     |
|    fps               | 1        |
|    time_elapsed      | 65913    |
|    total_timesteps   | 124200   |
| train/               |          |
|    actor_loss        | 56.3     |
|    critic_loss       | 3.29     |
|    ent_coef          | 0.0424   |
|    ent_coef_loss     | 0.342    |
|    learning_rate     | 0.0003   |
|    n_updates         | 931470   |
|    noise_critic_loss | 11.8     |
-----------------------------------
-----------------------------------
| rollout/             |          |
|    ep_len_mean       | 75       |
|    ep_rew_mean       | -138     |
| time/                |          |
|    episodes          | 1660     |
|    fps               | 1        |
|    time_elapsed      | 66031    |
|    total_timesteps   | 124500   |
| train/               |          |
|    actor_loss        | 56.2     |
|    critic_loss       | 3.19     |
|    ent_coef          | 0.0431   |
|    ent_coef_loss     | 0.377    |
|    learning_rate     | 0.0003   |
|    n_updates         | 933720   |
|    noise_critic_loss | 12       |
-----------------------------------
-----------------------------------
| rollout/             |          |
|    ep_len_mean       | 75       |
|    ep_rew_mean       | -139     |
| time/                |          |
|    episodes          | 1664     |
|    fps               | 1        |
|    time_elapsed      | 66149    |
|    total_timesteps   | 124800   |
| train/               |          |
|    actor_loss        | 56.6     |
|    critic_loss       | 3.21     |
|    ent_coef          | 0.043    |
|    ent_coef_loss     | 0.718    |
|    learning_rate     | 0.0003   |
|    n_updates         | 935970   |
|    noise_critic_loss | 12.1     |
-----------------------------------
-----------------------------------
| rollout/             |          |
|    ep_len_mean       | 75       |
|    ep_rew_mean       | -138     |
| time/                |          |
|    episodes          | 1668     |
|    fps               | 1        |
|    time_elapsed      | 66268    |
|    total_timesteps   | 125100   |
| train/               |          |
|    actor_loss        | 56.2     |
|    critic_loss       | 3.35     |
|    ent_coef          | 0.0443   |
|    ent_coef_loss     | -0.201   |
|    learning_rate     | 0.0003   |
|    n_updates         | 938220   |
|    noise_critic_loss | 12.5     |
-----------------------------------
-----------------------------------
| rollout/             |          |
|    ep_len_mean       | 75       |
|    ep_rew_mean       | -142     |
| time/                |          |
|    episodes          | 1672     |
|    fps               | 1        |
|    time_elapsed      | 66385    |
|    total_timesteps   | 125400   |
| train/               |          |
|    actor_loss        | 56       |
|    critic_loss       | 3.39     |
|    ent_coef          | 0.0435   |
|    ent_coef_loss     | 0.055    |
|    learning_rate     | 0.0003   |
|    n_updates         | 940470   |
|    noise_critic_loss | 12.2     |
-----------------------------------
-----------------------------------
| rollout/             |          |
|    ep_len_mean       | 75       |
|    ep_rew_mean       | -142     |
| time/                |          |
|    episodes          | 1676     |
|    fps               | 1        |
|    time_elapsed      | 66505    |
|    total_timesteps   | 125700   |
| train/               |          |
|    actor_loss        | 56.3     |
|    critic_loss       | 3.2      |
|    ent_coef          | 0.0432   |
|    ent_coef_loss     | -0.196   |
|    learning_rate     | 0.0003   |
|    n_updates         | 942720   |
|    noise_critic_loss | 12.5     |
-----------------------------------
-----------------------------------
| rollout/             |          |
|    ep_len_mean       | 75       |
|    ep_rew_mean       | -143     |
| time/                |          |
|    episodes          | 1680     |
|    fps               | 1        |
|    time_elapsed      | 66623    |
|    total_timesteps   | 126000   |
| train/               |          |
|    actor_loss        | 56.3     |
|    critic_loss       | 3.17     |
|    ent_coef          | 0.0443   |
|    ent_coef_loss     | 0.579    |
|    learning_rate     | 0.0003   |
|    n_updates         | 944970   |
|    noise_critic_loss | 12.7     |
-----------------------------------
-----------------------------------
| rollout/             |          |
|    ep_len_mean       | 75       |
|    ep_rew_mean       | -142     |
| time/                |          |
|    episodes          | 1684     |
|    fps               | 1        |
|    time_elapsed      | 66741    |
|    total_timesteps   | 126300   |
| train/               |          |
|    actor_loss        | 56.2     |
|    critic_loss       | 3.3      |
|    ent_coef          | 0.0443   |
|    ent_coef_loss     | -0.229   |
|    learning_rate     | 0.0003   |
|    n_updates         | 947220   |
|    noise_critic_loss | 12.5     |
-----------------------------------
-----------------------------------
| rollout/             |          |
|    ep_len_mean       | 75       |
|    ep_rew_mean       | -141     |
| time/                |          |
|    episodes          | 1688     |
|    fps               | 1        |
|    time_elapsed      | 66860    |
|    total_timesteps   | 126600   |
| train/               |          |
|    actor_loss        | 56.6     |
|    critic_loss       | 3.46     |
|    ent_coef          | 0.0441   |
|    ent_coef_loss     | 0.178    |
|    learning_rate     | 0.0003   |
|    n_updates         | 949470   |
|    noise_critic_loss | 13.4     |
-----------------------------------
-----------------------------------
| rollout/             |          |
|    ep_len_mean       | 75       |
|    ep_rew_mean       | -146     |
| time/                |          |
|    episodes          | 1692     |
|    fps               | 1        |
|    time_elapsed      | 66978    |
|    total_timesteps   | 126900   |
| train/               |          |
|    actor_loss        | 56.4     |
|    critic_loss       | 3.42     |
|    ent_coef          | 0.0442   |
|    ent_coef_loss     | 0.617    |
|    learning_rate     | 0.0003   |
|    n_updates         | 951720   |
|    noise_critic_loss | 13.1     |
-----------------------------------
-----------------------------------
| rollout/             |          |
|    ep_len_mean       | 75       |
|    ep_rew_mean       | -146     |
| time/                |          |
|    episodes          | 1696     |
|    fps               | 1        |
|    time_elapsed      | 67096    |
|    total_timesteps   | 127200   |
| train/               |          |
|    actor_loss        | 56.1     |
|    critic_loss       | 3.34     |
|    ent_coef          | 0.0445   |
|    ent_coef_loss     | 0.549    |
|    learning_rate     | 0.0003   |
|    n_updates         | 953970   |
|    noise_critic_loss | 12.5     |
-----------------------------------
-----------------------------------
| rollout/             |          |
|    ep_len_mean       | 75       |
|    ep_rew_mean       | -147     |
| time/                |          |
|    episodes          | 1700     |
|    fps               | 1        |
|    time_elapsed      | 67214    |
|    total_timesteps   | 127500   |
| train/               |          |
|    actor_loss        | 57       |
|    critic_loss       | 3.68     |
|    ent_coef          | 0.0441   |
|    ent_coef_loss     | -0.118   |
|    learning_rate     | 0.0003   |
|    n_updates         | 956220   |
|    noise_critic_loss | 12.3     |
-----------------------------------
-----------------------------------
| rollout/             |          |
|    ep_len_mean       | 75       |
|    ep_rew_mean       | -147     |
| time/                |          |
|    episodes          | 1704     |
|    fps               | 1        |
|    time_elapsed      | 67333    |
|    total_timesteps   | 127800   |
| train/               |          |
|    actor_loss        | 56.5     |
|    critic_loss       | 3.54     |
|    ent_coef          | 0.0446   |
|    ent_coef_loss     | -0.305   |
|    learning_rate     | 0.0003   |
|    n_updates         | 958470   |
|    noise_critic_loss | 13.3     |
-----------------------------------
-----------------------------------
| rollout/             |          |
|    ep_len_mean       | 75       |
|    ep_rew_mean       | -145     |
| time/                |          |
|    episodes          | 1708     |
|    fps               | 1        |
|    time_elapsed      | 67452    |
|    total_timesteps   | 128100   |
| train/               |          |
|    actor_loss        | 56.6     |
|    critic_loss       | 3.31     |
|    ent_coef          | 0.0438   |
|    ent_coef_loss     | -1.43    |
|    learning_rate     | 0.0003   |
|    n_updates         | 960720   |
|    noise_critic_loss | 14.4     |
-----------------------------------
-----------------------------------
| rollout/             |          |
|    ep_len_mean       | 75       |
|    ep_rew_mean       | -144     |
| time/                |          |
|    episodes          | 1712     |
|    fps               | 1        |
|    time_elapsed      | 67571    |
|    total_timesteps   | 128400   |
| train/               |          |
|    actor_loss        | 56.4     |
|    critic_loss       | 3.43     |
|    ent_coef          | 0.0442   |
|    ent_coef_loss     | -0.479   |
|    learning_rate     | 0.0003   |
|    n_updates         | 962970   |
|    noise_critic_loss | 12.8     |
-----------------------------------
-----------------------------------
| rollout/             |          |
|    ep_len_mean       | 75       |
|    ep_rew_mean       | -143     |
| time/                |          |
|    episodes          | 1716     |
|    fps               | 1        |
|    time_elapsed      | 67690    |
|    total_timesteps   | 128700   |
| train/               |          |
|    actor_loss        | 56.3     |
|    critic_loss       | 3.44     |
|    ent_coef          | 0.0446   |
|    ent_coef_loss     | -0.224   |
|    learning_rate     | 0.0003   |
|    n_updates         | 965220   |
|    noise_critic_loss | 12.5     |
-----------------------------------
-----------------------------------
| rollout/             |          |
|    ep_len_mean       | 75       |
|    ep_rew_mean       | -144     |
| time/                |          |
|    episodes          | 1720     |
|    fps               | 1        |
|    time_elapsed      | 67807    |
|    total_timesteps   | 129000   |
| train/               |          |
|    actor_loss        | 56.1     |
|    critic_loss       | 3.18     |
|    ent_coef          | 0.0446   |
|    ent_coef_loss     | -0.409   |
|    learning_rate     | 0.0003   |
|    n_updates         | 967470   |
|    noise_critic_loss | 12.4     |
-----------------------------------
-----------------------------------
| rollout/             |          |
|    ep_len_mean       | 75       |
|    ep_rew_mean       | -146     |
| time/                |          |
|    episodes          | 1724     |
|    fps               | 1        |
|    time_elapsed      | 67925    |
|    total_timesteps   | 129300   |
| train/               |          |
|    actor_loss        | 56.9     |
|    critic_loss       | 3.3      |
|    ent_coef          | 0.0444   |
|    ent_coef_loss     | 0.41     |
|    learning_rate     | 0.0003   |
|    n_updates         | 969720   |
|    noise_critic_loss | 13       |
-----------------------------------
-----------------------------------
| rollout/             |          |
|    ep_len_mean       | 75       |
|    ep_rew_mean       | -149     |
| time/                |          |
|    episodes          | 1728     |
|    fps               | 1        |
|    time_elapsed      | 68044    |
|    total_timesteps   | 129600   |
| train/               |          |
|    actor_loss        | 56.2     |
|    critic_loss       | 3.67     |
|    ent_coef          | 0.0444   |
|    ent_coef_loss     | 0.14     |
|    learning_rate     | 0.0003   |
|    n_updates         | 971970   |
|    noise_critic_loss | 12.1     |
-----------------------------------
-----------------------------------
| rollout/             |          |
|    ep_len_mean       | 75       |
|    ep_rew_mean       | -152     |
| time/                |          |
|    episodes          | 1732     |
|    fps               | 1        |
|    time_elapsed      | 68162    |
|    total_timesteps   | 129900   |
| train/               |          |
|    actor_loss        | 56.7     |
|    critic_loss       | 3.27     |
|    ent_coef          | 0.0444   |
|    ent_coef_loss     | -0.16    |
|    learning_rate     | 0.0003   |
|    n_updates         | 974220   |
|    noise_critic_loss | 13.6     |
-----------------------------------
-----------------------------------
| rollout/             |          |
|    ep_len_mean       | 75       |
|    ep_rew_mean       | -154     |
| time/                |          |
|    episodes          | 1736     |
|    fps               | 1        |
|    time_elapsed      | 68280    |
|    total_timesteps   | 130200   |
| train/               |          |
|    actor_loss        | 56.9     |
|    critic_loss       | 3.34     |
|    ent_coef          | 0.0441   |
|    ent_coef_loss     | 0.649    |
|    learning_rate     | 0.0003   |
|    n_updates         | 976470   |
|    noise_critic_loss | 13.8     |
-----------------------------------
-----------------------------------
| rollout/             |          |
|    ep_len_mean       | 75       |
|    ep_rew_mean       | -154     |
| time/                |          |
|    episodes          | 1740     |
|    fps               | 1        |
|    time_elapsed      | 68399    |
|    total_timesteps   | 130500   |
| train/               |          |
|    actor_loss        | 57       |
|    critic_loss       | 3.31     |
|    ent_coef          | 0.0445   |
|    ent_coef_loss     | 0.195    |
|    learning_rate     | 0.0003   |
|    n_updates         | 978720   |
|    noise_critic_loss | 12.3     |
-----------------------------------
-----------------------------------
| rollout/             |          |
|    ep_len_mean       | 75       |
|    ep_rew_mean       | -150     |
| time/                |          |
|    episodes          | 1744     |
|    fps               | 1        |
|    time_elapsed      | 68519    |
|    total_timesteps   | 130800   |
| train/               |          |
|    actor_loss        | 56.6     |
|    critic_loss       | 3.1      |
|    ent_coef          | 0.044    |
|    ent_coef_loss     | 0.00695  |
|    learning_rate     | 0.0003   |
|    n_updates         | 980970   |
|    noise_critic_loss | 12.2     |
-----------------------------------
-----------------------------------
| rollout/             |          |
|    ep_len_mean       | 75       |
|    ep_rew_mean       | -149     |
| time/                |          |
|    episodes          | 1748     |
|    fps               | 1        |
|    time_elapsed      | 68636    |
|    total_timesteps   | 131100   |
| train/               |          |
|    actor_loss        | 56.5     |
|    critic_loss       | 3.34     |
|    ent_coef          | 0.0443   |
|    ent_coef_loss     | 0.154    |
|    learning_rate     | 0.0003   |
|    n_updates         | 983220   |
|    noise_critic_loss | 12.7     |
-----------------------------------
-----------------------------------
| rollout/             |          |
|    ep_len_mean       | 75       |
|    ep_rew_mean       | -149     |
| time/                |          |
|    episodes          | 1752     |
|    fps               | 1        |
|    time_elapsed      | 68755    |
|    total_timesteps   | 131400   |
| train/               |          |
|    actor_loss        | 57.1     |
|    critic_loss       | 3.39     |
|    ent_coef          | 0.0441   |
|    ent_coef_loss     | 0.722    |
|    learning_rate     | 0.0003   |
|    n_updates         | 985470   |
|    noise_critic_loss | 13.6     |
-----------------------------------
-----------------------------------
| rollout/             |          |
|    ep_len_mean       | 75       |
|    ep_rew_mean       | -151     |
| time/                |          |
|    episodes          | 1756     |
|    fps               | 1        |
|    time_elapsed      | 68873    |
|    total_timesteps   | 131700   |
| train/               |          |
|    actor_loss        | 56.4     |
|    critic_loss       | 3.87     |
|    ent_coef          | 0.045    |
|    ent_coef_loss     | -0.0274  |
|    learning_rate     | 0.0003   |
|    n_updates         | 987720   |
|    noise_critic_loss | 13       |
-----------------------------------
eval episode 0 at timestep 534004
eval episode 1 at timestep 534004
eval episode 2 at timestep 534004
eval episode 3 at timestep 534004
eval episode 4 at timestep 534004
eval episode 5 at timestep 534004
eval episode 6 at timestep 534004
eval episode 7 at timestep 534004
-----------------------------------
| rollout/             |          |
|    ep_len_mean       | 75       |
|    ep_rew_mean       | -152     |
| time/                |          |
|    episodes          | 1760     |
|    fps               | 1        |
|    time_elapsed      | 70961    |
|    total_timesteps   | 132000   |
| train/               |          |
|    actor_loss        | 56.8     |
|    critic_loss       | 3.38     |
|    ent_coef          | 0.0448   |
|    ent_coef_loss     | -0.137   |
|    learning_rate     | 0.0003   |
|    n_updates         | 989970   |
|    noise_critic_loss | 13.8     |
-----------------------------------
-----------------------------------
| rollout/             |          |
|    ep_len_mean       | 75       |
|    ep_rew_mean       | -152     |
| time/                |          |
|    episodes          | 1764     |
|    fps               | 1        |
|    time_elapsed      | 71080    |
|    total_timesteps   | 132300   |
| train/               |          |
|    actor_loss        | 56.3     |
|    critic_loss       | 3.3      |
|    ent_coef          | 0.0444   |
|    ent_coef_loss     | 0.5      |
|    learning_rate     | 0.0003   |
|    n_updates         | 992220   |
|    noise_critic_loss | 14       |
-----------------------------------
-----------------------------------
| rollout/             |          |
|    ep_len_mean       | 75       |
|    ep_rew_mean       | -149     |
| time/                |          |
|    episodes          | 1768     |
|    fps               | 1        |
|    time_elapsed      | 71198    |
|    total_timesteps   | 132600   |
| train/               |          |
|    actor_loss        | 55.8     |
|    critic_loss       | 3.12     |
|    ent_coef          | 0.0442   |
|    ent_coef_loss     | 0.365    |
|    learning_rate     | 0.0003   |
|    n_updates         | 994470   |
|    noise_critic_loss | 13.6     |
-----------------------------------
-----------------------------------
| rollout/             |          |
|    ep_len_mean       | 75       |
|    ep_rew_mean       | -147     |
| time/                |          |
|    episodes          | 1772     |
|    fps               | 1        |
|    time_elapsed      | 71316    |
|    total_timesteps   | 132900   |
| train/               |          |
|    actor_loss        | 56.2     |
|    critic_loss       | 3.37     |
|    ent_coef          | 0.0445   |
|    ent_coef_loss     | -0.447   |
|    learning_rate     | 0.0003   |
|    n_updates         | 996720   |
|    noise_critic_loss | 12.2     |
-----------------------------------
-----------------------------------
| rollout/             |          |
|    ep_len_mean       | 75       |
|    ep_rew_mean       | -148     |
| time/                |          |
|    episodes          | 1776     |
|    fps               | 1        |
|    time_elapsed      | 71435    |
|    total_timesteps   | 133200   |
| train/               |          |
|    actor_loss        | 56       |
|    critic_loss       | 3.14     |
|    ent_coef          | 0.0447   |
|    ent_coef_loss     | 0.274    |
|    learning_rate     | 0.0003   |
|    n_updates         | 998970   |
|    noise_critic_loss | 13.1     |
-----------------------------------
-----------------------------------
| rollout/             |          |
|    ep_len_mean       | 75       |
|    ep_rew_mean       | -146     |
| time/                |          |
|    episodes          | 1780     |
|    fps               | 1        |
|    time_elapsed      | 71554    |
|    total_timesteps   | 133500   |
| train/               |          |
|    actor_loss        | 56.4     |
|    critic_loss       | 3.19     |
|    ent_coef          | 0.0444   |
|    ent_coef_loss     | 0.919    |
|    learning_rate     | 0.0003   |
|    n_updates         | 1001220  |
|    noise_critic_loss | 13.3     |
-----------------------------------
-----------------------------------
| rollout/             |          |
|    ep_len_mean       | 75       |
|    ep_rew_mean       | -146     |
| time/                |          |
|    episodes          | 1784     |
|    fps               | 1        |
|    time_elapsed      | 71673    |
|    total_timesteps   | 133800   |
| train/               |          |
|    actor_loss        | 56       |
|    critic_loss       | 3.18     |
|    ent_coef          | 0.0441   |
|    ent_coef_loss     | 0.0114   |
|    learning_rate     | 0.0003   |
|    n_updates         | 1003470  |
|    noise_critic_loss | 13.3     |
-----------------------------------
-----------------------------------
| rollout/             |          |
|    ep_len_mean       | 75       |
|    ep_rew_mean       | -146     |
| time/                |          |
|    episodes          | 1788     |
|    fps               | 1        |
|    time_elapsed      | 71792    |
|    total_timesteps   | 134100   |
| train/               |          |
|    actor_loss        | 56.1     |
|    critic_loss       | 3.24     |
|    ent_coef          | 0.0435   |
|    ent_coef_loss     | -0.381   |
|    learning_rate     | 0.0003   |
|    n_updates         | 1005720  |
|    noise_critic_loss | 12.8     |
-----------------------------------
-----------------------------------
| rollout/             |          |
|    ep_len_mean       | 75       |
|    ep_rew_mean       | -145     |
| time/                |          |
|    episodes          | 1792     |
|    fps               | 1        |
|    time_elapsed      | 71910    |
|    total_timesteps   | 134400   |
| train/               |          |
|    actor_loss        | 56.2     |
|    critic_loss       | 3.28     |
|    ent_coef          | 0.0447   |
|    ent_coef_loss     | -0.155   |
|    learning_rate     | 0.0003   |
|    n_updates         | 1007970  |
|    noise_critic_loss | 12.6     |
-----------------------------------
-----------------------------------
| rollout/             |          |
|    ep_len_mean       | 75       |
|    ep_rew_mean       | -143     |
| time/                |          |
|    episodes          | 1796     |
|    fps               | 1        |
|    time_elapsed      | 72028    |
|    total_timesteps   | 134700   |
| train/               |          |
|    actor_loss        | 56.2     |
|    critic_loss       | 3.56     |
|    ent_coef          | 0.0438   |
|    ent_coef_loss     | 1.15     |
|    learning_rate     | 0.0003   |
|    n_updates         | 1010220  |
|    noise_critic_loss | 12.9     |
-----------------------------------
-----------------------------------
| rollout/             |          |
|    ep_len_mean       | 75       |
|    ep_rew_mean       | -141     |
| time/                |          |
|    episodes          | 1800     |
|    fps               | 1        |
|    time_elapsed      | 72146    |
|    total_timesteps   | 135000   |
| train/               |          |
|    actor_loss        | 56.2     |
|    critic_loss       | 3.23     |
|    ent_coef          | 0.044    |
|    ent_coef_loss     | 0.479    |
|    learning_rate     | 0.0003   |
|    n_updates         | 1012470  |
|    noise_critic_loss | 12       |
-----------------------------------
-----------------------------------
| rollout/             |          |
|    ep_len_mean       | 75       |
|    ep_rew_mean       | -140     |
| time/                |          |
|    episodes          | 1804     |
|    fps               | 1        |
|    time_elapsed      | 72264    |
|    total_timesteps   | 135300   |
| train/               |          |
|    actor_loss        | 55.9     |
|    critic_loss       | 3.38     |
|    ent_coef          | 0.0441   |
|    ent_coef_loss     | 0.857    |
|    learning_rate     | 0.0003   |
|    n_updates         | 1014720  |
|    noise_critic_loss | 12       |
-----------------------------------
-----------------------------------
| rollout/             |          |
|    ep_len_mean       | 75       |
|    ep_rew_mean       | -140     |
| time/                |          |
|    episodes          | 1808     |
|    fps               | 1        |
|    time_elapsed      | 72383    |
|    total_timesteps   | 135600   |
| train/               |          |
|    actor_loss        | 55.9     |
|    critic_loss       | 3.48     |
|    ent_coef          | 0.0449   |
|    ent_coef_loss     | -1.08    |
|    learning_rate     | 0.0003   |
|    n_updates         | 1016970  |
|    noise_critic_loss | 13.3     |
-----------------------------------
-----------------------------------
| rollout/             |          |
|    ep_len_mean       | 75       |
|    ep_rew_mean       | -142     |
| time/                |          |
|    episodes          | 1812     |
|    fps               | 1        |
|    time_elapsed      | 72501    |
|    total_timesteps   | 135900   |
| train/               |          |
|    actor_loss        | 56.6     |
|    critic_loss       | 3.34     |
|    ent_coef          | 0.0446   |
|    ent_coef_loss     | 0.553    |
|    learning_rate     | 0.0003   |
|    n_updates         | 1019220  |
|    noise_critic_loss | 12.8     |
-----------------------------------
-----------------------------------
| rollout/             |          |
|    ep_len_mean       | 75       |
|    ep_rew_mean       | -141     |
| time/                |          |
|    episodes          | 1816     |
|    fps               | 1        |
|    time_elapsed      | 72620    |
|    total_timesteps   | 136200   |
| train/               |          |
|    actor_loss        | 55.9     |
|    critic_loss       | 3.11     |
|    ent_coef          | 0.0443   |
|    ent_coef_loss     | -0.618   |
|    learning_rate     | 0.0003   |
|    n_updates         | 1021470  |
|    noise_critic_loss | 12.1     |
-----------------------------------
-----------------------------------
| rollout/             |          |
|    ep_len_mean       | 75       |
|    ep_rew_mean       | -141     |
| time/                |          |
|    episodes          | 1820     |
|    fps               | 1        |
|    time_elapsed      | 72739    |
|    total_timesteps   | 136500   |
| train/               |          |
|    actor_loss        | 56.4     |
|    critic_loss       | 3.47     |
|    ent_coef          | 0.0437   |
|    ent_coef_loss     | -0.893   |
|    learning_rate     | 0.0003   |
|    n_updates         | 1023720  |
|    noise_critic_loss | 12       |
-----------------------------------
-----------------------------------
| rollout/             |          |
|    ep_len_mean       | 75       |
|    ep_rew_mean       | -138     |
| time/                |          |
|    episodes          | 1824     |
|    fps               | 1        |
|    time_elapsed      | 72857    |
|    total_timesteps   | 136800   |
| train/               |          |
|    actor_loss        | 56.1     |
|    critic_loss       | 3.14     |
|    ent_coef          | 0.0437   |
|    ent_coef_loss     | 0.284    |
|    learning_rate     | 0.0003   |
|    n_updates         | 1025970  |
|    noise_critic_loss | 11.8     |
-----------------------------------
-----------------------------------
| rollout/             |          |
|    ep_len_mean       | 75       |
|    ep_rew_mean       | -133     |
| time/                |          |
|    episodes          | 1828     |
|    fps               | 1        |
|    time_elapsed      | 72976    |
|    total_timesteps   | 137100   |
| train/               |          |
|    actor_loss        | 56.4     |
|    critic_loss       | 3.18     |
|    ent_coef          | 0.0433   |
|    ent_coef_loss     | 0.579    |
|    learning_rate     | 0.0003   |
|    n_updates         | 1028220  |
|    noise_critic_loss | 12.4     |
-----------------------------------
-----------------------------------
| rollout/             |          |
|    ep_len_mean       | 75       |
|    ep_rew_mean       | -135     |
| time/                |          |
|    episodes          | 1832     |
|    fps               | 1        |
|    time_elapsed      | 73094    |
|    total_timesteps   | 137400   |
| train/               |          |
|    actor_loss        | 56.6     |
|    critic_loss       | 3.35     |
|    ent_coef          | 0.043    |
|    ent_coef_loss     | 0.528    |
|    learning_rate     | 0.0003   |
|    n_updates         | 1030470  |
|    noise_critic_loss | 13.1     |
-----------------------------------
-----------------------------------
| rollout/             |          |
|    ep_len_mean       | 75       |
|    ep_rew_mean       | -133     |
| time/                |          |
|    episodes          | 1836     |
|    fps               | 1        |
|    time_elapsed      | 73211    |
|    total_timesteps   | 137700   |
| train/               |          |
|    actor_loss        | 56.6     |
|    critic_loss       | 3.46     |
|    ent_coef          | 0.0437   |
|    ent_coef_loss     | 0.239    |
|    learning_rate     | 0.0003   |
|    n_updates         | 1032720  |
|    noise_critic_loss | 12.5     |
-----------------------------------
-----------------------------------
| rollout/             |          |
|    ep_len_mean       | 75       |
|    ep_rew_mean       | -135     |
| time/                |          |
|    episodes          | 1840     |
|    fps               | 1        |
|    time_elapsed      | 73330    |
|    total_timesteps   | 138000   |
| train/               |          |
|    actor_loss        | 56.5     |
|    critic_loss       | 3.14     |
|    ent_coef          | 0.0434   |
|    ent_coef_loss     | 0.363    |
|    learning_rate     | 0.0003   |
|    n_updates         | 1034970  |
|    noise_critic_loss | 11.6     |
-----------------------------------
-----------------------------------
| rollout/             |          |
|    ep_len_mean       | 75       |
|    ep_rew_mean       | -135     |
| time/                |          |
|    episodes          | 1844     |
|    fps               | 1        |
|    time_elapsed      | 73448    |
|    total_timesteps   | 138300   |
| train/               |          |
|    actor_loss        | 56       |
|    critic_loss       | 3.57     |
|    ent_coef          | 0.0434   |
|    ent_coef_loss     | -0.988   |
|    learning_rate     | 0.0003   |
|    n_updates         | 1037220  |
|    noise_critic_loss | 11.8     |
-----------------------------------
-----------------------------------
| rollout/             |          |
|    ep_len_mean       | 75       |
|    ep_rew_mean       | -135     |
| time/                |          |
|    episodes          | 1848     |
|    fps               | 1        |
|    time_elapsed      | 73567    |
|    total_timesteps   | 138600   |
| train/               |          |
|    actor_loss        | 55.7     |
|    critic_loss       | 3.16     |
|    ent_coef          | 0.044    |
|    ent_coef_loss     | -0.56    |
|    learning_rate     | 0.0003   |
|    n_updates         | 1039470  |
|    noise_critic_loss | 12       |
-----------------------------------
-----------------------------------
| rollout/             |          |
|    ep_len_mean       | 75       |
|    ep_rew_mean       | -131     |
| time/                |          |
|    episodes          | 1852     |
|    fps               | 1        |
|    time_elapsed      | 73685    |
|    total_timesteps   | 138900   |
| train/               |          |
|    actor_loss        | 55.9     |
|    critic_loss       | 3.48     |
|    ent_coef          | 0.0433   |
|    ent_coef_loss     | -0.231   |
|    learning_rate     | 0.0003   |
|    n_updates         | 1041720  |
|    noise_critic_loss | 12.8     |
-----------------------------------
-----------------------------------
| rollout/             |          |
|    ep_len_mean       | 75       |
|    ep_rew_mean       | -127     |
| time/                |          |
|    episodes          | 1856     |
|    fps               | 1        |
|    time_elapsed      | 73803    |
|    total_timesteps   | 139200   |
| train/               |          |
|    actor_loss        | 56.4     |
|    critic_loss       | 3.06     |
|    ent_coef          | 0.0432   |
|    ent_coef_loss     | 0.695    |
|    learning_rate     | 0.0003   |
|    n_updates         | 1043970  |
|    noise_critic_loss | 12.3     |
-----------------------------------
-----------------------------------
| rollout/             |          |
|    ep_len_mean       | 75       |
|    ep_rew_mean       | -127     |
| time/                |          |
|    episodes          | 1860     |
|    fps               | 1        |
|    time_elapsed      | 73921    |
|    total_timesteps   | 139500   |
| train/               |          |
|    actor_loss        | 56       |
|    critic_loss       | 3.32     |
|    ent_coef          | 0.0443   |
|    ent_coef_loss     | 0.715    |
|    learning_rate     | 0.0003   |
|    n_updates         | 1046220  |
|    noise_critic_loss | 12       |
-----------------------------------
-----------------------------------
| rollout/             |          |
|    ep_len_mean       | 75       |
|    ep_rew_mean       | -126     |
| time/                |          |
|    episodes          | 1864     |
|    fps               | 1        |
|    time_elapsed      | 74038    |
|    total_timesteps   | 139800   |
| train/               |          |
|    actor_loss        | 55.4     |
|    critic_loss       | 3.08     |
|    ent_coef          | 0.0439   |
|    ent_coef_loss     | 0.624    |
|    learning_rate     | 0.0003   |
|    n_updates         | 1048470  |
|    noise_critic_loss | 12.7     |
-----------------------------------
-----------------------------------
| rollout/             |          |
|    ep_len_mean       | 75       |
|    ep_rew_mean       | -125     |
| time/                |          |
|    episodes          | 1868     |
|    fps               | 1        |
|    time_elapsed      | 74158    |
|    total_timesteps   | 140100   |
| train/               |          |
|    actor_loss        | 56       |
|    critic_loss       | 3.27     |
|    ent_coef          | 0.0437   |
|    ent_coef_loss     | 0.103    |
|    learning_rate     | 0.0003   |
|    n_updates         | 1050720  |
|    noise_critic_loss | 12.7     |
-----------------------------------
-----------------------------------
| rollout/             |          |
|    ep_len_mean       | 75       |
|    ep_rew_mean       | -124     |
| time/                |          |
|    episodes          | 1872     |
|    fps               | 1        |
|    time_elapsed      | 74276    |
|    total_timesteps   | 140400   |
| train/               |          |
|    actor_loss        | 56.1     |
|    critic_loss       | 3.18     |
|    ent_coef          | 0.0433   |
|    ent_coef_loss     | -0.255   |
|    learning_rate     | 0.0003   |
|    n_updates         | 1052970  |
|    noise_critic_loss | 12.4     |
-----------------------------------
-----------------------------------
| rollout/             |          |
|    ep_len_mean       | 75       |
|    ep_rew_mean       | -124     |
| time/                |          |
|    episodes          | 1876     |
|    fps               | 1        |
|    time_elapsed      | 74394    |
|    total_timesteps   | 140700   |
| train/               |          |
|    actor_loss        | 55.6     |
|    critic_loss       | 3.11     |
|    ent_coef          | 0.0439   |
|    ent_coef_loss     | -0.556   |
|    learning_rate     | 0.0003   |
|    n_updates         | 1055220  |
|    noise_critic_loss | 12.3     |
-----------------------------------
-----------------------------------
| rollout/             |          |
|    ep_len_mean       | 75       |
|    ep_rew_mean       | -126     |
| time/                |          |
|    episodes          | 1880     |
|    fps               | 1        |
|    time_elapsed      | 74511    |
|    total_timesteps   | 141000   |
| train/               |          |
|    actor_loss        | 55.7     |
|    critic_loss       | 3.25     |
|    ent_coef          | 0.0441   |
|    ent_coef_loss     | 0.252    |
|    learning_rate     | 0.0003   |
|    n_updates         | 1057470  |
|    noise_critic_loss | 12.7     |
-----------------------------------
-----------------------------------
| rollout/             |          |
|    ep_len_mean       | 75       |
|    ep_rew_mean       | -125     |
| time/                |          |
|    episodes          | 1884     |
|    fps               | 1        |
|    time_elapsed      | 74630    |
|    total_timesteps   | 141300   |
| train/               |          |
|    actor_loss        | 55.5     |
|    critic_loss       | 3.3      |
|    ent_coef          | 0.0437   |
|    ent_coef_loss     | -1.04    |
|    learning_rate     | 0.0003   |
|    n_updates         | 1059720  |
|    noise_critic_loss | 12.8     |
-----------------------------------
-----------------------------------
| rollout/             |          |
|    ep_len_mean       | 75       |
|    ep_rew_mean       | -125     |
| time/                |          |
|    episodes          | 1888     |
|    fps               | 1        |
|    time_elapsed      | 74749    |
|    total_timesteps   | 141600   |
| train/               |          |
|    actor_loss        | 55.5     |
|    critic_loss       | 3.3      |
|    ent_coef          | 0.0434   |
|    ent_coef_loss     | -0.72    |
|    learning_rate     | 0.0003   |
|    n_updates         | 1061970  |
|    noise_critic_loss | 12.1     |
-----------------------------------
-----------------------------------
| rollout/             |          |
|    ep_len_mean       | 75       |
|    ep_rew_mean       | -124     |
| time/                |          |
|    episodes          | 1892     |
|    fps               | 1        |
|    time_elapsed      | 74868    |
|    total_timesteps   | 141900   |
| train/               |          |
|    actor_loss        | 55.9     |
|    critic_loss       | 3.26     |
|    ent_coef          | 0.0444   |
|    ent_coef_loss     | 0.038    |
|    learning_rate     | 0.0003   |
|    n_updates         | 1064220  |
|    noise_critic_loss | 12.3     |
-----------------------------------
-----------------------------------
| rollout/             |          |
|    ep_len_mean       | 75       |
|    ep_rew_mean       | -126     |
| time/                |          |
|    episodes          | 1896     |
|    fps               | 1        |
|    time_elapsed      | 74986    |
|    total_timesteps   | 142200   |
| train/               |          |
|    actor_loss        | 55.5     |
|    critic_loss       | 3.26     |
|    ent_coef          | 0.0437   |
|    ent_coef_loss     | 0.195    |
|    learning_rate     | 0.0003   |
|    n_updates         | 1066470  |
|    noise_critic_loss | 11.6     |
-----------------------------------
-----------------------------------
| rollout/             |          |
|    ep_len_mean       | 75       |
|    ep_rew_mean       | -127     |
| time/                |          |
|    episodes          | 1900     |
|    fps               | 1        |
|    time_elapsed      | 75104    |
|    total_timesteps   | 142500   |
| train/               |          |
|    actor_loss        | 55.6     |
|    critic_loss       | 3.31     |
|    ent_coef          | 0.044    |
|    ent_coef_loss     | 0.86     |
|    learning_rate     | 0.0003   |
|    n_updates         | 1068720  |
|    noise_critic_loss | 12.3     |
-----------------------------------
-----------------------------------
| rollout/             |          |
|    ep_len_mean       | 75       |
|    ep_rew_mean       | -130     |
| time/                |          |
|    episodes          | 1904     |
|    fps               | 1        |
|    time_elapsed      | 75222    |
|    total_timesteps   | 142800   |
| train/               |          |
|    actor_loss        | 55.1     |
|    critic_loss       | 3.23     |
|    ent_coef          | 0.0443   |
|    ent_coef_loss     | -0.474   |
|    learning_rate     | 0.0003   |
|    n_updates         | 1070970  |
|    noise_critic_loss | 12.9     |
-----------------------------------
-----------------------------------
| rollout/             |          |
|    ep_len_mean       | 75       |
|    ep_rew_mean       | -131     |
| time/                |          |
|    episodes          | 1908     |
|    fps               | 1        |
|    time_elapsed      | 75340    |
|    total_timesteps   | 143100   |
| train/               |          |
|    actor_loss        | 56.5     |
|    critic_loss       | 3.23     |
|    ent_coef          | 0.0449   |
|    ent_coef_loss     | 0.462    |
|    learning_rate     | 0.0003   |
|    n_updates         | 1073220  |
|    noise_critic_loss | 12.3     |
-----------------------------------
-----------------------------------
| rollout/             |          |
|    ep_len_mean       | 75       |
|    ep_rew_mean       | -129     |
| time/                |          |
|    episodes          | 1912     |
|    fps               | 1        |
|    time_elapsed      | 75459    |
|    total_timesteps   | 143400   |
| train/               |          |
|    actor_loss        | 55.7     |
|    critic_loss       | 3.04     |
|    ent_coef          | 0.0443   |
|    ent_coef_loss     | -0.0863  |
|    learning_rate     | 0.0003   |
|    n_updates         | 1075470  |
|    noise_critic_loss | 13.2     |
-----------------------------------
-----------------------------------
| rollout/             |          |
|    ep_len_mean       | 75       |
|    ep_rew_mean       | -130     |
| time/                |          |
|    episodes          | 1916     |
|    fps               | 1        |
|    time_elapsed      | 75577    |
|    total_timesteps   | 143700   |
| train/               |          |
|    actor_loss        | 56.4     |
|    critic_loss       | 3.18     |
|    ent_coef          | 0.0445   |
|    ent_coef_loss     | 0.998    |
|    learning_rate     | 0.0003   |
|    n_updates         | 1077720  |
|    noise_critic_loss | 12.5     |
-----------------------------------
eval episode 0 at timestep 582004
eval episode 1 at timestep 582004
eval episode 2 at timestep 582004
eval episode 3 at timestep 582004
eval episode 4 at timestep 582004
eval episode 5 at timestep 582004
eval episode 6 at timestep 582004
eval episode 7 at timestep 582004
-----------------------------------
| rollout/             |          |
|    ep_len_mean       | 75       |
|    ep_rew_mean       | -128     |
| time/                |          |
|    episodes          | 1920     |
|    fps               | 1        |
|    time_elapsed      | 77678    |
|    total_timesteps   | 144000   |
| train/               |          |
|    actor_loss        | 56.2     |
|    critic_loss       | 3.2      |
|    ent_coef          | 0.0445   |
|    ent_coef_loss     | -0.366   |
|    learning_rate     | 0.0003   |
|    n_updates         | 1079970  |
|    noise_critic_loss | 12.6     |
-----------------------------------
-----------------------------------
| rollout/             |          |
|    ep_len_mean       | 75       |
|    ep_rew_mean       | -129     |
| time/                |          |
|    episodes          | 1924     |
|    fps               | 1        |
|    time_elapsed      | 77797    |
|    total_timesteps   | 144300   |
| train/               |          |
|    actor_loss        | 56.1     |
|    critic_loss       | 3.48     |
|    ent_coef          | 0.0443   |
|    ent_coef_loss     | 0.339    |
|    learning_rate     | 0.0003   |
|    n_updates         | 1082220  |
|    noise_critic_loss | 13.5     |
-----------------------------------
-----------------------------------
| rollout/             |          |
|    ep_len_mean       | 75       |
|    ep_rew_mean       | -129     |
| time/                |          |
|    episodes          | 1928     |
|    fps               | 1        |
|    time_elapsed      | 77916    |
|    total_timesteps   | 144600   |
| train/               |          |
|    actor_loss        | 56.2     |
|    critic_loss       | 3.25     |
|    ent_coef          | 0.0436   |
|    ent_coef_loss     | 0.362    |
|    learning_rate     | 0.0003   |
|    n_updates         | 1084470  |
|    noise_critic_loss | 12.7     |
-----------------------------------
-----------------------------------
| rollout/             |          |
|    ep_len_mean       | 75       |
|    ep_rew_mean       | -124     |
| time/                |          |
|    episodes          | 1932     |
|    fps               | 1        |
|    time_elapsed      | 78036    |
|    total_timesteps   | 144900   |
| train/               |          |
|    actor_loss        | 56.2     |
|    critic_loss       | 3.33     |
|    ent_coef          | 0.0439   |
|    ent_coef_loss     | 0.314    |
|    learning_rate     | 0.0003   |
|    n_updates         | 1086720  |
|    noise_critic_loss | 12       |
-----------------------------------
-----------------------------------
| rollout/             |          |
|    ep_len_mean       | 75       |
|    ep_rew_mean       | -123     |
| time/                |          |
|    episodes          | 1936     |
|    fps               | 1        |
|    time_elapsed      | 78154    |
|    total_timesteps   | 145200   |
| train/               |          |
|    actor_loss        | 55.8     |
|    critic_loss       | 3.23     |
|    ent_coef          | 0.0441   |
|    ent_coef_loss     | -0.938   |
|    learning_rate     | 0.0003   |
|    n_updates         | 1088970  |
|    noise_critic_loss | 12.1     |
-----------------------------------
-----------------------------------
| rollout/             |          |
|    ep_len_mean       | 75       |
|    ep_rew_mean       | -122     |
| time/                |          |
|    episodes          | 1940     |
|    fps               | 1        |
|    time_elapsed      | 78273    |
|    total_timesteps   | 145500   |
| train/               |          |
|    actor_loss        | 55.8     |
|    critic_loss       | 3.43     |
|    ent_coef          | 0.0447   |
|    ent_coef_loss     | 0.387    |
|    learning_rate     | 0.0003   |
|    n_updates         | 1091220  |
|    noise_critic_loss | 12.6     |
-----------------------------------
-----------------------------------
| rollout/             |          |
|    ep_len_mean       | 75       |
|    ep_rew_mean       | -127     |
| time/                |          |
|    episodes          | 1944     |
|    fps               | 1        |
|    time_elapsed      | 78392    |
|    total_timesteps   | 145800   |
| train/               |          |
|    actor_loss        | 55.9     |
|    critic_loss       | 3.74     |
|    ent_coef          | 0.0441   |
|    ent_coef_loss     | -0.28    |
|    learning_rate     | 0.0003   |
|    n_updates         | 1093470  |
|    noise_critic_loss | 12.8     |
-----------------------------------
-----------------------------------
| rollout/             |          |
|    ep_len_mean       | 75       |
|    ep_rew_mean       | -128     |
| time/                |          |
|    episodes          | 1948     |
|    fps               | 1        |
|    time_elapsed      | 78510    |
|    total_timesteps   | 146100   |
| train/               |          |
|    actor_loss        | 55.6     |
|    critic_loss       | 3.28     |
|    ent_coef          | 0.0436   |
|    ent_coef_loss     | 0.0189   |
|    learning_rate     | 0.0003   |
|    n_updates         | 1095720  |
|    noise_critic_loss | 11.6     |
-----------------------------------
-----------------------------------
| rollout/             |          |
|    ep_len_mean       | 75       |
|    ep_rew_mean       | -128     |
| time/                |          |
|    episodes          | 1952     |
|    fps               | 1        |
|    time_elapsed      | 78629    |
|    total_timesteps   | 146400   |
| train/               |          |
|    actor_loss        | 55.2     |
|    critic_loss       | 3.21     |
|    ent_coef          | 0.0441   |
|    ent_coef_loss     | 0.877    |
|    learning_rate     | 0.0003   |
|    n_updates         | 1097970  |
|    noise_critic_loss | 12.2     |
-----------------------------------
-----------------------------------
| rollout/             |          |
|    ep_len_mean       | 75       |
|    ep_rew_mean       | -129     |
| time/                |          |
|    episodes          | 1956     |
|    fps               | 1        |
|    time_elapsed      | 78746    |
|    total_timesteps   | 146700   |
| train/               |          |
|    actor_loss        | 56.4     |
|    critic_loss       | 3.29     |
|    ent_coef          | 0.0435   |
|    ent_coef_loss     | 0.735    |
|    learning_rate     | 0.0003   |
|    n_updates         | 1100220  |
|    noise_critic_loss | 11.8     |
-----------------------------------
-----------------------------------
| rollout/             |          |
|    ep_len_mean       | 75       |
|    ep_rew_mean       | -130     |
| time/                |          |
|    episodes          | 1960     |
|    fps               | 1        |
|    time_elapsed      | 78864    |
|    total_timesteps   | 147000   |
| train/               |          |
|    actor_loss        | 56.1     |
|    critic_loss       | 3.34     |
|    ent_coef          | 0.0432   |
|    ent_coef_loss     | 1.03     |
|    learning_rate     | 0.0003   |
|    n_updates         | 1102470  |
|    noise_critic_loss | 12.3     |
-----------------------------------
-----------------------------------
| rollout/             |          |
|    ep_len_mean       | 75       |
|    ep_rew_mean       | -130     |
| time/                |          |
|    episodes          | 1964     |
|    fps               | 1        |
|    time_elapsed      | 78982    |
|    total_timesteps   | 147300   |
| train/               |          |
|    actor_loss        | 56.1     |
|    critic_loss       | 3.47     |
|    ent_coef          | 0.0436   |
|    ent_coef_loss     | -0.132   |
|    learning_rate     | 0.0003   |
|    n_updates         | 1104720  |
|    noise_critic_loss | 12.5     |
-----------------------------------
-----------------------------------
| rollout/             |          |
|    ep_len_mean       | 75       |
|    ep_rew_mean       | -129     |
| time/                |          |
|    episodes          | 1968     |
|    fps               | 1        |
|    time_elapsed      | 79101    |
|    total_timesteps   | 147600   |
| train/               |          |
|    actor_loss        | 55.8     |
|    critic_loss       | 3.1      |
|    ent_coef          | 0.0431   |
|    ent_coef_loss     | 0.841    |
|    learning_rate     | 0.0003   |
|    n_updates         | 1106970  |
|    noise_critic_loss | 11.7     |
-----------------------------------
-----------------------------------
| rollout/             |          |
|    ep_len_mean       | 75       |
|    ep_rew_mean       | -129     |
| time/                |          |
|    episodes          | 1972     |
|    fps               | 1        |
|    time_elapsed      | 79219    |
|    total_timesteps   | 147900   |
| train/               |          |
|    actor_loss        | 56.2     |
|    critic_loss       | 3.2      |
|    ent_coef          | 0.0438   |
|    ent_coef_loss     | -0.625   |
|    learning_rate     | 0.0003   |
|    n_updates         | 1109220  |
|    noise_critic_loss | 12.3     |
-----------------------------------
-----------------------------------
| rollout/             |          |
|    ep_len_mean       | 75       |
|    ep_rew_mean       | -130     |
| time/                |          |
|    episodes          | 1976     |
|    fps               | 1        |
|    time_elapsed      | 79337    |
|    total_timesteps   | 148200   |
| train/               |          |
|    actor_loss        | 55.7     |
|    critic_loss       | 3.27     |
|    ent_coef          | 0.0428   |
|    ent_coef_loss     | 1.36     |
|    learning_rate     | 0.0003   |
|    n_updates         | 1111470  |
|    noise_critic_loss | 12.6     |
-----------------------------------
-----------------------------------
| rollout/             |          |
|    ep_len_mean       | 75       |
|    ep_rew_mean       | -128     |
| time/                |          |
|    episodes          | 1980     |
|    fps               | 1        |
|    time_elapsed      | 79455    |
|    total_timesteps   | 148500   |
| train/               |          |
|    actor_loss        | 55.6     |
|    critic_loss       | 3.06     |
|    ent_coef          | 0.0433   |
|    ent_coef_loss     | -0.342   |
|    learning_rate     | 0.0003   |
|    n_updates         | 1113720  |
|    noise_critic_loss | 12.1     |
-----------------------------------
-----------------------------------
| rollout/             |          |
|    ep_len_mean       | 75       |
|    ep_rew_mean       | -129     |
| time/                |          |
|    episodes          | 1984     |
|    fps               | 1        |
|    time_elapsed      | 79574    |
|    total_timesteps   | 148800   |
| train/               |          |
|    actor_loss        | 55.7     |
|    critic_loss       | 3.16     |
|    ent_coef          | 0.043    |
|    ent_coef_loss     | -0.00593 |
|    learning_rate     | 0.0003   |
|    n_updates         | 1115970  |
|    noise_critic_loss | 11.8     |
-----------------------------------
-----------------------------------
| rollout/             |          |
|    ep_len_mean       | 75       |
|    ep_rew_mean       | -129     |
| time/                |          |
|    episodes          | 1988     |
|    fps               | 1        |
|    time_elapsed      | 79694    |
|    total_timesteps   | 149100   |
| train/               |          |
|    actor_loss        | 56.1     |
|    critic_loss       | 3.18     |
|    ent_coef          | 0.0437   |
|    ent_coef_loss     | -0.105   |
|    learning_rate     | 0.0003   |
|    n_updates         | 1118220  |
|    noise_critic_loss | 11.9     |
-----------------------------------
-----------------------------------
| rollout/             |          |
|    ep_len_mean       | 75       |
|    ep_rew_mean       | -129     |
| time/                |          |
|    episodes          | 1992     |
|    fps               | 1        |
|    time_elapsed      | 79812    |
|    total_timesteps   | 149400   |
| train/               |          |
|    actor_loss        | 55.4     |
|    critic_loss       | 3.25     |
|    ent_coef          | 0.0433   |
|    ent_coef_loss     | 0.137    |
|    learning_rate     | 0.0003   |
|    n_updates         | 1120470  |
|    noise_critic_loss | 11.9     |
-----------------------------------
-----------------------------------
| rollout/             |          |
|    ep_len_mean       | 75       |
|    ep_rew_mean       | -128     |
| time/                |          |
|    episodes          | 1996     |
|    fps               | 1        |
|    time_elapsed      | 79931    |
|    total_timesteps   | 149700   |
| train/               |          |
|    actor_loss        | 56.2     |
|    critic_loss       | 2.99     |
|    ent_coef          | 0.0434   |
|    ent_coef_loss     | -0.351   |
|    learning_rate     | 0.0003   |
|    n_updates         | 1122720  |
|    noise_critic_loss | 11.9     |
-----------------------------------
-----------------------------------
| rollout/             |          |
|    ep_len_mean       | 75       |
|    ep_rew_mean       | -128     |
| time/                |          |
|    episodes          | 2000     |
|    fps               | 1        |
|    time_elapsed      | 80050    |
|    total_timesteps   | 150000   |
| train/               |          |
|    actor_loss        | 55.6     |
|    critic_loss       | 3.1      |
|    ent_coef          | 0.0428   |
|    ent_coef_loss     | 0.512    |
|    learning_rate     | 0.0003   |
|    n_updates         | 1124970  |
|    noise_critic_loss | 11.4     |
-----------------------------------
-----------------------------------
| rollout/             |          |
|    ep_len_mean       | 75       |
|    ep_rew_mean       | -126     |
| time/                |          |
|    episodes          | 2004     |
|    fps               | 1        |
|    time_elapsed      | 80168    |
|    total_timesteps   | 150300   |
| train/               |          |
|    actor_loss        | 55.5     |
|    critic_loss       | 3.03     |
|    ent_coef          | 0.0429   |
|    ent_coef_loss     | -0.0923  |
|    learning_rate     | 0.0003   |
|    n_updates         | 1127220  |
|    noise_critic_loss | 11.5     |
-----------------------------------
-----------------------------------
| rollout/             |          |
|    ep_len_mean       | 75       |
|    ep_rew_mean       | -125     |
| time/                |          |
|    episodes          | 2008     |
|    fps               | 1        |
|    time_elapsed      | 80287    |
|    total_timesteps   | 150600   |
| train/               |          |
|    actor_loss        | 55.9     |
|    critic_loss       | 3.11     |
|    ent_coef          | 0.0432   |
|    ent_coef_loss     | -0.308   |
|    learning_rate     | 0.0003   |
|    n_updates         | 1129470  |
|    noise_critic_loss | 11.9     |
-----------------------------------
-----------------------------------
| rollout/             |          |
|    ep_len_mean       | 75       |
|    ep_rew_mean       | -127     |
| time/                |          |
|    episodes          | 2012     |
|    fps               | 1        |
|    time_elapsed      | 80405    |
|    total_timesteps   | 150900   |
| train/               |          |
|    actor_loss        | 55.9     |
|    critic_loss       | 3.09     |
|    ent_coef          | 0.0431   |
|    ent_coef_loss     | 0.23     |
|    learning_rate     | 0.0003   |
|    n_updates         | 1131720  |
|    noise_critic_loss | 12.7     |
-----------------------------------
-----------------------------------
| rollout/             |          |
|    ep_len_mean       | 75       |
|    ep_rew_mean       | -125     |
| time/                |          |
|    episodes          | 2016     |
|    fps               | 1        |
|    time_elapsed      | 80525    |
|    total_timesteps   | 151200   |
| train/               |          |
|    actor_loss        | 55.4     |
|    critic_loss       | 3.05     |
|    ent_coef          | 0.0428   |
|    ent_coef_loss     | -0.0277  |
|    learning_rate     | 0.0003   |
|    n_updates         | 1133970  |
|    noise_critic_loss | 12       |
-----------------------------------
-----------------------------------
| rollout/             |          |
|    ep_len_mean       | 75       |
|    ep_rew_mean       | -123     |
| time/                |          |
|    episodes          | 2020     |
|    fps               | 1        |
|    time_elapsed      | 80643    |
|    total_timesteps   | 151500   |
| train/               |          |
|    actor_loss        | 55.5     |
|    critic_loss       | 2.96     |
|    ent_coef          | 0.0433   |
|    ent_coef_loss     | 0.583    |
|    learning_rate     | 0.0003   |
|    n_updates         | 1136220  |
|    noise_critic_loss | 11.9     |
-----------------------------------
-----------------------------------
| rollout/             |          |
|    ep_len_mean       | 75       |
|    ep_rew_mean       | -123     |
| time/                |          |
|    episodes          | 2024     |
|    fps               | 1        |
|    time_elapsed      | 80761    |
|    total_timesteps   | 151800   |
| train/               |          |
|    actor_loss        | 55.6     |
|    critic_loss       | 3.2      |
|    ent_coef          | 0.0432   |
|    ent_coef_loss     | -0.418   |
|    learning_rate     | 0.0003   |
|    n_updates         | 1138470  |
|    noise_critic_loss | 11.2     |
-----------------------------------
-----------------------------------
| rollout/             |          |
|    ep_len_mean       | 75       |
|    ep_rew_mean       | -125     |
| time/                |          |
|    episodes          | 2028     |
|    fps               | 1        |
|    time_elapsed      | 80879    |
|    total_timesteps   | 152100   |
| train/               |          |
|    actor_loss        | 55.6     |
|    critic_loss       | 3.13     |
|    ent_coef          | 0.0427   |
|    ent_coef_loss     | -0.327   |
|    learning_rate     | 0.0003   |
|    n_updates         | 1140720  |
|    noise_critic_loss | 12.1     |
-----------------------------------
-----------------------------------
| rollout/             |          |
|    ep_len_mean       | 75       |
|    ep_rew_mean       | -125     |
| time/                |          |
|    episodes          | 2032     |
|    fps               | 1        |
|    time_elapsed      | 80998    |
|    total_timesteps   | 152400   |
| train/               |          |
|    actor_loss        | 55.3     |
|    critic_loss       | 3.28     |
|    ent_coef          | 0.0434   |
|    ent_coef_loss     | 0.22     |
|    learning_rate     | 0.0003   |
|    n_updates         | 1142970  |
|    noise_critic_loss | 11.7     |
-----------------------------------
-----------------------------------
| rollout/             |          |
|    ep_len_mean       | 75       |
|    ep_rew_mean       | -126     |
| time/                |          |
|    episodes          | 2036     |
|    fps               | 1        |
|    time_elapsed      | 81116    |
|    total_timesteps   | 152700   |
| train/               |          |
|    actor_loss        | 55.5     |
|    critic_loss       | 2.87     |
|    ent_coef          | 0.0422   |
|    ent_coef_loss     | -0.829   |
|    learning_rate     | 0.0003   |
|    n_updates         | 1145220  |
|    noise_critic_loss | 11.2     |
-----------------------------------
-----------------------------------
| rollout/             |          |
|    ep_len_mean       | 75       |
|    ep_rew_mean       | -127     |
| time/                |          |
|    episodes          | 2040     |
|    fps               | 1        |
|    time_elapsed      | 81235    |
|    total_timesteps   | 153000   |
| train/               |          |
|    actor_loss        | 55.1     |
|    critic_loss       | 3.18     |
|    ent_coef          | 0.0426   |
|    ent_coef_loss     | 0.0765   |
|    learning_rate     | 0.0003   |
|    n_updates         | 1147470  |
|    noise_critic_loss | 11.1     |
-----------------------------------
-----------------------------------
| rollout/             |          |
|    ep_len_mean       | 75       |
|    ep_rew_mean       | -125     |
| time/                |          |
|    episodes          | 2044     |
|    fps               | 1        |
|    time_elapsed      | 81354    |
|    total_timesteps   | 153300   |
| train/               |          |
|    actor_loss        | 54.4     |
|    critic_loss       | 3.07     |
|    ent_coef          | 0.0429   |
|    ent_coef_loss     | -1.43    |
|    learning_rate     | 0.0003   |
|    n_updates         | 1149720  |
|    noise_critic_loss | 11.7     |
-----------------------------------
-----------------------------------
| rollout/             |          |
|    ep_len_mean       | 75       |
|    ep_rew_mean       | -125     |
| time/                |          |
|    episodes          | 2048     |
|    fps               | 1        |
|    time_elapsed      | 81473    |
|    total_timesteps   | 153600   |
| train/               |          |
|    actor_loss        | 54.7     |
|    critic_loss       | 2.86     |
|    ent_coef          | 0.0429   |
|    ent_coef_loss     | 0.353    |
|    learning_rate     | 0.0003   |
|    n_updates         | 1151970  |
|    noise_critic_loss | 11.7     |
-----------------------------------
-----------------------------------
| rollout/             |          |
|    ep_len_mean       | 75       |
|    ep_rew_mean       | -124     |
| time/                |          |
|    episodes          | 2052     |
|    fps               | 1        |
|    time_elapsed      | 81591    |
|    total_timesteps   | 153900   |
| train/               |          |
|    actor_loss        | 54.7     |
|    critic_loss       | 3.06     |
|    ent_coef          | 0.0435   |
|    ent_coef_loss     | -0.489   |
|    learning_rate     | 0.0003   |
|    n_updates         | 1154220  |
|    noise_critic_loss | 11.4     |
-----------------------------------
-----------------------------------
| rollout/             |          |
|    ep_len_mean       | 75       |
|    ep_rew_mean       | -123     |
| time/                |          |
|    episodes          | 2056     |
|    fps               | 1        |
|    time_elapsed      | 81710    |
|    total_timesteps   | 154200   |
| train/               |          |
|    actor_loss        | 55       |
|    critic_loss       | 3        |
|    ent_coef          | 0.0436   |
|    ent_coef_loss     | -0.0218  |
|    learning_rate     | 0.0003   |
|    n_updates         | 1156470  |
|    noise_critic_loss | 11.1     |
-----------------------------------
-----------------------------------
| rollout/             |          |
|    ep_len_mean       | 75       |
|    ep_rew_mean       | -122     |
| time/                |          |
|    episodes          | 2060     |
|    fps               | 1        |
|    time_elapsed      | 81828    |
|    total_timesteps   | 154500   |
| train/               |          |
|    actor_loss        | 55.3     |
|    critic_loss       | 2.82     |
|    ent_coef          | 0.0428   |
|    ent_coef_loss     | 0.72     |
|    learning_rate     | 0.0003   |
|    n_updates         | 1158720  |
|    noise_critic_loss | 11.4     |
-----------------------------------
-----------------------------------
| rollout/             |          |
|    ep_len_mean       | 75       |
|    ep_rew_mean       | -120     |
| time/                |          |
|    episodes          | 2064     |
|    fps               | 1        |
|    time_elapsed      | 81947    |
|    total_timesteps   | 154800   |
| train/               |          |
|    actor_loss        | 55.1     |
|    critic_loss       | 3        |
|    ent_coef          | 0.0433   |
|    ent_coef_loss     | -0.844   |
|    learning_rate     | 0.0003   |
|    n_updates         | 1160970  |
|    noise_critic_loss | 11.1     |
-----------------------------------
-----------------------------------
| rollout/             |          |
|    ep_len_mean       | 75       |
|    ep_rew_mean       | -119     |
| time/                |          |
|    episodes          | 2068     |
|    fps               | 1        |
|    time_elapsed      | 82067    |
|    total_timesteps   | 155100   |
| train/               |          |
|    actor_loss        | 55.2     |
|    critic_loss       | 3.01     |
|    ent_coef          | 0.0425   |
|    ent_coef_loss     | 0.648    |
|    learning_rate     | 0.0003   |
|    n_updates         | 1163220  |
|    noise_critic_loss | 11.4     |
-----------------------------------
-----------------------------------
| rollout/             |          |
|    ep_len_mean       | 75       |
|    ep_rew_mean       | -120     |
| time/                |          |
|    episodes          | 2072     |
|    fps               | 1        |
|    time_elapsed      | 82186    |
|    total_timesteps   | 155400   |
| train/               |          |
|    actor_loss        | 55.1     |
|    critic_loss       | 3.1      |
|    ent_coef          | 0.0422   |
|    ent_coef_loss     | -0.512   |
|    learning_rate     | 0.0003   |
|    n_updates         | 1165470  |
|    noise_critic_loss | 10.6     |
-----------------------------------
-----------------------------------
| rollout/             |          |
|    ep_len_mean       | 75       |
|    ep_rew_mean       | -119     |
| time/                |          |
|    episodes          | 2076     |
|    fps               | 1        |
|    time_elapsed      | 82304    |
|    total_timesteps   | 155700   |
| train/               |          |
|    actor_loss        | 55.2     |
|    critic_loss       | 2.95     |
|    ent_coef          | 0.042    |
|    ent_coef_loss     | 0.00756  |
|    learning_rate     | 0.0003   |
|    n_updates         | 1167720  |
|    noise_critic_loss | 10.7     |
-----------------------------------
eval episode 0 at timestep 630004
eval episode 1 at timestep 630004
eval episode 2 at timestep 630004
eval episode 3 at timestep 630004
eval episode 4 at timestep 630004
eval episode 5 at timestep 630004
eval episode 6 at timestep 630004
eval episode 7 at timestep 630004
-----------------------------------
| rollout/             |          |
|    ep_len_mean       | 75       |
|    ep_rew_mean       | -120     |
| time/                |          |
|    episodes          | 2080     |
|    fps               | 1        |
|    time_elapsed      | 84419    |
|    total_timesteps   | 156000   |
| train/               |          |
|    actor_loss        | 54.9     |
|    critic_loss       | 2.9      |
|    ent_coef          | 0.042    |
|    ent_coef_loss     | -0.0426  |
|    learning_rate     | 0.0003   |
|    n_updates         | 1169970  |
|    noise_critic_loss | 10.9     |
-----------------------------------
-----------------------------------
| rollout/             |          |
|    ep_len_mean       | 75       |
|    ep_rew_mean       | -120     |
| time/                |          |
|    episodes          | 2084     |
|    fps               | 1        |
|    time_elapsed      | 84536    |
|    total_timesteps   | 156300   |
| train/               |          |
|    actor_loss        | 55.3     |
|    critic_loss       | 3.35     |
|    ent_coef          | 0.0436   |
|    ent_coef_loss     | 0.443    |
|    learning_rate     | 0.0003   |
|    n_updates         | 1172220  |
|    noise_critic_loss | 11.9     |
-----------------------------------
-----------------------------------
| rollout/             |          |
|    ep_len_mean       | 75       |
|    ep_rew_mean       | -120     |
| time/                |          |
|    episodes          | 2088     |
|    fps               | 1        |
|    time_elapsed      | 84656    |
|    total_timesteps   | 156600   |
| train/               |          |
|    actor_loss        | 55       |
|    critic_loss       | 3.17     |
|    ent_coef          | 0.0431   |
|    ent_coef_loss     | 0.216    |
|    learning_rate     | 0.0003   |
|    n_updates         | 1174470  |
|    noise_critic_loss | 11.5     |
-----------------------------------
-----------------------------------
| rollout/             |          |
|    ep_len_mean       | 75       |
|    ep_rew_mean       | -120     |
| time/                |          |
|    episodes          | 2092     |
|    fps               | 1        |
|    time_elapsed      | 84775    |
|    total_timesteps   | 156900   |
| train/               |          |
|    actor_loss        | 55.1     |
|    critic_loss       | 3.22     |
|    ent_coef          | 0.0425   |
|    ent_coef_loss     | -0.45    |
|    learning_rate     | 0.0003   |
|    n_updates         | 1176720  |
|    noise_critic_loss | 11.5     |
-----------------------------------
-----------------------------------
| rollout/             |          |
|    ep_len_mean       | 75       |
|    ep_rew_mean       | -120     |
| time/                |          |
|    episodes          | 2096     |
|    fps               | 1        |
|    time_elapsed      | 84893    |
|    total_timesteps   | 157200   |
| train/               |          |
|    actor_loss        | 55.3     |
|    critic_loss       | 3.3      |
|    ent_coef          | 0.0426   |
|    ent_coef_loss     | -0.869   |
|    learning_rate     | 0.0003   |
|    n_updates         | 1178970  |
|    noise_critic_loss | 11.9     |
-----------------------------------
-----------------------------------
| rollout/             |          |
|    ep_len_mean       | 75       |
|    ep_rew_mean       | -118     |
| time/                |          |
|    episodes          | 2100     |
|    fps               | 1        |
|    time_elapsed      | 85012    |
|    total_timesteps   | 157500   |
| train/               |          |
|    actor_loss        | 55.2     |
|    critic_loss       | 3.07     |
|    ent_coef          | 0.0432   |
|    ent_coef_loss     | -0.028   |
|    learning_rate     | 0.0003   |
|    n_updates         | 1181220  |
|    noise_critic_loss | 11.6     |
-----------------------------------
-----------------------------------
| rollout/             |          |
|    ep_len_mean       | 75       |
|    ep_rew_mean       | -120     |
| time/                |          |
|    episodes          | 2104     |
|    fps               | 1        |
|    time_elapsed      | 85130    |
|    total_timesteps   | 157800   |
| train/               |          |
|    actor_loss        | 54.8     |
|    critic_loss       | 3.25     |
|    ent_coef          | 0.0429   |
|    ent_coef_loss     | -0.092   |
|    learning_rate     | 0.0003   |
|    n_updates         | 1183470  |
|    noise_critic_loss | 12.7     |
-----------------------------------
-----------------------------------
| rollout/             |          |
|    ep_len_mean       | 75       |
|    ep_rew_mean       | -120     |
| time/                |          |
|    episodes          | 2108     |
|    fps               | 1        |
|    time_elapsed      | 85249    |
|    total_timesteps   | 158100   |
| train/               |          |
|    actor_loss        | 55.5     |
|    critic_loss       | 3.44     |
|    ent_coef          | 0.0426   |
|    ent_coef_loss     | 0.691    |
|    learning_rate     | 0.0003   |
|    n_updates         | 1185720  |
|    noise_critic_loss | 12.1     |
-----------------------------------
-----------------------------------
| rollout/             |          |
|    ep_len_mean       | 75       |
|    ep_rew_mean       | -120     |
| time/                |          |
|    episodes          | 2112     |
|    fps               | 1        |
|    time_elapsed      | 85368    |
|    total_timesteps   | 158400   |
| train/               |          |
|    actor_loss        | 54.8     |
|    critic_loss       | 3.06     |
|    ent_coef          | 0.0426   |
|    ent_coef_loss     | 0.353    |
|    learning_rate     | 0.0003   |
|    n_updates         | 1187970  |
|    noise_critic_loss | 12.5     |
-----------------------------------
-----------------------------------
| rollout/             |          |
|    ep_len_mean       | 75       |
|    ep_rew_mean       | -119     |
| time/                |          |
|    episodes          | 2116     |
|    fps               | 1        |
|    time_elapsed      | 85487    |
|    total_timesteps   | 158700   |
| train/               |          |
|    actor_loss        | 55       |
|    critic_loss       | 3.12     |
|    ent_coef          | 0.0429   |
|    ent_coef_loss     | 0.333    |
|    learning_rate     | 0.0003   |
|    n_updates         | 1190220  |
|    noise_critic_loss | 11.6     |
-----------------------------------
-----------------------------------
| rollout/             |          |
|    ep_len_mean       | 75       |
|    ep_rew_mean       | -124     |
| time/                |          |
|    episodes          | 2120     |
|    fps               | 1        |
|    time_elapsed      | 85605    |
|    total_timesteps   | 159000   |
| train/               |          |
|    actor_loss        | 55       |
|    critic_loss       | 3.46     |
|    ent_coef          | 0.0421   |
|    ent_coef_loss     | 0.722    |
|    learning_rate     | 0.0003   |
|    n_updates         | 1192470  |
|    noise_critic_loss | 12.3     |
-----------------------------------
-----------------------------------
| rollout/             |          |
|    ep_len_mean       | 75       |
|    ep_rew_mean       | -122     |
| time/                |          |
|    episodes          | 2124     |
|    fps               | 1        |
|    time_elapsed      | 85724    |
|    total_timesteps   | 159300   |
| train/               |          |
|    actor_loss        | 55.5     |
|    critic_loss       | 3.31     |
|    ent_coef          | 0.043    |
|    ent_coef_loss     | -0.386   |
|    learning_rate     | 0.0003   |
|    n_updates         | 1194720  |
|    noise_critic_loss | 12.3     |
-----------------------------------
-----------------------------------
| rollout/             |          |
|    ep_len_mean       | 75       |
|    ep_rew_mean       | -122     |
| time/                |          |
|    episodes          | 2128     |
|    fps               | 1        |
|    time_elapsed      | 85843    |
|    total_timesteps   | 159600   |
| train/               |          |
|    actor_loss        | 54.7     |
|    critic_loss       | 3.36     |
|    ent_coef          | 0.0431   |
|    ent_coef_loss     | -0.0347  |
|    learning_rate     | 0.0003   |
|    n_updates         | 1196970  |
|    noise_critic_loss | 12.4     |
-----------------------------------
-----------------------------------
| rollout/             |          |
|    ep_len_mean       | 75       |
|    ep_rew_mean       | -122     |
| time/                |          |
|    episodes          | 2132     |
|    fps               | 1        |
|    time_elapsed      | 85961    |
|    total_timesteps   | 159900   |
| train/               |          |
|    actor_loss        | 54.6     |
|    critic_loss       | 3.05     |
|    ent_coef          | 0.0425   |
|    ent_coef_loss     | 0.0595   |
|    learning_rate     | 0.0003   |
|    n_updates         | 1199220  |
|    noise_critic_loss | 12.5     |
-----------------------------------
-----------------------------------
| rollout/             |          |
|    ep_len_mean       | 75       |
|    ep_rew_mean       | -123     |
| time/                |          |
|    episodes          | 2136     |
|    fps               | 1        |
|    time_elapsed      | 86079    |
|    total_timesteps   | 160200   |
| train/               |          |
|    actor_loss        | 54.9     |
|    critic_loss       | 3.34     |
|    ent_coef          | 0.0436   |
|    ent_coef_loss     | -0.734   |
|    learning_rate     | 0.0003   |
|    n_updates         | 1201470  |
|    noise_critic_loss | 12.9     |
-----------------------------------
-----------------------------------
| rollout/             |          |
|    ep_len_mean       | 75       |
|    ep_rew_mean       | -122     |
| time/                |          |
|    episodes          | 2140     |
|    fps               | 1        |
|    time_elapsed      | 86197    |
|    total_timesteps   | 160500   |
| train/               |          |
|    actor_loss        | 54.8     |
|    critic_loss       | 3.33     |
|    ent_coef          | 0.0428   |
|    ent_coef_loss     | -0.723   |
|    learning_rate     | 0.0003   |
|    n_updates         | 1203720  |
|    noise_critic_loss | 12.7     |
-----------------------------------
-----------------------------------
| rollout/             |          |
|    ep_len_mean       | 75       |
|    ep_rew_mean       | -120     |
| time/                |          |
|    episodes          | 2144     |
|    fps               | 1        |
|    time_elapsed      | 86317    |
|    total_timesteps   | 160800   |
| train/               |          |
|    actor_loss        | 54.8     |
|    critic_loss       | 3.19     |
|    ent_coef          | 0.0432   |
|    ent_coef_loss     | -0.4     |
|    learning_rate     | 0.0003   |
|    n_updates         | 1205970  |
|    noise_critic_loss | 11.8     |
-----------------------------------
-----------------------------------
| rollout/             |          |
|    ep_len_mean       | 75       |
|    ep_rew_mean       | -119     |
| time/                |          |
|    episodes          | 2148     |
|    fps               | 1        |
|    time_elapsed      | 86435    |
|    total_timesteps   | 161100   |
| train/               |          |
|    actor_loss        | 54.8     |
|    critic_loss       | 3.32     |
|    ent_coef          | 0.044    |
|    ent_coef_loss     | -0.506   |
|    learning_rate     | 0.0003   |
|    n_updates         | 1208220  |
|    noise_critic_loss | 12.1     |
-----------------------------------
-----------------------------------
| rollout/             |          |
|    ep_len_mean       | 75       |
|    ep_rew_mean       | -118     |
| time/                |          |
|    episodes          | 2152     |
|    fps               | 1        |
|    time_elapsed      | 86554    |
|    total_timesteps   | 161400   |
| train/               |          |
|    actor_loss        | 55.5     |
|    critic_loss       | 3.33     |
|    ent_coef          | 0.0427   |
|    ent_coef_loss     | 0.678    |
|    learning_rate     | 0.0003   |
|    n_updates         | 1210470  |
|    noise_critic_loss | 12.7     |
-----------------------------------
-----------------------------------
| rollout/             |          |
|    ep_len_mean       | 75       |
|    ep_rew_mean       | -119     |
| time/                |          |
|    episodes          | 2156     |
|    fps               | 1        |
|    time_elapsed      | 86672    |
|    total_timesteps   | 161700   |
| train/               |          |
|    actor_loss        | 54.9     |
|    critic_loss       | 3.24     |
|    ent_coef          | 0.0433   |
|    ent_coef_loss     | -0.125   |
|    learning_rate     | 0.0003   |
|    n_updates         | 1212720  |
|    noise_critic_loss | 12.5     |
-----------------------------------
-----------------------------------
| rollout/             |          |
|    ep_len_mean       | 75       |
|    ep_rew_mean       | -121     |
| time/                |          |
|    episodes          | 2160     |
|    fps               | 1        |
|    time_elapsed      | 86791    |
|    total_timesteps   | 162000   |
| train/               |          |
|    actor_loss        | 55       |
|    critic_loss       | 3.5      |
|    ent_coef          | 0.0432   |
|    ent_coef_loss     | -0.706   |
|    learning_rate     | 0.0003   |
|    n_updates         | 1214970  |
|    noise_critic_loss | 11.9     |
-----------------------------------
-----------------------------------
| rollout/             |          |
|    ep_len_mean       | 75       |
|    ep_rew_mean       | -121     |
| time/                |          |
|    episodes          | 2164     |
|    fps               | 1        |
|    time_elapsed      | 86912    |
|    total_timesteps   | 162300   |
| train/               |          |
|    actor_loss        | 55       |
|    critic_loss       | 3.31     |
|    ent_coef          | 0.0439   |
|    ent_coef_loss     | 0.269    |
|    learning_rate     | 0.0003   |
|    n_updates         | 1217220  |
|    noise_critic_loss | 11.6     |
-----------------------------------
-----------------------------------
| rollout/             |          |
|    ep_len_mean       | 75       |
|    ep_rew_mean       | -122     |
| time/                |          |
|    episodes          | 2168     |
|    fps               | 1        |
|    time_elapsed      | 87030    |
|    total_timesteps   | 162600   |
| train/               |          |
|    actor_loss        | 55.3     |
|    critic_loss       | 3.2      |
|    ent_coef          | 0.0435   |
|    ent_coef_loss     | 0.225    |
|    learning_rate     | 0.0003   |
|    n_updates         | 1219470  |
|    noise_critic_loss | 12.2     |
-----------------------------------
-----------------------------------
| rollout/             |          |
|    ep_len_mean       | 75       |
|    ep_rew_mean       | -121     |
| time/                |          |
|    episodes          | 2172     |
|    fps               | 1        |
|    time_elapsed      | 87149    |
|    total_timesteps   | 162900   |
| train/               |          |
|    actor_loss        | 54.5     |
|    critic_loss       | 3.24     |
|    ent_coef          | 0.0432   |
|    ent_coef_loss     | -0.333   |
|    learning_rate     | 0.0003   |
|    n_updates         | 1221720  |
|    noise_critic_loss | 12.1     |
-----------------------------------
-----------------------------------
| rollout/             |          |
|    ep_len_mean       | 75       |
|    ep_rew_mean       | -119     |
| time/                |          |
|    episodes          | 2176     |
|    fps               | 1        |
|    time_elapsed      | 87269    |
|    total_timesteps   | 163200   |
| train/               |          |
|    actor_loss        | 55.2     |
|    critic_loss       | 3.01     |
|    ent_coef          | 0.0436   |
|    ent_coef_loss     | -0.116   |
|    learning_rate     | 0.0003   |
|    n_updates         | 1223970  |
|    noise_critic_loss | 11.8     |
-----------------------------------
-----------------------------------
| rollout/             |          |
|    ep_len_mean       | 75       |
|    ep_rew_mean       | -121     |
| time/                |          |
|    episodes          | 2180     |
|    fps               | 1        |
|    time_elapsed      | 87388    |
|    total_timesteps   | 163500   |
| train/               |          |
|    actor_loss        | 55       |
|    critic_loss       | 3.31     |
|    ent_coef          | 0.0431   |
|    ent_coef_loss     | 0.635    |
|    learning_rate     | 0.0003   |
|    n_updates         | 1226220  |
|    noise_critic_loss | 12.8     |
-----------------------------------
-----------------------------------
| rollout/             |          |
|    ep_len_mean       | 75       |
|    ep_rew_mean       | -118     |
| time/                |          |
|    episodes          | 2184     |
|    fps               | 1        |
|    time_elapsed      | 87507    |
|    total_timesteps   | 163800   |
| train/               |          |
|    actor_loss        | 55.1     |
|    critic_loss       | 3.32     |
|    ent_coef          | 0.0436   |
|    ent_coef_loss     | 0.000348 |
|    learning_rate     | 0.0003   |
|    n_updates         | 1228470  |
|    noise_critic_loss | 12.9     |
-----------------------------------
-----------------------------------
| rollout/             |          |
|    ep_len_mean       | 75       |
|    ep_rew_mean       | -119     |
| time/                |          |
|    episodes          | 2188     |
|    fps               | 1        |
|    time_elapsed      | 87625    |
|    total_timesteps   | 164100   |
| train/               |          |
|    actor_loss        | 55.2     |
|    critic_loss       | 3.02     |
|    ent_coef          | 0.0436   |
|    ent_coef_loss     | -1.13    |
|    learning_rate     | 0.0003   |
|    n_updates         | 1230720  |
|    noise_critic_loss | 11.9     |
-----------------------------------
-----------------------------------
| rollout/             |          |
|    ep_len_mean       | 75       |
|    ep_rew_mean       | -116     |
| time/                |          |
|    episodes          | 2192     |
|    fps               | 1        |
|    time_elapsed      | 87745    |
|    total_timesteps   | 164400   |
| train/               |          |
|    actor_loss        | 55       |
|    critic_loss       | 3.17     |
|    ent_coef          | 0.0432   |
|    ent_coef_loss     | -0.0805  |
|    learning_rate     | 0.0003   |
|    n_updates         | 1232970  |
|    noise_critic_loss | 13       |
-----------------------------------
-----------------------------------
| rollout/             |          |
|    ep_len_mean       | 75       |
|    ep_rew_mean       | -118     |
| time/                |          |
|    episodes          | 2196     |
|    fps               | 1        |
|    time_elapsed      | 87863    |
|    total_timesteps   | 164700   |
| train/               |          |
|    actor_loss        | 54.7     |
|    critic_loss       | 3.37     |
|    ent_coef          | 0.0438   |
|    ent_coef_loss     | 0.157    |
|    learning_rate     | 0.0003   |
|    n_updates         | 1235220  |
|    noise_critic_loss | 12.2     |
-----------------------------------
-----------------------------------
| rollout/             |          |
|    ep_len_mean       | 75       |
|    ep_rew_mean       | -120     |
| time/                |          |
|    episodes          | 2200     |
|    fps               | 1        |
|    time_elapsed      | 87982    |
|    total_timesteps   | 165000   |
| train/               |          |
|    actor_loss        | 54.6     |
|    critic_loss       | 3.16     |
|    ent_coef          | 0.0429   |
|    ent_coef_loss     | 0.26     |
|    learning_rate     | 0.0003   |
|    n_updates         | 1237470  |
|    noise_critic_loss | 11.3     |
-----------------------------------
-----------------------------------
| rollout/             |          |
|    ep_len_mean       | 75       |
|    ep_rew_mean       | -117     |
| time/                |          |
|    episodes          | 2204     |
|    fps               | 1        |
|    time_elapsed      | 88100    |
|    total_timesteps   | 165300   |
| train/               |          |
|    actor_loss        | 54.4     |
|    critic_loss       | 3.17     |
|    ent_coef          | 0.043    |
|    ent_coef_loss     | 0.744    |
|    learning_rate     | 0.0003   |
|    n_updates         | 1239720  |
|    noise_critic_loss | 11.9     |
-----------------------------------
-----------------------------------
| rollout/             |          |
|    ep_len_mean       | 75       |
|    ep_rew_mean       | -115     |
| time/                |          |
|    episodes          | 2208     |
|    fps               | 1        |
|    time_elapsed      | 88220    |
|    total_timesteps   | 165600   |
| train/               |          |
|    actor_loss        | 54.1     |
|    critic_loss       | 3.09     |
|    ent_coef          | 0.043    |
|    ent_coef_loss     | 0.082    |
|    learning_rate     | 0.0003   |
|    n_updates         | 1241970  |
|    noise_critic_loss | 12.7     |
-----------------------------------
-----------------------------------
| rollout/             |          |
|    ep_len_mean       | 75       |
|    ep_rew_mean       | -114     |
| time/                |          |
|    episodes          | 2212     |
|    fps               | 1        |
|    time_elapsed      | 88340    |
|    total_timesteps   | 165900   |
| train/               |          |
|    actor_loss        | 54.7     |
|    critic_loss       | 2.87     |
|    ent_coef          | 0.0431   |
|    ent_coef_loss     | 0.922    |
|    learning_rate     | 0.0003   |
|    n_updates         | 1244220  |
|    noise_critic_loss | 11.7     |
-----------------------------------
-----------------------------------
| rollout/             |          |
|    ep_len_mean       | 75       |
|    ep_rew_mean       | -115     |
| time/                |          |
|    episodes          | 2216     |
|    fps               | 1        |
|    time_elapsed      | 88459    |
|    total_timesteps   | 166200   |
| train/               |          |
|    actor_loss        | 55.1     |
|    critic_loss       | 3.04     |
|    ent_coef          | 0.043    |
|    ent_coef_loss     | 0.873    |
|    learning_rate     | 0.0003   |
|    n_updates         | 1246470  |
|    noise_critic_loss | 11.9     |
-----------------------------------
-----------------------------------
| rollout/             |          |
|    ep_len_mean       | 75       |
|    ep_rew_mean       | -112     |
| time/                |          |
|    episodes          | 2220     |
|    fps               | 1        |
|    time_elapsed      | 88578    |
|    total_timesteps   | 166500   |
| train/               |          |
|    actor_loss        | 54.8     |
|    critic_loss       | 3.12     |
|    ent_coef          | 0.0435   |
|    ent_coef_loss     | 0.723    |
|    learning_rate     | 0.0003   |
|    n_updates         | 1248720  |
|    noise_critic_loss | 11.5     |
-----------------------------------
-----------------------------------
| rollout/             |          |
|    ep_len_mean       | 75       |
|    ep_rew_mean       | -111     |
| time/                |          |
|    episodes          | 2224     |
|    fps               | 1        |
|    time_elapsed      | 88698    |
|    total_timesteps   | 166800   |
| train/               |          |
|    actor_loss        | 55.1     |
|    critic_loss       | 3.19     |
|    ent_coef          | 0.0428   |
|    ent_coef_loss     | 0.363    |
|    learning_rate     | 0.0003   |
|    n_updates         | 1250970  |
|    noise_critic_loss | 11.5     |
-----------------------------------
-----------------------------------
| rollout/             |          |
|    ep_len_mean       | 75       |
|    ep_rew_mean       | -110     |
| time/                |          |
|    episodes          | 2228     |
|    fps               | 1        |
|    time_elapsed      | 88817    |
|    total_timesteps   | 167100   |
| train/               |          |
|    actor_loss        | 54.8     |
|    critic_loss       | 2.95     |
|    ent_coef          | 0.0427   |
|    ent_coef_loss     | 0.841    |
|    learning_rate     | 0.0003   |
|    n_updates         | 1253220  |
|    noise_critic_loss | 11.7     |
-----------------------------------
-----------------------------------
| rollout/             |          |
|    ep_len_mean       | 75       |
|    ep_rew_mean       | -108     |
| time/                |          |
|    episodes          | 2232     |
|    fps               | 1        |
|    time_elapsed      | 88937    |
|    total_timesteps   | 167400   |
| train/               |          |
|    actor_loss        | 54.5     |
|    critic_loss       | 3.08     |
|    ent_coef          | 0.0422   |
|    ent_coef_loss     | -0.0275  |
|    learning_rate     | 0.0003   |
|    n_updates         | 1255470  |
|    noise_critic_loss | 11.4     |
-----------------------------------
-----------------------------------
| rollout/             |          |
|    ep_len_mean       | 75       |
|    ep_rew_mean       | -108     |
| time/                |          |
|    episodes          | 2236     |
|    fps               | 1        |
|    time_elapsed      | 89055    |
|    total_timesteps   | 167700   |
| train/               |          |
|    actor_loss        | 54.9     |
|    critic_loss       | 3.16     |
|    ent_coef          | 0.0428   |
|    ent_coef_loss     | 0.281    |
|    learning_rate     | 0.0003   |
|    n_updates         | 1257720  |
|    noise_critic_loss | 12       |
-----------------------------------
eval episode 0 at timestep 678004
eval episode 1 at timestep 678004
eval episode 2 at timestep 678004
eval episode 3 at timestep 678004
eval episode 4 at timestep 678004
eval episode 5 at timestep 678004
eval episode 6 at timestep 678004
eval episode 7 at timestep 678004
-----------------------------------
| rollout/             |          |
|    ep_len_mean       | 75       |
|    ep_rew_mean       | -109     |
| time/                |          |
|    episodes          | 2240     |
|    fps               | 1        |
|    time_elapsed      | 91163    |
|    total_timesteps   | 168000   |
| train/               |          |
|    actor_loss        | 54.4     |
|    critic_loss       | 2.9      |
|    ent_coef          | 0.0433   |
|    ent_coef_loss     | -0.0273  |
|    learning_rate     | 0.0003   |
|    n_updates         | 1259970  |
|    noise_critic_loss | 11.4     |
-----------------------------------
-----------------------------------
| rollout/             |          |
|    ep_len_mean       | 75       |
|    ep_rew_mean       | -108     |
| time/                |          |
|    episodes          | 2244     |
|    fps               | 1        |
|    time_elapsed      | 91283    |
|    total_timesteps   | 168300   |
| train/               |          |
|    actor_loss        | 54.9     |
|    critic_loss       | 3.17     |
|    ent_coef          | 0.0425   |
|    ent_coef_loss     | -0.437   |
|    learning_rate     | 0.0003   |
|    n_updates         | 1262220  |
|    noise_critic_loss | 11.2     |
-----------------------------------
-----------------------------------
| rollout/             |          |
|    ep_len_mean       | 75       |
|    ep_rew_mean       | -107     |
| time/                |          |
|    episodes          | 2248     |
|    fps               | 1        |
|    time_elapsed      | 91402    |
|    total_timesteps   | 168600   |
| train/               |          |
|    actor_loss        | 54.7     |
|    critic_loss       | 2.92     |
|    ent_coef          | 0.0421   |
|    ent_coef_loss     | 0.698    |
|    learning_rate     | 0.0003   |
|    n_updates         | 1264470  |
|    noise_critic_loss | 12.1     |
-----------------------------------
-----------------------------------
| rollout/             |          |
|    ep_len_mean       | 75       |
|    ep_rew_mean       | -109     |
| time/                |          |
|    episodes          | 2252     |
|    fps               | 1        |
|    time_elapsed      | 91519    |
|    total_timesteps   | 168900   |
| train/               |          |
|    actor_loss        | 54.3     |
|    critic_loss       | 3.08     |
|    ent_coef          | 0.0425   |
|    ent_coef_loss     | 1.18     |
|    learning_rate     | 0.0003   |
|    n_updates         | 1266720  |
|    noise_critic_loss | 12.2     |
-----------------------------------
-----------------------------------
| rollout/             |          |
|    ep_len_mean       | 75       |
|    ep_rew_mean       | -109     |
| time/                |          |
|    episodes          | 2256     |
|    fps               | 1        |
|    time_elapsed      | 91638    |
|    total_timesteps   | 169200   |
| train/               |          |
|    actor_loss        | 55.2     |
|    critic_loss       | 2.96     |
|    ent_coef          | 0.0421   |
|    ent_coef_loss     | -0.344   |
|    learning_rate     | 0.0003   |
|    n_updates         | 1268970  |
|    noise_critic_loss | 11.6     |
-----------------------------------
-----------------------------------
| rollout/             |          |
|    ep_len_mean       | 75       |
|    ep_rew_mean       | -107     |
| time/                |          |
|    episodes          | 2260     |
|    fps               | 1        |
|    time_elapsed      | 91756    |
|    total_timesteps   | 169500   |
| train/               |          |
|    actor_loss        | 54.8     |
|    critic_loss       | 3.09     |
|    ent_coef          | 0.0424   |
|    ent_coef_loss     | -0.704   |
|    learning_rate     | 0.0003   |
|    n_updates         | 1271220  |
|    noise_critic_loss | 11.7     |
-----------------------------------
-----------------------------------
| rollout/             |          |
|    ep_len_mean       | 75       |
|    ep_rew_mean       | -111     |
| time/                |          |
|    episodes          | 2264     |
|    fps               | 1        |
|    time_elapsed      | 91876    |
|    total_timesteps   | 169800   |
| train/               |          |
|    actor_loss        | 54.4     |
|    critic_loss       | 3.04     |
|    ent_coef          | 0.0423   |
|    ent_coef_loss     | -0.628   |
|    learning_rate     | 0.0003   |
|    n_updates         | 1273470  |
|    noise_critic_loss | 11.6     |
-----------------------------------
-----------------------------------
| rollout/             |          |
|    ep_len_mean       | 75       |
|    ep_rew_mean       | -111     |
| time/                |          |
|    episodes          | 2268     |
|    fps               | 1        |
|    time_elapsed      | 91996    |
|    total_timesteps   | 170100   |
| train/               |          |
|    actor_loss        | 55.2     |
|    critic_loss       | 3.06     |
|    ent_coef          | 0.042    |
|    ent_coef_loss     | -0.114   |
|    learning_rate     | 0.0003   |
|    n_updates         | 1275720  |
|    noise_critic_loss | 11.9     |
-----------------------------------
-----------------------------------
| rollout/             |          |
|    ep_len_mean       | 75       |
|    ep_rew_mean       | -111     |
| time/                |          |
|    episodes          | 2272     |
|    fps               | 1        |
|    time_elapsed      | 92115    |
|    total_timesteps   | 170400   |
| train/               |          |
|    actor_loss        | 54.7     |
|    critic_loss       | 2.94     |
|    ent_coef          | 0.0428   |
|    ent_coef_loss     | -0.904   |
|    learning_rate     | 0.0003   |
|    n_updates         | 1277970  |
|    noise_critic_loss | 11.3     |
-----------------------------------
-----------------------------------
| rollout/             |          |
|    ep_len_mean       | 75       |
|    ep_rew_mean       | -112     |
| time/                |          |
|    episodes          | 2276     |
|    fps               | 1        |
|    time_elapsed      | 92234    |
|    total_timesteps   | 170700   |
| train/               |          |
|    actor_loss        | 54.5     |
|    critic_loss       | 3.42     |
|    ent_coef          | 0.0424   |
|    ent_coef_loss     | 0.327    |
|    learning_rate     | 0.0003   |
|    n_updates         | 1280220  |
|    noise_critic_loss | 11.8     |
-----------------------------------
-----------------------------------
| rollout/             |          |
|    ep_len_mean       | 75       |
|    ep_rew_mean       | -108     |
| time/                |          |
|    episodes          | 2280     |
|    fps               | 1        |
|    time_elapsed      | 92354    |
|    total_timesteps   | 171000   |
| train/               |          |
|    actor_loss        | 54.6     |
|    critic_loss       | 3.09     |
|    ent_coef          | 0.0425   |
|    ent_coef_loss     | -0.117   |
|    learning_rate     | 0.0003   |
|    n_updates         | 1282470  |
|    noise_critic_loss | 12.4     |
-----------------------------------
-----------------------------------
| rollout/             |          |
|    ep_len_mean       | 75       |
|    ep_rew_mean       | -109     |
| time/                |          |
|    episodes          | 2284     |
|    fps               | 1        |
|    time_elapsed      | 92474    |
|    total_timesteps   | 171300   |
| train/               |          |
|    actor_loss        | 54.6     |
|    critic_loss       | 3.13     |
|    ent_coef          | 0.0425   |
|    ent_coef_loss     | 0.375    |
|    learning_rate     | 0.0003   |
|    n_updates         | 1284720  |
|    noise_critic_loss | 12.1     |
-----------------------------------
-----------------------------------
| rollout/             |          |
|    ep_len_mean       | 75       |
|    ep_rew_mean       | -108     |
| time/                |          |
|    episodes          | 2288     |
|    fps               | 1        |
|    time_elapsed      | 92593    |
|    total_timesteps   | 171600   |
| train/               |          |
|    actor_loss        | 54.6     |
|    critic_loss       | 3.07     |
|    ent_coef          | 0.0422   |
|    ent_coef_loss     | 0.577    |
|    learning_rate     | 0.0003   |
|    n_updates         | 1286970  |
|    noise_critic_loss | 13       |
-----------------------------------
-----------------------------------
| rollout/             |          |
|    ep_len_mean       | 75       |
|    ep_rew_mean       | -109     |
| time/                |          |
|    episodes          | 2292     |
|    fps               | 1        |
|    time_elapsed      | 92712    |
|    total_timesteps   | 171900   |
| train/               |          |
|    actor_loss        | 54.9     |
|    critic_loss       | 3.06     |
|    ent_coef          | 0.0426   |
|    ent_coef_loss     | 0.0117   |
|    learning_rate     | 0.0003   |
|    n_updates         | 1289220  |
|    noise_critic_loss | 12       |
-----------------------------------
-----------------------------------
| rollout/             |          |
|    ep_len_mean       | 75       |
|    ep_rew_mean       | -106     |
| time/                |          |
|    episodes          | 2296     |
|    fps               | 1        |
|    time_elapsed      | 92831    |
|    total_timesteps   | 172200   |
| train/               |          |
|    actor_loss        | 54.2     |
|    critic_loss       | 3.13     |
|    ent_coef          | 0.0423   |
|    ent_coef_loss     | 0.159    |
|    learning_rate     | 0.0003   |
|    n_updates         | 1291470  |
|    noise_critic_loss | 12.1     |
-----------------------------------
-----------------------------------
| rollout/             |          |
|    ep_len_mean       | 75       |
|    ep_rew_mean       | -106     |
| time/                |          |
|    episodes          | 2300     |
|    fps               | 1        |
|    time_elapsed      | 92949    |
|    total_timesteps   | 172500   |
| train/               |          |
|    actor_loss        | 54.1     |
|    critic_loss       | 3.33     |
|    ent_coef          | 0.0426   |
|    ent_coef_loss     | -0.0735  |
|    learning_rate     | 0.0003   |
|    n_updates         | 1293720  |
|    noise_critic_loss | 11.7     |
-----------------------------------
-----------------------------------
| rollout/             |          |
|    ep_len_mean       | 75       |
|    ep_rew_mean       | -108     |
| time/                |          |
|    episodes          | 2304     |
|    fps               | 1        |
|    time_elapsed      | 93069    |
|    total_timesteps   | 172800   |
| train/               |          |
|    actor_loss        | 54.9     |
|    critic_loss       | 3.18     |
|    ent_coef          | 0.0425   |
|    ent_coef_loss     | 0.0146   |
|    learning_rate     | 0.0003   |
|    n_updates         | 1295970  |
|    noise_critic_loss | 11.9     |
-----------------------------------
-----------------------------------
| rollout/             |          |
|    ep_len_mean       | 75       |
|    ep_rew_mean       | -110     |
| time/                |          |
|    episodes          | 2308     |
|    fps               | 1        |
|    time_elapsed      | 93187    |
|    total_timesteps   | 173100   |
| train/               |          |
|    actor_loss        | 55.1     |
|    critic_loss       | 3.11     |
|    ent_coef          | 0.0425   |
|    ent_coef_loss     | 0.458    |
|    learning_rate     | 0.0003   |
|    n_updates         | 1298220  |
|    noise_critic_loss | 11.7     |
-----------------------------------
-----------------------------------
| rollout/             |          |
|    ep_len_mean       | 75       |
|    ep_rew_mean       | -110     |
| time/                |          |
|    episodes          | 2312     |
|    fps               | 1        |
|    time_elapsed      | 93307    |
|    total_timesteps   | 173400   |
| train/               |          |
|    actor_loss        | 54.4     |
|    critic_loss       | 2.91     |
|    ent_coef          | 0.042    |
|    ent_coef_loss     | 0.321    |
|    learning_rate     | 0.0003   |
|    n_updates         | 1300470  |
|    noise_critic_loss | 10.9     |
-----------------------------------
-----------------------------------
| rollout/             |          |
|    ep_len_mean       | 75       |
|    ep_rew_mean       | -110     |
| time/                |          |
|    episodes          | 2316     |
|    fps               | 1        |
|    time_elapsed      | 93426    |
|    total_timesteps   | 173700   |
| train/               |          |
|    actor_loss        | 54.8     |
|    critic_loss       | 2.98     |
|    ent_coef          | 0.0423   |
|    ent_coef_loss     | -0.541   |
|    learning_rate     | 0.0003   |
|    n_updates         | 1302720  |
|    noise_critic_loss | 11.7     |
-----------------------------------
-----------------------------------
| rollout/             |          |
|    ep_len_mean       | 75       |
|    ep_rew_mean       | -110     |
| time/                |          |
|    episodes          | 2320     |
|    fps               | 1        |
|    time_elapsed      | 93545    |
|    total_timesteps   | 174000   |
| train/               |          |
|    actor_loss        | 54.4     |
|    critic_loss       | 3.11     |
|    ent_coef          | 0.0421   |
|    ent_coef_loss     | -0.593   |
|    learning_rate     | 0.0003   |
|    n_updates         | 1304970  |
|    noise_critic_loss | 12.1     |
-----------------------------------
-----------------------------------
| rollout/             |          |
|    ep_len_mean       | 75       |
|    ep_rew_mean       | -111     |
| time/                |          |
|    episodes          | 2324     |
|    fps               | 1        |
|    time_elapsed      | 93663    |
|    total_timesteps   | 174300   |
| train/               |          |
|    actor_loss        | 54.7     |
|    critic_loss       | 3.03     |
|    ent_coef          | 0.0423   |
|    ent_coef_loss     | 1.07     |
|    learning_rate     | 0.0003   |
|    n_updates         | 1307220  |
|    noise_critic_loss | 12.2     |
-----------------------------------
-----------------------------------
| rollout/             |          |
|    ep_len_mean       | 75       |
|    ep_rew_mean       | -114     |
| time/                |          |
|    episodes          | 2328     |
|    fps               | 1        |
|    time_elapsed      | 93781    |
|    total_timesteps   | 174600   |
| train/               |          |
|    actor_loss        | 54.5     |
|    critic_loss       | 3.12     |
|    ent_coef          | 0.0426   |
|    ent_coef_loss     | -0.0161  |
|    learning_rate     | 0.0003   |
|    n_updates         | 1309470  |
|    noise_critic_loss | 12       |
-----------------------------------
-----------------------------------
| rollout/             |          |
|    ep_len_mean       | 75       |
|    ep_rew_mean       | -116     |
| time/                |          |
|    episodes          | 2332     |
|    fps               | 1        |
|    time_elapsed      | 93901    |
|    total_timesteps   | 174900   |
| train/               |          |
|    actor_loss        | 54.6     |
|    critic_loss       | 2.87     |
|    ent_coef          | 0.0425   |
|    ent_coef_loss     | -0.13    |
|    learning_rate     | 0.0003   |
|    n_updates         | 1311720  |
|    noise_critic_loss | 11.7     |
-----------------------------------
-----------------------------------
| rollout/             |          |
|    ep_len_mean       | 75       |
|    ep_rew_mean       | -113     |
| time/                |          |
|    episodes          | 2336     |
|    fps               | 1        |
|    time_elapsed      | 94021    |
|    total_timesteps   | 175200   |
| train/               |          |
|    actor_loss        | 54.1     |
|    critic_loss       | 3.09     |
|    ent_coef          | 0.0422   |
|    ent_coef_loss     | -0.439   |
|    learning_rate     | 0.0003   |
|    n_updates         | 1313970  |
|    noise_critic_loss | 11.5     |
-----------------------------------
-----------------------------------
| rollout/             |          |
|    ep_len_mean       | 75       |
|    ep_rew_mean       | -113     |
| time/                |          |
|    episodes          | 2340     |
|    fps               | 1        |
|    time_elapsed      | 94140    |
|    total_timesteps   | 175500   |
| train/               |          |
|    actor_loss        | 54.2     |
|    critic_loss       | 3.32     |
|    ent_coef          | 0.0423   |
|    ent_coef_loss     | 0.205    |
|    learning_rate     | 0.0003   |
|    n_updates         | 1316220  |
|    noise_critic_loss | 11.9     |
-----------------------------------
-----------------------------------
| rollout/             |          |
|    ep_len_mean       | 75       |
|    ep_rew_mean       | -114     |
| time/                |          |
|    episodes          | 2344     |
|    fps               | 1        |
|    time_elapsed      | 94258    |
|    total_timesteps   | 175800   |
| train/               |          |
|    actor_loss        | 54.2     |
|    critic_loss       | 2.98     |
|    ent_coef          | 0.0417   |
|    ent_coef_loss     | 0.285    |
|    learning_rate     | 0.0003   |
|    n_updates         | 1318470  |
|    noise_critic_loss | 11.8     |
-----------------------------------
-----------------------------------
| rollout/             |          |
|    ep_len_mean       | 75       |
|    ep_rew_mean       | -115     |
| time/                |          |
|    episodes          | 2348     |
|    fps               | 1        |
|    time_elapsed      | 94377    |
|    total_timesteps   | 176100   |
| train/               |          |
|    actor_loss        | 54.4     |
|    critic_loss       | 3.12     |
|    ent_coef          | 0.0421   |
|    ent_coef_loss     | 0.258    |
|    learning_rate     | 0.0003   |
|    n_updates         | 1320720  |
|    noise_critic_loss | 12.6     |
-----------------------------------
-----------------------------------
| rollout/             |          |
|    ep_len_mean       | 75       |
|    ep_rew_mean       | -113     |
| time/                |          |
|    episodes          | 2352     |
|    fps               | 1        |
|    time_elapsed      | 94497    |
|    total_timesteps   | 176400   |
| train/               |          |
|    actor_loss        | 54.5     |
|    critic_loss       | 3.42     |
|    ent_coef          | 0.0431   |
|    ent_coef_loss     | 0.523    |
|    learning_rate     | 0.0003   |
|    n_updates         | 1322970  |
|    noise_critic_loss | 11.9     |
-----------------------------------
-----------------------------------
| rollout/             |          |
|    ep_len_mean       | 75       |
|    ep_rew_mean       | -112     |
| time/                |          |
|    episodes          | 2356     |
|    fps               | 1        |
|    time_elapsed      | 94615    |
|    total_timesteps   | 176700   |
| train/               |          |
|    actor_loss        | 54.5     |
|    critic_loss       | 3.13     |
|    ent_coef          | 0.0421   |
|    ent_coef_loss     | -0.574   |
|    learning_rate     | 0.0003   |
|    n_updates         | 1325220  |
|    noise_critic_loss | 12.2     |
-----------------------------------
-----------------------------------
| rollout/             |          |
|    ep_len_mean       | 75       |
|    ep_rew_mean       | -111     |
| time/                |          |
|    episodes          | 2360     |
|    fps               | 1        |
|    time_elapsed      | 94734    |
|    total_timesteps   | 177000   |
| train/               |          |
|    actor_loss        | 54.7     |
|    critic_loss       | 3.12     |
|    ent_coef          | 0.0424   |
|    ent_coef_loss     | -0.246   |
|    learning_rate     | 0.0003   |
|    n_updates         | 1327470  |
|    noise_critic_loss | 11.6     |
-----------------------------------
-----------------------------------
| rollout/             |          |
|    ep_len_mean       | 75       |
|    ep_rew_mean       | -108     |
| time/                |          |
|    episodes          | 2364     |
|    fps               | 1        |
|    time_elapsed      | 94853    |
|    total_timesteps   | 177300   |
| train/               |          |
|    actor_loss        | 54.3     |
|    critic_loss       | 3.07     |
|    ent_coef          | 0.0421   |
|    ent_coef_loss     | 0.0927   |
|    learning_rate     | 0.0003   |
|    n_updates         | 1329720  |
|    noise_critic_loss | 12.1     |
-----------------------------------
-----------------------------------
| rollout/             |          |
|    ep_len_mean       | 75       |
|    ep_rew_mean       | -107     |
| time/                |          |
|    episodes          | 2368     |
|    fps               | 1        |
|    time_elapsed      | 94973    |
|    total_timesteps   | 177600   |
| train/               |          |
|    actor_loss        | 54.4     |
|    critic_loss       | 3.11     |
|    ent_coef          | 0.0423   |
|    ent_coef_loss     | -0.447   |
|    learning_rate     | 0.0003   |
|    n_updates         | 1331970  |
|    noise_critic_loss | 11.6     |
-----------------------------------
-----------------------------------
| rollout/             |          |
|    ep_len_mean       | 75       |
|    ep_rew_mean       | -107     |
| time/                |          |
|    episodes          | 2372     |
|    fps               | 1        |
|    time_elapsed      | 95092    |
|    total_timesteps   | 177900   |
| train/               |          |
|    actor_loss        | 54.5     |
|    critic_loss       | 3.09     |
|    ent_coef          | 0.042    |
|    ent_coef_loss     | -0.435   |
|    learning_rate     | 0.0003   |
|    n_updates         | 1334220  |
|    noise_critic_loss | 12.3     |
-----------------------------------
-----------------------------------
| rollout/             |          |
|    ep_len_mean       | 75       |
|    ep_rew_mean       | -107     |
| time/                |          |
|    episodes          | 2376     |
|    fps               | 1        |
|    time_elapsed      | 95212    |
|    total_timesteps   | 178200   |
| train/               |          |
|    actor_loss        | 54.6     |
|    critic_loss       | 3.01     |
|    ent_coef          | 0.0416   |
|    ent_coef_loss     | -0.188   |
|    learning_rate     | 0.0003   |
|    n_updates         | 1336470  |
|    noise_critic_loss | 11.2     |
-----------------------------------
-----------------------------------
| rollout/             |          |
|    ep_len_mean       | 75       |
|    ep_rew_mean       | -111     |
| time/                |          |
|    episodes          | 2380     |
|    fps               | 1        |
|    time_elapsed      | 95331    |
|    total_timesteps   | 178500   |
| train/               |          |
|    actor_loss        | 54.8     |
|    critic_loss       | 3.15     |
|    ent_coef          | 0.0422   |
|    ent_coef_loss     | 0.534    |
|    learning_rate     | 0.0003   |
|    n_updates         | 1338720  |
|    noise_critic_loss | 10.6     |
-----------------------------------
-----------------------------------
| rollout/             |          |
|    ep_len_mean       | 75       |
|    ep_rew_mean       | -108     |
| time/                |          |
|    episodes          | 2384     |
|    fps               | 1        |
|    time_elapsed      | 95450    |
|    total_timesteps   | 178800   |
| train/               |          |
|    actor_loss        | 54.3     |
|    critic_loss       | 2.95     |
|    ent_coef          | 0.0418   |
|    ent_coef_loss     | -0.443   |
|    learning_rate     | 0.0003   |
|    n_updates         | 1340970  |
|    noise_critic_loss | 12       |
-----------------------------------
-----------------------------------
| rollout/             |          |
|    ep_len_mean       | 75       |
|    ep_rew_mean       | -110     |
| time/                |          |
|    episodes          | 2388     |
|    fps               | 1        |
|    time_elapsed      | 95569    |
|    total_timesteps   | 179100   |
| train/               |          |
|    actor_loss        | 54.5     |
|    critic_loss       | 2.97     |
|    ent_coef          | 0.0422   |
|    ent_coef_loss     | 0.505    |
|    learning_rate     | 0.0003   |
|    n_updates         | 1343220  |
|    noise_critic_loss | 11.6     |
-----------------------------------
-----------------------------------
| rollout/             |          |
|    ep_len_mean       | 75       |
|    ep_rew_mean       | -112     |
| time/                |          |
|    episodes          | 2392     |
|    fps               | 1        |
|    time_elapsed      | 95688    |
|    total_timesteps   | 179400   |
| train/               |          |
|    actor_loss        | 54.3     |
|    critic_loss       | 3.11     |
|    ent_coef          | 0.0425   |
|    ent_coef_loss     | -0.716   |
|    learning_rate     | 0.0003   |
|    n_updates         | 1345470  |
|    noise_critic_loss | 12.1     |
-----------------------------------
-----------------------------------
| rollout/             |          |
|    ep_len_mean       | 75       |
|    ep_rew_mean       | -114     |
| time/                |          |
|    episodes          | 2396     |
|    fps               | 1        |
|    time_elapsed      | 95806    |
|    total_timesteps   | 179700   |
| train/               |          |
|    actor_loss        | 54       |
|    critic_loss       | 3.13     |
|    ent_coef          | 0.0431   |
|    ent_coef_loss     | 0.301    |
|    learning_rate     | 0.0003   |
|    n_updates         | 1347720  |
|    noise_critic_loss | 12       |
-----------------------------------
eval episode 0 at timestep 726004
eval episode 1 at timestep 726004
eval episode 2 at timestep 726004
eval episode 3 at timestep 726004
eval episode 4 at timestep 726004
eval episode 5 at timestep 726004
eval episode 6 at timestep 726004
eval episode 7 at timestep 726004
-----------------------------------
| rollout/             |          |
|    ep_len_mean       | 75       |
|    ep_rew_mean       | -114     |
| time/                |          |
|    episodes          | 2400     |
|    fps               | 1        |
|    time_elapsed      | 97916    |
|    total_timesteps   | 180000   |
| train/               |          |
|    actor_loss        | 54.3     |
|    critic_loss       | 2.97     |
|    ent_coef          | 0.0422   |
|    ent_coef_loss     | 0.169    |
|    learning_rate     | 0.0003   |
|    n_updates         | 1349970  |
|    noise_critic_loss | 12.2     |
-----------------------------------
-----------------------------------
| rollout/             |          |
|    ep_len_mean       | 75       |
|    ep_rew_mean       | -115     |
| time/                |          |
|    episodes          | 2404     |
|    fps               | 1        |
|    time_elapsed      | 98035    |
|    total_timesteps   | 180300   |
| train/               |          |
|    actor_loss        | 54.2     |
|    critic_loss       | 3.17     |
|    ent_coef          | 0.042    |
|    ent_coef_loss     | -0.131   |
|    learning_rate     | 0.0003   |
|    n_updates         | 1352220  |
|    noise_critic_loss | 12.3     |
-----------------------------------
-----------------------------------
| rollout/             |          |
|    ep_len_mean       | 75       |
|    ep_rew_mean       | -115     |
| time/                |          |
|    episodes          | 2408     |
|    fps               | 1        |
|    time_elapsed      | 98154    |
|    total_timesteps   | 180600   |
| train/               |          |
|    actor_loss        | 54.7     |
|    critic_loss       | 3.06     |
|    ent_coef          | 0.0423   |
|    ent_coef_loss     | -0.173   |
|    learning_rate     | 0.0003   |
|    n_updates         | 1354470  |
|    noise_critic_loss | 12.2     |
-----------------------------------
-----------------------------------
| rollout/             |          |
|    ep_len_mean       | 75       |
|    ep_rew_mean       | -115     |
| time/                |          |
|    episodes          | 2412     |
|    fps               | 1        |
|    time_elapsed      | 98274    |
|    total_timesteps   | 180900   |
| train/               |          |
|    actor_loss        | 54.1     |
|    critic_loss       | 3.03     |
|    ent_coef          | 0.0422   |
|    ent_coef_loss     | -0.37    |
|    learning_rate     | 0.0003   |
|    n_updates         | 1356720  |
|    noise_critic_loss | 12.2     |
-----------------------------------
-----------------------------------
| rollout/             |          |
|    ep_len_mean       | 75       |
|    ep_rew_mean       | -115     |
| time/                |          |
|    episodes          | 2416     |
|    fps               | 1        |
|    time_elapsed      | 98392    |
|    total_timesteps   | 181200   |
| train/               |          |
|    actor_loss        | 54.4     |
|    critic_loss       | 3.61     |
|    ent_coef          | 0.042    |
|    ent_coef_loss     | 0.603    |
|    learning_rate     | 0.0003   |
|    n_updates         | 1358970  |
|    noise_critic_loss | 12.1     |
-----------------------------------
-----------------------------------
| rollout/             |          |
|    ep_len_mean       | 75       |
|    ep_rew_mean       | -114     |
| time/                |          |
|    episodes          | 2420     |
|    fps               | 1        |
|    time_elapsed      | 98511    |
|    total_timesteps   | 181500   |
| train/               |          |
|    actor_loss        | 54.3     |
|    critic_loss       | 3        |
|    ent_coef          | 0.0421   |
|    ent_coef_loss     | -0.264   |
|    learning_rate     | 0.0003   |
|    n_updates         | 1361220  |
|    noise_critic_loss | 11.8     |
-----------------------------------
-----------------------------------
| rollout/             |          |
|    ep_len_mean       | 75       |
|    ep_rew_mean       | -112     |
| time/                |          |
|    episodes          | 2424     |
|    fps               | 1        |
|    time_elapsed      | 98630    |
|    total_timesteps   | 181800   |
| train/               |          |
|    actor_loss        | 53.8     |
|    critic_loss       | 3.17     |
|    ent_coef          | 0.0422   |
|    ent_coef_loss     | -0.253   |
|    learning_rate     | 0.0003   |
|    n_updates         | 1363470  |
|    noise_critic_loss | 11.2     |
-----------------------------------
-----------------------------------
| rollout/             |          |
|    ep_len_mean       | 75       |
|    ep_rew_mean       | -110     |
| time/                |          |
|    episodes          | 2428     |
|    fps               | 1        |
|    time_elapsed      | 98750    |
|    total_timesteps   | 182100   |
| train/               |          |
|    actor_loss        | 54.3     |
|    critic_loss       | 2.9      |
|    ent_coef          | 0.0424   |
|    ent_coef_loss     | -0.22    |
|    learning_rate     | 0.0003   |
|    n_updates         | 1365720  |
|    noise_critic_loss | 10.8     |
-----------------------------------
-----------------------------------
| rollout/             |          |
|    ep_len_mean       | 75       |
|    ep_rew_mean       | -110     |
| time/                |          |
|    episodes          | 2432     |
|    fps               | 1        |
|    time_elapsed      | 98869    |
|    total_timesteps   | 182400   |
| train/               |          |
|    actor_loss        | 54.4     |
|    critic_loss       | 3.3      |
|    ent_coef          | 0.0421   |
|    ent_coef_loss     | -0.455   |
|    learning_rate     | 0.0003   |
|    n_updates         | 1367970  |
|    noise_critic_loss | 11.5     |
-----------------------------------
-----------------------------------
| rollout/             |          |
|    ep_len_mean       | 75       |
|    ep_rew_mean       | -109     |
| time/                |          |
|    episodes          | 2436     |
|    fps               | 1        |
|    time_elapsed      | 98989    |
|    total_timesteps   | 182700   |
| train/               |          |
|    actor_loss        | 53.7     |
|    critic_loss       | 3.26     |
|    ent_coef          | 0.0418   |
|    ent_coef_loss     | -0.18    |
|    learning_rate     | 0.0003   |
|    n_updates         | 1370220  |
|    noise_critic_loss | 11.7     |
-----------------------------------
-----------------------------------
| rollout/             |          |
|    ep_len_mean       | 75       |
|    ep_rew_mean       | -110     |
| time/                |          |
|    episodes          | 2440     |
|    fps               | 1        |
|    time_elapsed      | 99108    |
|    total_timesteps   | 183000   |
| train/               |          |
|    actor_loss        | 54.7     |
|    critic_loss       | 3.1      |
|    ent_coef          | 0.0431   |
|    ent_coef_loss     | 0.525    |
|    learning_rate     | 0.0003   |
|    n_updates         | 1372470  |
|    noise_critic_loss | 10.8     |
-----------------------------------
-----------------------------------
| rollout/             |          |
|    ep_len_mean       | 75       |
|    ep_rew_mean       | -111     |
| time/                |          |
|    episodes          | 2444     |
|    fps               | 1        |
|    time_elapsed      | 99225    |
|    total_timesteps   | 183300   |
| train/               |          |
|    actor_loss        | 53.9     |
|    critic_loss       | 3.13     |
|    ent_coef          | 0.0421   |
|    ent_coef_loss     | 0.986    |
|    learning_rate     | 0.0003   |
|    n_updates         | 1374720  |
|    noise_critic_loss | 11.6     |
-----------------------------------
-----------------------------------
| rollout/             |          |
|    ep_len_mean       | 75       |
|    ep_rew_mean       | -112     |
| time/                |          |
|    episodes          | 2448     |
|    fps               | 1        |
|    time_elapsed      | 99344    |
|    total_timesteps   | 183600   |
| train/               |          |
|    actor_loss        | 54.2     |
|    critic_loss       | 2.9      |
|    ent_coef          | 0.0422   |
|    ent_coef_loss     | -0.104   |
|    learning_rate     | 0.0003   |
|    n_updates         | 1376970  |
|    noise_critic_loss | 11.4     |
-----------------------------------
-----------------------------------
| rollout/             |          |
|    ep_len_mean       | 75       |
|    ep_rew_mean       | -114     |
| time/                |          |
|    episodes          | 2452     |
|    fps               | 1        |
|    time_elapsed      | 99462    |
|    total_timesteps   | 183900   |
| train/               |          |
|    actor_loss        | 53.6     |
|    critic_loss       | 3.09     |
|    ent_coef          | 0.0419   |
|    ent_coef_loss     | -0.408   |
|    learning_rate     | 0.0003   |
|    n_updates         | 1379220  |
|    noise_critic_loss | 11.4     |
-----------------------------------
-----------------------------------
| rollout/             |          |
|    ep_len_mean       | 75       |
|    ep_rew_mean       | -115     |
| time/                |          |
|    episodes          | 2456     |
|    fps               | 1        |
|    time_elapsed      | 99581    |
|    total_timesteps   | 184200   |
| train/               |          |
|    actor_loss        | 53.8     |
|    critic_loss       | 3.18     |
|    ent_coef          | 0.0425   |
|    ent_coef_loss     | -0.243   |
|    learning_rate     | 0.0003   |
|    n_updates         | 1381470  |
|    noise_critic_loss | 11.7     |
-----------------------------------
-----------------------------------
| rollout/             |          |
|    ep_len_mean       | 75       |
|    ep_rew_mean       | -117     |
| time/                |          |
|    episodes          | 2460     |
|    fps               | 1        |
|    time_elapsed      | 99700    |
|    total_timesteps   | 184500   |
| train/               |          |
|    actor_loss        | 53.7     |
|    critic_loss       | 2.98     |
|    ent_coef          | 0.043    |
|    ent_coef_loss     | 1.01     |
|    learning_rate     | 0.0003   |
|    n_updates         | 1383720  |
|    noise_critic_loss | 11.2     |
-----------------------------------
-----------------------------------
| rollout/             |          |
|    ep_len_mean       | 75       |
|    ep_rew_mean       | -117     |
| time/                |          |
|    episodes          | 2464     |
|    fps               | 1        |
|    time_elapsed      | 99819    |
|    total_timesteps   | 184800   |
| train/               |          |
|    actor_loss        | 53.1     |
|    critic_loss       | 3        |
|    ent_coef          | 0.042    |
|    ent_coef_loss     | 0.293    |
|    learning_rate     | 0.0003   |
|    n_updates         | 1385970  |
|    noise_critic_loss | 13.4     |
-----------------------------------
-----------------------------------
| rollout/             |          |
|    ep_len_mean       | 75       |
|    ep_rew_mean       | -117     |
| time/                |          |
|    episodes          | 2468     |
|    fps               | 1        |
|    time_elapsed      | 99938    |
|    total_timesteps   | 185100   |
| train/               |          |
|    actor_loss        | 54.4     |
|    critic_loss       | 3.21     |
|    ent_coef          | 0.0424   |
|    ent_coef_loss     | 0.158    |
|    learning_rate     | 0.0003   |
|    n_updates         | 1388220  |
|    noise_critic_loss | 11.3     |
-----------------------------------
-----------------------------------
| rollout/             |          |
|    ep_len_mean       | 75       |
|    ep_rew_mean       | -119     |
| time/                |          |
|    episodes          | 2472     |
|    fps               | 1        |
|    time_elapsed      | 100057   |
|    total_timesteps   | 185400   |
| train/               |          |
|    actor_loss        | 54.1     |
|    critic_loss       | 3.18     |
|    ent_coef          | 0.0426   |
|    ent_coef_loss     | -0.117   |
|    learning_rate     | 0.0003   |
|    n_updates         | 1390470  |
|    noise_critic_loss | 11.6     |
-----------------------------------
-----------------------------------
| rollout/             |          |
|    ep_len_mean       | 75       |
|    ep_rew_mean       | -119     |
| time/                |          |
|    episodes          | 2476     |
|    fps               | 1        |
|    time_elapsed      | 100177   |
|    total_timesteps   | 185700   |
| train/               |          |
|    actor_loss        | 54       |
|    critic_loss       | 3.1      |
|    ent_coef          | 0.0428   |
|    ent_coef_loss     | 0.4      |
|    learning_rate     | 0.0003   |
|    n_updates         | 1392720  |
|    noise_critic_loss | 12.6     |
-----------------------------------
-----------------------------------
| rollout/             |          |
|    ep_len_mean       | 75       |
|    ep_rew_mean       | -116     |
| time/                |          |
|    episodes          | 2480     |
|    fps               | 1        |
|    time_elapsed      | 100296   |
|    total_timesteps   | 186000   |
| train/               |          |
|    actor_loss        | 53.6     |
|    critic_loss       | 3.17     |
|    ent_coef          | 0.043    |
|    ent_coef_loss     | -0.74    |
|    learning_rate     | 0.0003   |
|    n_updates         | 1394970  |
|    noise_critic_loss | 11.5     |
-----------------------------------
-----------------------------------
| rollout/             |          |
|    ep_len_mean       | 75       |
|    ep_rew_mean       | -120     |
| time/                |          |
|    episodes          | 2484     |
|    fps               | 1        |
|    time_elapsed      | 100415   |
|    total_timesteps   | 186300   |
| train/               |          |
|    actor_loss        | 53.2     |
|    critic_loss       | 3        |
|    ent_coef          | 0.0426   |
|    ent_coef_loss     | -1       |
|    learning_rate     | 0.0003   |
|    n_updates         | 1397220  |
|    noise_critic_loss | 12.1     |
-----------------------------------
-----------------------------------
| rollout/             |          |
|    ep_len_mean       | 75       |
|    ep_rew_mean       | -117     |
| time/                |          |
|    episodes          | 2488     |
|    fps               | 1        |
|    time_elapsed      | 100535   |
|    total_timesteps   | 186600   |
| train/               |          |
|    actor_loss        | 54.7     |
|    critic_loss       | 3.1      |
|    ent_coef          | 0.0423   |
|    ent_coef_loss     | 0.699    |
|    learning_rate     | 0.0003   |
|    n_updates         | 1399470  |
|    noise_critic_loss | 11.3     |
-----------------------------------
-----------------------------------
| rollout/             |          |
|    ep_len_mean       | 75       |
|    ep_rew_mean       | -117     |
| time/                |          |
|    episodes          | 2492     |
|    fps               | 1        |
|    time_elapsed      | 100655   |
|    total_timesteps   | 186900   |
| train/               |          |
|    actor_loss        | 54.2     |
|    critic_loss       | 3.08     |
|    ent_coef          | 0.0425   |
|    ent_coef_loss     | -0.41    |
|    learning_rate     | 0.0003   |
|    n_updates         | 1401720  |
|    noise_critic_loss | 12.7     |
-----------------------------------
-----------------------------------
| rollout/             |          |
|    ep_len_mean       | 75       |
|    ep_rew_mean       | -115     |
| time/                |          |
|    episodes          | 2496     |
|    fps               | 1        |
|    time_elapsed      | 100773   |
|    total_timesteps   | 187200   |
| train/               |          |
|    actor_loss        | 53.6     |
|    critic_loss       | 3.18     |
|    ent_coef          | 0.0425   |
|    ent_coef_loss     | -0.491   |
|    learning_rate     | 0.0003   |
|    n_updates         | 1403970  |
|    noise_critic_loss | 12.7     |
-----------------------------------
-----------------------------------
| rollout/             |          |
|    ep_len_mean       | 75       |
|    ep_rew_mean       | -115     |
| time/                |          |
|    episodes          | 2500     |
|    fps               | 1        |
|    time_elapsed      | 100892   |
|    total_timesteps   | 187500   |
| train/               |          |
|    actor_loss        | 54.1     |
|    critic_loss       | 3.03     |
|    ent_coef          | 0.0423   |
|    ent_coef_loss     | -0.208   |
|    learning_rate     | 0.0003   |
|    n_updates         | 1406220  |
|    noise_critic_loss | 11.6     |
-----------------------------------
-----------------------------------
| rollout/             |          |
|    ep_len_mean       | 75       |
|    ep_rew_mean       | -115     |
| time/                |          |
|    episodes          | 2504     |
|    fps               | 1        |
|    time_elapsed      | 101013   |
|    total_timesteps   | 187800   |
| train/               |          |
|    actor_loss        | 54.1     |
|    critic_loss       | 2.9      |
|    ent_coef          | 0.042    |
|    ent_coef_loss     | 0.427    |
|    learning_rate     | 0.0003   |
|    n_updates         | 1408470  |
|    noise_critic_loss | 11.9     |
-----------------------------------
-----------------------------------
| rollout/             |          |
|    ep_len_mean       | 75       |
|    ep_rew_mean       | -114     |
| time/                |          |
|    episodes          | 2508     |
|    fps               | 1        |
|    time_elapsed      | 101133   |
|    total_timesteps   | 188100   |
| train/               |          |
|    actor_loss        | 53.7     |
|    critic_loss       | 2.95     |
|    ent_coef          | 0.0423   |
|    ent_coef_loss     | -0.348   |
|    learning_rate     | 0.0003   |
|    n_updates         | 1410720  |
|    noise_critic_loss | 11.8     |
-----------------------------------
-----------------------------------
| rollout/             |          |
|    ep_len_mean       | 75       |
|    ep_rew_mean       | -113     |
| time/                |          |
|    episodes          | 2512     |
|    fps               | 1        |
|    time_elapsed      | 101252   |
|    total_timesteps   | 188400   |
| train/               |          |
|    actor_loss        | 53.5     |
|    critic_loss       | 3.02     |
|    ent_coef          | 0.0426   |
|    ent_coef_loss     | -0.488   |
|    learning_rate     | 0.0003   |
|    n_updates         | 1412970  |
|    noise_critic_loss | 11.5     |
-----------------------------------
-----------------------------------
| rollout/             |          |
|    ep_len_mean       | 75       |
|    ep_rew_mean       | -113     |
| time/                |          |
|    episodes          | 2516     |
|    fps               | 1        |
|    time_elapsed      | 101371   |
|    total_timesteps   | 188700   |
| train/               |          |
|    actor_loss        | 54.4     |
|    critic_loss       | 3.28     |
|    ent_coef          | 0.042    |
|    ent_coef_loss     | 0.43     |
|    learning_rate     | 0.0003   |
|    n_updates         | 1415220  |
|    noise_critic_loss | 11.4     |
-----------------------------------
-----------------------------------
| rollout/             |          |
|    ep_len_mean       | 75       |
|    ep_rew_mean       | -113     |
| time/                |          |
|    episodes          | 2520     |
|    fps               | 1        |
|    time_elapsed      | 101491   |
|    total_timesteps   | 189000   |
| train/               |          |
|    actor_loss        | 54.3     |
|    critic_loss       | 3.05     |
|    ent_coef          | 0.0419   |
|    ent_coef_loss     | 1.03     |
|    learning_rate     | 0.0003   |
|    n_updates         | 1417470  |
|    noise_critic_loss | 11.9     |
-----------------------------------
-----------------------------------
| rollout/             |          |
|    ep_len_mean       | 75       |
|    ep_rew_mean       | -115     |
| time/                |          |
|    episodes          | 2524     |
|    fps               | 1        |
|    time_elapsed      | 101610   |
|    total_timesteps   | 189300   |
| train/               |          |
|    actor_loss        | 53.5     |
|    critic_loss       | 3.14     |
|    ent_coef          | 0.0423   |
|    ent_coef_loss     | 0.527    |
|    learning_rate     | 0.0003   |
|    n_updates         | 1419720  |
|    noise_critic_loss | 11.5     |
-----------------------------------
-----------------------------------
| rollout/             |          |
|    ep_len_mean       | 75       |
|    ep_rew_mean       | -115     |
| time/                |          |
|    episodes          | 2528     |
|    fps               | 1        |
|    time_elapsed      | 101730   |
|    total_timesteps   | 189600   |
| train/               |          |
|    actor_loss        | 53.2     |
|    critic_loss       | 3.06     |
|    ent_coef          | 0.0426   |
|    ent_coef_loss     | -1.06    |
|    learning_rate     | 0.0003   |
|    n_updates         | 1421970  |
|    noise_critic_loss | 12.2     |
-----------------------------------
-----------------------------------
| rollout/             |          |
|    ep_len_mean       | 75       |
|    ep_rew_mean       | -116     |
| time/                |          |
|    episodes          | 2532     |
|    fps               | 1        |
|    time_elapsed      | 101850   |
|    total_timesteps   | 189900   |
| train/               |          |
|    actor_loss        | 53.5     |
|    critic_loss       | 3.21     |
|    ent_coef          | 0.0423   |
|    ent_coef_loss     | -0.0443  |
|    learning_rate     | 0.0003   |
|    n_updates         | 1424220  |
|    noise_critic_loss | 11.5     |
-----------------------------------
-----------------------------------
| rollout/             |          |
|    ep_len_mean       | 75       |
|    ep_rew_mean       | -117     |
| time/                |          |
|    episodes          | 2536     |
|    fps               | 1        |
|    time_elapsed      | 101969   |
|    total_timesteps   | 190200   |
| train/               |          |
|    actor_loss        | 53.6     |
|    critic_loss       | 3.43     |
|    ent_coef          | 0.0423   |
|    ent_coef_loss     | -0.357   |
|    learning_rate     | 0.0003   |
|    n_updates         | 1426470  |
|    noise_critic_loss | 11.7     |
-----------------------------------
-----------------------------------
| rollout/             |          |
|    ep_len_mean       | 75       |
|    ep_rew_mean       | -113     |
| time/                |          |
|    episodes          | 2540     |
|    fps               | 1        |
|    time_elapsed      | 102089   |
|    total_timesteps   | 190500   |
| train/               |          |
|    actor_loss        | 53.3     |
|    critic_loss       | 3.09     |
|    ent_coef          | 0.042    |
|    ent_coef_loss     | 0.192    |
|    learning_rate     | 0.0003   |
|    n_updates         | 1428720  |
|    noise_critic_loss | 12.2     |
-----------------------------------
-----------------------------------
| rollout/             |          |
|    ep_len_mean       | 75       |
|    ep_rew_mean       | -111     |
| time/                |          |
|    episodes          | 2544     |
|    fps               | 1        |
|    time_elapsed      | 102208   |
|    total_timesteps   | 190800   |
| train/               |          |
|    actor_loss        | 53.7     |
|    critic_loss       | 3        |
|    ent_coef          | 0.0421   |
|    ent_coef_loss     | 0.601    |
|    learning_rate     | 0.0003   |
|    n_updates         | 1430970  |
|    noise_critic_loss | 12       |
-----------------------------------
-----------------------------------
| rollout/             |          |
|    ep_len_mean       | 75       |
|    ep_rew_mean       | -108     |
| time/                |          |
|    episodes          | 2548     |
|    fps               | 1        |
|    time_elapsed      | 102326   |
|    total_timesteps   | 191100   |
| train/               |          |
|    actor_loss        | 53.7     |
|    critic_loss       | 3.07     |
|    ent_coef          | 0.0429   |
|    ent_coef_loss     | -0.65    |
|    learning_rate     | 0.0003   |
|    n_updates         | 1433220  |
|    noise_critic_loss | 12.4     |
-----------------------------------
-----------------------------------
| rollout/             |          |
|    ep_len_mean       | 75       |
|    ep_rew_mean       | -107     |
| time/                |          |
|    episodes          | 2552     |
|    fps               | 1        |
|    time_elapsed      | 102446   |
|    total_timesteps   | 191400   |
| train/               |          |
|    actor_loss        | 53.9     |
|    critic_loss       | 3.02     |
|    ent_coef          | 0.0426   |
|    ent_coef_loss     | -0.625   |
|    learning_rate     | 0.0003   |
|    n_updates         | 1435470  |
|    noise_critic_loss | 11.9     |
-----------------------------------
-----------------------------------
| rollout/             |          |
|    ep_len_mean       | 75       |
|    ep_rew_mean       | -106     |
| time/                |          |
|    episodes          | 2556     |
|    fps               | 1        |
|    time_elapsed      | 102565   |
|    total_timesteps   | 191700   |
| train/               |          |
|    actor_loss        | 53.3     |
|    critic_loss       | 3.04     |
|    ent_coef          | 0.0422   |
|    ent_coef_loss     | 1.27     |
|    learning_rate     | 0.0003   |
|    n_updates         | 1437720  |
|    noise_critic_loss | 11.4     |
-----------------------------------
eval episode 0 at timestep 774004
eval episode 1 at timestep 774004
eval episode 2 at timestep 774004
eval episode 3 at timestep 774004
eval episode 4 at timestep 774004
eval episode 5 at timestep 774004
eval episode 6 at timestep 774004
eval episode 7 at timestep 774004
-----------------------------------
| rollout/             |          |
|    ep_len_mean       | 75       |
|    ep_rew_mean       | -108     |
| time/                |          |
|    episodes          | 2560     |
|    fps               | 1        |
|    time_elapsed      | 104675   |
|    total_timesteps   | 192000   |
| train/               |          |
|    actor_loss        | 52.5     |
|    critic_loss       | 3.06     |
|    ent_coef          | 0.0422   |
|    ent_coef_loss     | -1.09    |
|    learning_rate     | 0.0003   |
|    n_updates         | 1439970  |
|    noise_critic_loss | 12.1     |
-----------------------------------
-----------------------------------
| rollout/             |          |
|    ep_len_mean       | 75       |
|    ep_rew_mean       | -109     |
| time/                |          |
|    episodes          | 2564     |
|    fps               | 1        |
|    time_elapsed      | 104794   |
|    total_timesteps   | 192300   |
| train/               |          |
|    actor_loss        | 53.5     |
|    critic_loss       | 3.17     |
|    ent_coef          | 0.0431   |
|    ent_coef_loss     | -0.51    |
|    learning_rate     | 0.0003   |
|    n_updates         | 1442220  |
|    noise_critic_loss | 11.3     |
-----------------------------------
-----------------------------------
| rollout/             |          |
|    ep_len_mean       | 75       |
|    ep_rew_mean       | -109     |
| time/                |          |
|    episodes          | 2568     |
|    fps               | 1        |
|    time_elapsed      | 104913   |
|    total_timesteps   | 192600   |
| train/               |          |
|    actor_loss        | 53.2     |
|    critic_loss       | 3.29     |
|    ent_coef          | 0.0423   |
|    ent_coef_loss     | -0.306   |
|    learning_rate     | 0.0003   |
|    n_updates         | 1444470  |
|    noise_critic_loss | 11.4     |
-----------------------------------
-----------------------------------
| rollout/             |          |
|    ep_len_mean       | 75       |
|    ep_rew_mean       | -108     |
| time/                |          |
|    episodes          | 2572     |
|    fps               | 1        |
|    time_elapsed      | 105031   |
|    total_timesteps   | 192900   |
| train/               |          |
|    actor_loss        | 53.5     |
|    critic_loss       | 3.16     |
|    ent_coef          | 0.0416   |
|    ent_coef_loss     | -0.434   |
|    learning_rate     | 0.0003   |
|    n_updates         | 1446720  |
|    noise_critic_loss | 11.3     |
-----------------------------------
-----------------------------------
| rollout/             |          |
|    ep_len_mean       | 75       |
|    ep_rew_mean       | -108     |
| time/                |          |
|    episodes          | 2576     |
|    fps               | 1        |
|    time_elapsed      | 105150   |
|    total_timesteps   | 193200   |
| train/               |          |
|    actor_loss        | 53.1     |
|    critic_loss       | 3.03     |
|    ent_coef          | 0.0422   |
|    ent_coef_loss     | 0.245    |
|    learning_rate     | 0.0003   |
|    n_updates         | 1448970  |
|    noise_critic_loss | 12       |
-----------------------------------
-----------------------------------
| rollout/             |          |
|    ep_len_mean       | 75       |
|    ep_rew_mean       | -111     |
| time/                |          |
|    episodes          | 2580     |
|    fps               | 1        |
|    time_elapsed      | 105270   |
|    total_timesteps   | 193500   |
| train/               |          |
|    actor_loss        | 53.3     |
|    critic_loss       | 2.76     |
|    ent_coef          | 0.042    |
|    ent_coef_loss     | 0.601    |
|    learning_rate     | 0.0003   |
|    n_updates         | 1451220  |
|    noise_critic_loss | 11.3     |
-----------------------------------
-----------------------------------
| rollout/             |          |
|    ep_len_mean       | 75       |
|    ep_rew_mean       | -109     |
| time/                |          |
|    episodes          | 2584     |
|    fps               | 1        |
|    time_elapsed      | 105389   |
|    total_timesteps   | 193800   |
| train/               |          |
|    actor_loss        | 53       |
|    critic_loss       | 2.96     |
|    ent_coef          | 0.0413   |
|    ent_coef_loss     | 0.827    |
|    learning_rate     | 0.0003   |
|    n_updates         | 1453470  |
|    noise_critic_loss | 11.9     |
-----------------------------------
-----------------------------------
| rollout/             |          |
|    ep_len_mean       | 75       |
|    ep_rew_mean       | -113     |
| time/                |          |
|    episodes          | 2588     |
|    fps               | 1        |
|    time_elapsed      | 105507   |
|    total_timesteps   | 194100   |
| train/               |          |
|    actor_loss        | 52.6     |
|    critic_loss       | 3.2      |
|    ent_coef          | 0.0418   |
|    ent_coef_loss     | 0.684    |
|    learning_rate     | 0.0003   |
|    n_updates         | 1455720  |
|    noise_critic_loss | 11       |
-----------------------------------
-----------------------------------
| rollout/             |          |
|    ep_len_mean       | 75       |
|    ep_rew_mean       | -113     |
| time/                |          |
|    episodes          | 2592     |
|    fps               | 1        |
|    time_elapsed      | 105625   |
|    total_timesteps   | 194400   |
| train/               |          |
|    actor_loss        | 53.2     |
|    critic_loss       | 2.93     |
|    ent_coef          | 0.0426   |
|    ent_coef_loss     | 0.214    |
|    learning_rate     | 0.0003   |
|    n_updates         | 1457970  |
|    noise_critic_loss | 11.8     |
-----------------------------------
-----------------------------------
| rollout/             |          |
|    ep_len_mean       | 75       |
|    ep_rew_mean       | -113     |
| time/                |          |
|    episodes          | 2596     |
|    fps               | 1        |
|    time_elapsed      | 105745   |
|    total_timesteps   | 194700   |
| train/               |          |
|    actor_loss        | 53.7     |
|    critic_loss       | 3.23     |
|    ent_coef          | 0.0417   |
|    ent_coef_loss     | 0.278    |
|    learning_rate     | 0.0003   |
|    n_updates         | 1460220  |
|    noise_critic_loss | 11.9     |
-----------------------------------
-----------------------------------
| rollout/             |          |
|    ep_len_mean       | 75       |
|    ep_rew_mean       | -112     |
| time/                |          |
|    episodes          | 2600     |
|    fps               | 1        |
|    time_elapsed      | 105864   |
|    total_timesteps   | 195000   |
| train/               |          |
|    actor_loss        | 53.2     |
|    critic_loss       | 3.17     |
|    ent_coef          | 0.0422   |
|    ent_coef_loss     | -0.637   |
|    learning_rate     | 0.0003   |
|    n_updates         | 1462470  |
|    noise_critic_loss | 12.8     |
-----------------------------------
-----------------------------------
| rollout/             |          |
|    ep_len_mean       | 75       |
|    ep_rew_mean       | -113     |
| time/                |          |
|    episodes          | 2604     |
|    fps               | 1        |
|    time_elapsed      | 105983   |
|    total_timesteps   | 195300   |
| train/               |          |
|    actor_loss        | 53.1     |
|    critic_loss       | 3.11     |
|    ent_coef          | 0.0418   |
|    ent_coef_loss     | -0.746   |
|    learning_rate     | 0.0003   |
|    n_updates         | 1464720  |
|    noise_critic_loss | 12       |
-----------------------------------
-----------------------------------
| rollout/             |          |
|    ep_len_mean       | 75       |
|    ep_rew_mean       | -114     |
| time/                |          |
|    episodes          | 2608     |
|    fps               | 1        |
|    time_elapsed      | 106102   |
|    total_timesteps   | 195600   |
| train/               |          |
|    actor_loss        | 54       |
|    critic_loss       | 2.97     |
|    ent_coef          | 0.0425   |
|    ent_coef_loss     | -0.668   |
|    learning_rate     | 0.0003   |
|    n_updates         | 1466970  |
|    noise_critic_loss | 12.2     |
-----------------------------------
-----------------------------------
| rollout/             |          |
|    ep_len_mean       | 75       |
|    ep_rew_mean       | -113     |
| time/                |          |
|    episodes          | 2612     |
|    fps               | 1        |
|    time_elapsed      | 106222   |
|    total_timesteps   | 195900   |
| train/               |          |
|    actor_loss        | 53.7     |
|    critic_loss       | 2.99     |
|    ent_coef          | 0.0415   |
|    ent_coef_loss     | -0.0913  |
|    learning_rate     | 0.0003   |
|    n_updates         | 1469220  |
|    noise_critic_loss | 12       |
-----------------------------------
-----------------------------------
| rollout/             |          |
|    ep_len_mean       | 75       |
|    ep_rew_mean       | -113     |
| time/                |          |
|    episodes          | 2616     |
|    fps               | 1        |
|    time_elapsed      | 106341   |
|    total_timesteps   | 196200   |
| train/               |          |
|    actor_loss        | 53.7     |
|    critic_loss       | 3.36     |
|    ent_coef          | 0.0418   |
|    ent_coef_loss     | -0.358   |
|    learning_rate     | 0.0003   |
|    n_updates         | 1471470  |
|    noise_critic_loss | 11.9     |
-----------------------------------
-----------------------------------
| rollout/             |          |
|    ep_len_mean       | 75       |
|    ep_rew_mean       | -112     |
| time/                |          |
|    episodes          | 2620     |
|    fps               | 1        |
|    time_elapsed      | 106461   |
|    total_timesteps   | 196500   |
| train/               |          |
|    actor_loss        | 53.5     |
|    critic_loss       | 3.28     |
|    ent_coef          | 0.0422   |
|    ent_coef_loss     | 0.504    |
|    learning_rate     | 0.0003   |
|    n_updates         | 1473720  |
|    noise_critic_loss | 12.1     |
-----------------------------------
-----------------------------------
| rollout/             |          |
|    ep_len_mean       | 75       |
|    ep_rew_mean       | -111     |
| time/                |          |
|    episodes          | 2624     |
|    fps               | 1        |
|    time_elapsed      | 106580   |
|    total_timesteps   | 196800   |
| train/               |          |
|    actor_loss        | 53.2     |
|    critic_loss       | 2.99     |
|    ent_coef          | 0.0427   |
|    ent_coef_loss     | -0.848   |
|    learning_rate     | 0.0003   |
|    n_updates         | 1475970  |
|    noise_critic_loss | 12       |
-----------------------------------
-----------------------------------
| rollout/             |          |
|    ep_len_mean       | 75       |
|    ep_rew_mean       | -111     |
| time/                |          |
|    episodes          | 2628     |
|    fps               | 1        |
|    time_elapsed      | 106700   |
|    total_timesteps   | 197100   |
| train/               |          |
|    actor_loss        | 53.4     |
|    critic_loss       | 3.1      |
|    ent_coef          | 0.0422   |
|    ent_coef_loss     | 0.471    |
|    learning_rate     | 0.0003   |
|    n_updates         | 1478220  |
|    noise_critic_loss | 11.5     |
-----------------------------------
-----------------------------------
| rollout/             |          |
|    ep_len_mean       | 75       |
|    ep_rew_mean       | -112     |
| time/                |          |
|    episodes          | 2632     |
|    fps               | 1        |
|    time_elapsed      | 106819   |
|    total_timesteps   | 197400   |
| train/               |          |
|    actor_loss        | 53.2     |
|    critic_loss       | 3.49     |
|    ent_coef          | 0.0417   |
|    ent_coef_loss     | 0.653    |
|    learning_rate     | 0.0003   |
|    n_updates         | 1480470  |
|    noise_critic_loss | 11.6     |
-----------------------------------
-----------------------------------
| rollout/             |          |
|    ep_len_mean       | 75       |
|    ep_rew_mean       | -112     |
| time/                |          |
|    episodes          | 2636     |
|    fps               | 1        |
|    time_elapsed      | 106938   |
|    total_timesteps   | 197700   |
| train/               |          |
|    actor_loss        | 53.5     |
|    critic_loss       | 2.99     |
|    ent_coef          | 0.043    |
|    ent_coef_loss     | 0.599    |
|    learning_rate     | 0.0003   |
|    n_updates         | 1482720  |
|    noise_critic_loss | 12       |
-----------------------------------
-----------------------------------
| rollout/             |          |
|    ep_len_mean       | 75       |
|    ep_rew_mean       | -115     |
| time/                |          |
|    episodes          | 2640     |
|    fps               | 1        |
|    time_elapsed      | 107057   |
|    total_timesteps   | 198000   |
| train/               |          |
|    actor_loss        | 53.4     |
|    critic_loss       | 3.06     |
|    ent_coef          | 0.0418   |
|    ent_coef_loss     | 0.44     |
|    learning_rate     | 0.0003   |
|    n_updates         | 1484970  |
|    noise_critic_loss | 11.7     |
-----------------------------------
-----------------------------------
| rollout/             |          |
|    ep_len_mean       | 75       |
|    ep_rew_mean       | -118     |
| time/                |          |
|    episodes          | 2644     |
|    fps               | 1        |
|    time_elapsed      | 107175   |
|    total_timesteps   | 198300   |
| train/               |          |
|    actor_loss        | 53.5     |
|    critic_loss       | 3.05     |
|    ent_coef          | 0.0418   |
|    ent_coef_loss     | -0.117   |
|    learning_rate     | 0.0003   |
|    n_updates         | 1487220  |
|    noise_critic_loss | 11       |
-----------------------------------
-----------------------------------
| rollout/             |          |
|    ep_len_mean       | 75       |
|    ep_rew_mean       | -120     |
| time/                |          |
|    episodes          | 2648     |
|    fps               | 1        |
|    time_elapsed      | 107295   |
|    total_timesteps   | 198600   |
| train/               |          |
|    actor_loss        | 53.3     |
|    critic_loss       | 3.18     |
|    ent_coef          | 0.0423   |
|    ent_coef_loss     | 0.459    |
|    learning_rate     | 0.0003   |
|    n_updates         | 1489470  |
|    noise_critic_loss | 12.6     |
-----------------------------------
-----------------------------------
| rollout/             |          |
|    ep_len_mean       | 75       |
|    ep_rew_mean       | -121     |
| time/                |          |
|    episodes          | 2652     |
|    fps               | 1        |
|    time_elapsed      | 107413   |
|    total_timesteps   | 198900   |
| train/               |          |
|    actor_loss        | 53.4     |
|    critic_loss       | 3.12     |
|    ent_coef          | 0.0425   |
|    ent_coef_loss     | 0.365    |
|    learning_rate     | 0.0003   |
|    n_updates         | 1491720  |
|    noise_critic_loss | 11.9     |
-----------------------------------
-----------------------------------
| rollout/             |          |
|    ep_len_mean       | 75       |
|    ep_rew_mean       | -119     |
| time/                |          |
|    episodes          | 2656     |
|    fps               | 1        |
|    time_elapsed      | 107532   |
|    total_timesteps   | 199200   |
| train/               |          |
|    actor_loss        | 53.2     |
|    critic_loss       | 2.96     |
|    ent_coef          | 0.042    |
|    ent_coef_loss     | 0.542    |
|    learning_rate     | 0.0003   |
|    n_updates         | 1493970  |
|    noise_critic_loss | 11.7     |
-----------------------------------
-----------------------------------
| rollout/             |          |
|    ep_len_mean       | 75       |
|    ep_rew_mean       | -116     |
| time/                |          |
|    episodes          | 2660     |
|    fps               | 1        |
|    time_elapsed      | 107652   |
|    total_timesteps   | 199500   |
| train/               |          |
|    actor_loss        | 53.4     |
|    critic_loss       | 3.31     |
|    ent_coef          | 0.0423   |
|    ent_coef_loss     | -0.101   |
|    learning_rate     | 0.0003   |
|    n_updates         | 1496220  |
|    noise_critic_loss | 12       |
-----------------------------------
-----------------------------------
| rollout/             |          |
|    ep_len_mean       | 75       |
|    ep_rew_mean       | -115     |
| time/                |          |
|    episodes          | 2664     |
|    fps               | 1        |
|    time_elapsed      | 107771   |
|    total_timesteps   | 199800   |
| train/               |          |
|    actor_loss        | 53.3     |
|    critic_loss       | 3.13     |
|    ent_coef          | 0.0421   |
|    ent_coef_loss     | 1.17     |
|    learning_rate     | 0.0003   |
|    n_updates         | 1498470  |
|    noise_critic_loss | 11.3     |
-----------------------------------
-----------------------------------
| rollout/             |          |
|    ep_len_mean       | 75       |
|    ep_rew_mean       | -114     |
| time/                |          |
|    episodes          | 2668     |
|    fps               | 1        |
|    time_elapsed      | 107891   |
|    total_timesteps   | 200100   |
| train/               |          |
|    actor_loss        | 53.2     |
|    critic_loss       | 3.32     |
|    ent_coef          | 0.0416   |
|    ent_coef_loss     | -0.391   |
|    learning_rate     | 0.0003   |
|    n_updates         | 1500720  |
|    noise_critic_loss | 12.1     |
-----------------------------------
-----------------------------------
| rollout/             |          |
|    ep_len_mean       | 75       |
|    ep_rew_mean       | -115     |
| time/                |          |
|    episodes          | 2672     |
|    fps               | 1        |
|    time_elapsed      | 108010   |
|    total_timesteps   | 200400   |
| train/               |          |
|    actor_loss        | 53.5     |
|    critic_loss       | 3.01     |
|    ent_coef          | 0.0422   |
|    ent_coef_loss     | 0.134    |
|    learning_rate     | 0.0003   |
|    n_updates         | 1502970  |
|    noise_critic_loss | 11.3     |
-----------------------------------
-----------------------------------
| rollout/             |          |
|    ep_len_mean       | 75       |
|    ep_rew_mean       | -115     |
| time/                |          |
|    episodes          | 2676     |
|    fps               | 1        |
|    time_elapsed      | 108130   |
|    total_timesteps   | 200700   |
| train/               |          |
|    actor_loss        | 53.5     |
|    critic_loss       | 3.15     |
|    ent_coef          | 0.0423   |
|    ent_coef_loss     | 0.612    |
|    learning_rate     | 0.0003   |
|    n_updates         | 1505220  |
|    noise_critic_loss | 11.9     |
-----------------------------------
-----------------------------------
| rollout/             |          |
|    ep_len_mean       | 75       |
|    ep_rew_mean       | -114     |
| time/                |          |
|    episodes          | 2680     |
|    fps               | 1        |
|    time_elapsed      | 108249   |
|    total_timesteps   | 201000   |
| train/               |          |
|    actor_loss        | 53       |
|    critic_loss       | 3.03     |
|    ent_coef          | 0.0418   |
|    ent_coef_loss     | -0.434   |
|    learning_rate     | 0.0003   |
|    n_updates         | 1507470  |
|    noise_critic_loss | 12       |
-----------------------------------
-----------------------------------
| rollout/             |          |
|    ep_len_mean       | 75       |
|    ep_rew_mean       | -114     |
| time/                |          |
|    episodes          | 2684     |
|    fps               | 1        |
|    time_elapsed      | 108369   |
|    total_timesteps   | 201300   |
| train/               |          |
|    actor_loss        | 52.9     |
|    critic_loss       | 3.01     |
|    ent_coef          | 0.0415   |
|    ent_coef_loss     | 0.144    |
|    learning_rate     | 0.0003   |
|    n_updates         | 1509720  |
|    noise_critic_loss | 11.5     |
-----------------------------------
-----------------------------------
| rollout/             |          |
|    ep_len_mean       | 75       |
|    ep_rew_mean       | -112     |
| time/                |          |
|    episodes          | 2688     |
|    fps               | 1        |
|    time_elapsed      | 108488   |
|    total_timesteps   | 201600   |
| train/               |          |
|    actor_loss        | 53.4     |
|    critic_loss       | 2.91     |
|    ent_coef          | 0.0417   |
|    ent_coef_loss     | 1.24     |
|    learning_rate     | 0.0003   |
|    n_updates         | 1511970  |
|    noise_critic_loss | 12.1     |
-----------------------------------
-----------------------------------
| rollout/             |          |
|    ep_len_mean       | 75       |
|    ep_rew_mean       | -112     |
| time/                |          |
|    episodes          | 2692     |
|    fps               | 1        |
|    time_elapsed      | 108608   |
|    total_timesteps   | 201900   |
| train/               |          |
|    actor_loss        | 52.8     |
|    critic_loss       | 3.02     |
|    ent_coef          | 0.0415   |
|    ent_coef_loss     | -0.0753  |
|    learning_rate     | 0.0003   |
|    n_updates         | 1514220  |
|    noise_critic_loss | 11.3     |
-----------------------------------
-----------------------------------
| rollout/             |          |
|    ep_len_mean       | 75       |
|    ep_rew_mean       | -110     |
| time/                |          |
|    episodes          | 2696     |
|    fps               | 1        |
|    time_elapsed      | 108727   |
|    total_timesteps   | 202200   |
| train/               |          |
|    actor_loss        | 53.6     |
|    critic_loss       | 2.93     |
|    ent_coef          | 0.0424   |
|    ent_coef_loss     | -0.23    |
|    learning_rate     | 0.0003   |
|    n_updates         | 1516470  |
|    noise_critic_loss | 11.5     |
-----------------------------------
-----------------------------------
| rollout/             |          |
|    ep_len_mean       | 75       |
|    ep_rew_mean       | -111     |
| time/                |          |
|    episodes          | 2700     |
|    fps               | 1        |
|    time_elapsed      | 108846   |
|    total_timesteps   | 202500   |
| train/               |          |
|    actor_loss        | 53       |
|    critic_loss       | 3.14     |
|    ent_coef          | 0.0422   |
|    ent_coef_loss     | 0.404    |
|    learning_rate     | 0.0003   |
|    n_updates         | 1518720  |
|    noise_critic_loss | 11.6     |
-----------------------------------
-----------------------------------
| rollout/             |          |
|    ep_len_mean       | 75       |
|    ep_rew_mean       | -110     |
| time/                |          |
|    episodes          | 2704     |
|    fps               | 1        |
|    time_elapsed      | 108965   |
|    total_timesteps   | 202800   |
| train/               |          |
|    actor_loss        | 53.1     |
|    critic_loss       | 3.06     |
|    ent_coef          | 0.0413   |
|    ent_coef_loss     | -0.0467  |
|    learning_rate     | 0.0003   |
|    n_updates         | 1520970  |
|    noise_critic_loss | 10.8     |
-----------------------------------
-----------------------------------
| rollout/             |          |
|    ep_len_mean       | 75       |
|    ep_rew_mean       | -109     |
| time/                |          |
|    episodes          | 2708     |
|    fps               | 1        |
|    time_elapsed      | 109084   |
|    total_timesteps   | 203100   |
| train/               |          |
|    actor_loss        | 53.2     |
|    critic_loss       | 3.06     |
|    ent_coef          | 0.042    |
|    ent_coef_loss     | 0.161    |
|    learning_rate     | 0.0003   |
|    n_updates         | 1523220  |
|    noise_critic_loss | 12.5     |
-----------------------------------
-----------------------------------
| rollout/             |          |
|    ep_len_mean       | 75       |
|    ep_rew_mean       | -110     |
| time/                |          |
|    episodes          | 2712     |
|    fps               | 1        |
|    time_elapsed      | 109204   |
|    total_timesteps   | 203400   |
| train/               |          |
|    actor_loss        | 52.9     |
|    critic_loss       | 3.19     |
|    ent_coef          | 0.0417   |
|    ent_coef_loss     | -0.706   |
|    learning_rate     | 0.0003   |
|    n_updates         | 1525470  |
|    noise_critic_loss | 10.9     |
-----------------------------------
-----------------------------------
| rollout/             |          |
|    ep_len_mean       | 75       |
|    ep_rew_mean       | -110     |
| time/                |          |
|    episodes          | 2716     |
|    fps               | 1        |
|    time_elapsed      | 109324   |
|    total_timesteps   | 203700   |
| train/               |          |
|    actor_loss        | 53.1     |
|    critic_loss       | 2.96     |
|    ent_coef          | 0.0413   |
|    ent_coef_loss     | 0.505    |
|    learning_rate     | 0.0003   |
|    n_updates         | 1527720  |
|    noise_critic_loss | 11.3     |
-----------------------------------
eval episode 0 at timestep 822004
eval episode 1 at timestep 822004
eval episode 2 at timestep 822004
eval episode 3 at timestep 822004
eval episode 4 at timestep 822004
eval episode 5 at timestep 822004
eval episode 6 at timestep 822004
eval episode 7 at timestep 822004
-----------------------------------
| rollout/             |          |
|    ep_len_mean       | 75       |
|    ep_rew_mean       | -110     |
| time/                |          |
|    episodes          | 2720     |
|    fps               | 1        |
|    time_elapsed      | 111436   |
|    total_timesteps   | 204000   |
| train/               |          |
|    actor_loss        | 53.2     |
|    critic_loss       | 2.84     |
|    ent_coef          | 0.0415   |
|    ent_coef_loss     | 0.283    |
|    learning_rate     | 0.0003   |
|    n_updates         | 1529970  |
|    noise_critic_loss | 11.4     |
-----------------------------------
-----------------------------------
| rollout/             |          |
|    ep_len_mean       | 75       |
|    ep_rew_mean       | -112     |
| time/                |          |
|    episodes          | 2724     |
|    fps               | 1        |
|    time_elapsed      | 111556   |
|    total_timesteps   | 204300   |
| train/               |          |
|    actor_loss        | 53.3     |
|    critic_loss       | 2.94     |
|    ent_coef          | 0.0423   |
|    ent_coef_loss     | 0.507    |
|    learning_rate     | 0.0003   |
|    n_updates         | 1532220  |
|    noise_critic_loss | 11.6     |
-----------------------------------
-----------------------------------
| rollout/             |          |
|    ep_len_mean       | 75       |
|    ep_rew_mean       | -110     |
| time/                |          |
|    episodes          | 2728     |
|    fps               | 1        |
|    time_elapsed      | 111676   |
|    total_timesteps   | 204600   |
| train/               |          |
|    actor_loss        | 53.3     |
|    critic_loss       | 2.95     |
|    ent_coef          | 0.0423   |
|    ent_coef_loss     | 0.673    |
|    learning_rate     | 0.0003   |
|    n_updates         | 1534470  |
|    noise_critic_loss | 11.4     |
-----------------------------------
-----------------------------------
| rollout/             |          |
|    ep_len_mean       | 75       |
|    ep_rew_mean       | -108     |
| time/                |          |
|    episodes          | 2732     |
|    fps               | 1        |
|    time_elapsed      | 111796   |
|    total_timesteps   | 204900   |
| train/               |          |
|    actor_loss        | 53.5     |
|    critic_loss       | 3.2      |
|    ent_coef          | 0.0422   |
|    ent_coef_loss     | -0.203   |
|    learning_rate     | 0.0003   |
|    n_updates         | 1536720  |
|    noise_critic_loss | 11.1     |
-----------------------------------
-----------------------------------
| rollout/             |          |
|    ep_len_mean       | 75       |
|    ep_rew_mean       | -108     |
| time/                |          |
|    episodes          | 2736     |
|    fps               | 1        |
|    time_elapsed      | 111916   |
|    total_timesteps   | 205200   |
| train/               |          |
|    actor_loss        | 52.8     |
|    critic_loss       | 3.12     |
|    ent_coef          | 0.0418   |
|    ent_coef_loss     | 0.247    |
|    learning_rate     | 0.0003   |
|    n_updates         | 1538970  |
|    noise_critic_loss | 11.9     |
-----------------------------------
-----------------------------------
| rollout/             |          |
|    ep_len_mean       | 75       |
|    ep_rew_mean       | -108     |
| time/                |          |
|    episodes          | 2740     |
|    fps               | 1        |
|    time_elapsed      | 112035   |
|    total_timesteps   | 205500   |
| train/               |          |
|    actor_loss        | 53.5     |
|    critic_loss       | 3.04     |
|    ent_coef          | 0.0421   |
|    ent_coef_loss     | -0.00466 |
|    learning_rate     | 0.0003   |
|    n_updates         | 1541220  |
|    noise_critic_loss | 11.2     |
-----------------------------------
-----------------------------------
| rollout/             |          |
|    ep_len_mean       | 75       |
|    ep_rew_mean       | -107     |
| time/                |          |
|    episodes          | 2744     |
|    fps               | 1        |
|    time_elapsed      | 112154   |
|    total_timesteps   | 205800   |
| train/               |          |
|    actor_loss        | 53.3     |
|    critic_loss       | 3.18     |
|    ent_coef          | 0.0412   |
|    ent_coef_loss     | -0.0175  |
|    learning_rate     | 0.0003   |
|    n_updates         | 1543470  |
|    noise_critic_loss | 12       |
-----------------------------------
-----------------------------------
| rollout/             |          |
|    ep_len_mean       | 75       |
|    ep_rew_mean       | -105     |
| time/                |          |
|    episodes          | 2748     |
|    fps               | 1        |
|    time_elapsed      | 112274   |
|    total_timesteps   | 206100   |
| train/               |          |
|    actor_loss        | 53.4     |
|    critic_loss       | 2.97     |
|    ent_coef          | 0.0418   |
|    ent_coef_loss     | 0.147    |
|    learning_rate     | 0.0003   |
|    n_updates         | 1545720  |
|    noise_critic_loss | 11.5     |
-----------------------------------
-----------------------------------
| rollout/             |          |
|    ep_len_mean       | 75       |
|    ep_rew_mean       | -104     |
| time/                |          |
|    episodes          | 2752     |
|    fps               | 1        |
|    time_elapsed      | 112393   |
|    total_timesteps   | 206400   |
| train/               |          |
|    actor_loss        | 53.1     |
|    critic_loss       | 2.95     |
|    ent_coef          | 0.0415   |
|    ent_coef_loss     | 0.279    |
|    learning_rate     | 0.0003   |
|    n_updates         | 1547970  |
|    noise_critic_loss | 11.8     |
-----------------------------------
-----------------------------------
| rollout/             |          |
|    ep_len_mean       | 75       |
|    ep_rew_mean       | -105     |
| time/                |          |
|    episodes          | 2756     |
|    fps               | 1        |
|    time_elapsed      | 112513   |
|    total_timesteps   | 206700   |
| train/               |          |
|    actor_loss        | 52.8     |
|    critic_loss       | 3.05     |
|    ent_coef          | 0.0414   |
|    ent_coef_loss     | -0.101   |
|    learning_rate     | 0.0003   |
|    n_updates         | 1550220  |
|    noise_critic_loss | 11.3     |
-----------------------------------
-----------------------------------
| rollout/             |          |
|    ep_len_mean       | 75       |
|    ep_rew_mean       | -104     |
| time/                |          |
|    episodes          | 2760     |
|    fps               | 1        |
|    time_elapsed      | 112633   |
|    total_timesteps   | 207000   |
| train/               |          |
|    actor_loss        | 53.3     |
|    critic_loss       | 2.95     |
|    ent_coef          | 0.0414   |
|    ent_coef_loss     | -0.0891  |
|    learning_rate     | 0.0003   |
|    n_updates         | 1552470  |
|    noise_critic_loss | 11.3     |
-----------------------------------
-----------------------------------
| rollout/             |          |
|    ep_len_mean       | 75       |
|    ep_rew_mean       | -103     |
| time/                |          |
|    episodes          | 2764     |
|    fps               | 1        |
|    time_elapsed      | 112753   |
|    total_timesteps   | 207300   |
| train/               |          |
|    actor_loss        | 52.7     |
|    critic_loss       | 3.06     |
|    ent_coef          | 0.0417   |
|    ent_coef_loss     | -0.66    |
|    learning_rate     | 0.0003   |
|    n_updates         | 1554720  |
|    noise_critic_loss | 11       |
-----------------------------------
-----------------------------------
| rollout/             |          |
|    ep_len_mean       | 75       |
|    ep_rew_mean       | -104     |
| time/                |          |
|    episodes          | 2768     |
|    fps               | 1        |
|    time_elapsed      | 112873   |
|    total_timesteps   | 207600   |
| train/               |          |
|    actor_loss        | 53       |
|    critic_loss       | 3.14     |
|    ent_coef          | 0.0411   |
|    ent_coef_loss     | 1.16     |
|    learning_rate     | 0.0003   |
|    n_updates         | 1556970  |
|    noise_critic_loss | 11.5     |
-----------------------------------
-----------------------------------
| rollout/             |          |
|    ep_len_mean       | 75       |
|    ep_rew_mean       | -104     |
| time/                |          |
|    episodes          | 2772     |
|    fps               | 1        |
|    time_elapsed      | 112992   |
|    total_timesteps   | 207900   |
| train/               |          |
|    actor_loss        | 52.9     |
|    critic_loss       | 3.13     |
|    ent_coef          | 0.0418   |
|    ent_coef_loss     | -0.075   |
|    learning_rate     | 0.0003   |
|    n_updates         | 1559220  |
|    noise_critic_loss | 11.9     |
-----------------------------------
-----------------------------------
| rollout/             |          |
|    ep_len_mean       | 75       |
|    ep_rew_mean       | -104     |
| time/                |          |
|    episodes          | 2776     |
|    fps               | 1        |
|    time_elapsed      | 113112   |
|    total_timesteps   | 208200   |
| train/               |          |
|    actor_loss        | 53       |
|    critic_loss       | 3.05     |
|    ent_coef          | 0.0418   |
|    ent_coef_loss     | 0.098    |
|    learning_rate     | 0.0003   |
|    n_updates         | 1561470  |
|    noise_critic_loss | 11.4     |
-----------------------------------
-----------------------------------
| rollout/             |          |
|    ep_len_mean       | 75       |
|    ep_rew_mean       | -104     |
| time/                |          |
|    episodes          | 2780     |
|    fps               | 1        |
|    time_elapsed      | 113231   |
|    total_timesteps   | 208500   |
| train/               |          |
|    actor_loss        | 53       |
|    critic_loss       | 2.99     |
|    ent_coef          | 0.0406   |
|    ent_coef_loss     | -1.02    |
|    learning_rate     | 0.0003   |
|    n_updates         | 1563720  |
|    noise_critic_loss | 11.1     |
-----------------------------------
-----------------------------------
| rollout/             |          |
|    ep_len_mean       | 75       |
|    ep_rew_mean       | -104     |
| time/                |          |
|    episodes          | 2784     |
|    fps               | 1        |
|    time_elapsed      | 113350   |
|    total_timesteps   | 208800   |
| train/               |          |
|    actor_loss        | 53.5     |
|    critic_loss       | 3.11     |
|    ent_coef          | 0.0409   |
|    ent_coef_loss     | -0.334   |
|    learning_rate     | 0.0003   |
|    n_updates         | 1565970  |
|    noise_critic_loss | 11.1     |
-----------------------------------
-----------------------------------
| rollout/             |          |
|    ep_len_mean       | 75       |
|    ep_rew_mean       | -107     |
| time/                |          |
|    episodes          | 2788     |
|    fps               | 1        |
|    time_elapsed      | 113470   |
|    total_timesteps   | 209100   |
| train/               |          |
|    actor_loss        | 53       |
|    critic_loss       | 2.96     |
|    ent_coef          | 0.0408   |
|    ent_coef_loss     | -1.05    |
|    learning_rate     | 0.0003   |
|    n_updates         | 1568220  |
|    noise_critic_loss | 11.5     |
-----------------------------------
-----------------------------------
| rollout/             |          |
|    ep_len_mean       | 75       |
|    ep_rew_mean       | -106     |
| time/                |          |
|    episodes          | 2792     |
|    fps               | 1        |
|    time_elapsed      | 113589   |
|    total_timesteps   | 209400   |
| train/               |          |
|    actor_loss        | 53.7     |
|    critic_loss       | 3.11     |
|    ent_coef          | 0.0411   |
|    ent_coef_loss     | 0.634    |
|    learning_rate     | 0.0003   |
|    n_updates         | 1570470  |
|    noise_critic_loss | 11.6     |
-----------------------------------
-----------------------------------
| rollout/             |          |
|    ep_len_mean       | 75       |
|    ep_rew_mean       | -108     |
| time/                |          |
|    episodes          | 2796     |
|    fps               | 1        |
|    time_elapsed      | 113708   |
|    total_timesteps   | 209700   |
| train/               |          |
|    actor_loss        | 53.8     |
|    critic_loss       | 3.23     |
|    ent_coef          | 0.0412   |
|    ent_coef_loss     | -0.716   |
|    learning_rate     | 0.0003   |
|    n_updates         | 1572720  |
|    noise_critic_loss | 12       |
-----------------------------------
-----------------------------------
| rollout/             |          |
|    ep_len_mean       | 75       |
|    ep_rew_mean       | -107     |
| time/                |          |
|    episodes          | 2800     |
|    fps               | 1        |
|    time_elapsed      | 113827   |
|    total_timesteps   | 210000   |
| train/               |          |
|    actor_loss        | 53.3     |
|    critic_loss       | 3.24     |
|    ent_coef          | 0.041    |
|    ent_coef_loss     | -0.143   |
|    learning_rate     | 0.0003   |
|    n_updates         | 1574970  |
|    noise_critic_loss | 11.3     |
-----------------------------------
-----------------------------------
| rollout/             |          |
|    ep_len_mean       | 75       |
|    ep_rew_mean       | -105     |
| time/                |          |
|    episodes          | 2804     |
|    fps               | 1        |
|    time_elapsed      | 113947   |
|    total_timesteps   | 210300   |
| train/               |          |
|    actor_loss        | 53.2     |
|    critic_loss       | 2.95     |
|    ent_coef          | 0.0412   |
|    ent_coef_loss     | -0.147   |
|    learning_rate     | 0.0003   |
|    n_updates         | 1577220  |
|    noise_critic_loss | 11.3     |
-----------------------------------
-----------------------------------
| rollout/             |          |
|    ep_len_mean       | 75       |
|    ep_rew_mean       | -103     |
| time/                |          |
|    episodes          | 2808     |
|    fps               | 1        |
|    time_elapsed      | 114066   |
|    total_timesteps   | 210600   |
| train/               |          |
|    actor_loss        | 53       |
|    critic_loss       | 2.91     |
|    ent_coef          | 0.0408   |
|    ent_coef_loss     | 0.646    |
|    learning_rate     | 0.0003   |
|    n_updates         | 1579470  |
|    noise_critic_loss | 10.5     |
-----------------------------------
-----------------------------------
| rollout/             |          |
|    ep_len_mean       | 75       |
|    ep_rew_mean       | -103     |
| time/                |          |
|    episodes          | 2812     |
|    fps               | 1        |
|    time_elapsed      | 114185   |
|    total_timesteps   | 210900   |
| train/               |          |
|    actor_loss        | 53       |
|    critic_loss       | 3.14     |
|    ent_coef          | 0.041    |
|    ent_coef_loss     | -0.103   |
|    learning_rate     | 0.0003   |
|    n_updates         | 1581720  |
|    noise_critic_loss | 11       |
-----------------------------------
-----------------------------------
| rollout/             |          |
|    ep_len_mean       | 75       |
|    ep_rew_mean       | -104     |
| time/                |          |
|    episodes          | 2816     |
|    fps               | 1        |
|    time_elapsed      | 114304   |
|    total_timesteps   | 211200   |
| train/               |          |
|    actor_loss        | 53.4     |
|    critic_loss       | 3.1      |
|    ent_coef          | 0.041    |
|    ent_coef_loss     | 0.587    |
|    learning_rate     | 0.0003   |
|    n_updates         | 1583970  |
|    noise_critic_loss | 11.3     |
-----------------------------------
-----------------------------------
| rollout/             |          |
|    ep_len_mean       | 75       |
|    ep_rew_mean       | -103     |
| time/                |          |
|    episodes          | 2820     |
|    fps               | 1        |
|    time_elapsed      | 114424   |
|    total_timesteps   | 211500   |
| train/               |          |
|    actor_loss        | 53.3     |
|    critic_loss       | 3.16     |
|    ent_coef          | 0.0409   |
|    ent_coef_loss     | -0.101   |
|    learning_rate     | 0.0003   |
|    n_updates         | 1586220  |
|    noise_critic_loss | 11       |
-----------------------------------
-----------------------------------
| rollout/             |          |
|    ep_len_mean       | 75       |
|    ep_rew_mean       | -105     |
| time/                |          |
|    episodes          | 2824     |
|    fps               | 1        |
|    time_elapsed      | 114543   |
|    total_timesteps   | 211800   |
| train/               |          |
|    actor_loss        | 53.5     |
|    critic_loss       | 2.99     |
|    ent_coef          | 0.0408   |
|    ent_coef_loss     | -0.13    |
|    learning_rate     | 0.0003   |
|    n_updates         | 1588470  |
|    noise_critic_loss | 11       |
-----------------------------------
-----------------------------------
| rollout/             |          |
|    ep_len_mean       | 75       |
|    ep_rew_mean       | -106     |
| time/                |          |
|    episodes          | 2828     |
|    fps               | 1        |
|    time_elapsed      | 114661   |
|    total_timesteps   | 212100   |
| train/               |          |
|    actor_loss        | 53       |
|    critic_loss       | 3.05     |
|    ent_coef          | 0.042    |
|    ent_coef_loss     | -1.07    |
|    learning_rate     | 0.0003   |
|    n_updates         | 1590720  |
|    noise_critic_loss | 11.1     |
-----------------------------------
-----------------------------------
| rollout/             |          |
|    ep_len_mean       | 75       |
|    ep_rew_mean       | -109     |
| time/                |          |
|    episodes          | 2832     |
|    fps               | 1        |
|    time_elapsed      | 114781   |
|    total_timesteps   | 212400   |
| train/               |          |
|    actor_loss        | 53.4     |
|    critic_loss       | 3.2      |
|    ent_coef          | 0.0414   |
|    ent_coef_loss     | 0.248    |
|    learning_rate     | 0.0003   |
|    n_updates         | 1592970  |
|    noise_critic_loss | 11.2     |
-----------------------------------
-----------------------------------
| rollout/             |          |
|    ep_len_mean       | 75       |
|    ep_rew_mean       | -112     |
| time/                |          |
|    episodes          | 2836     |
|    fps               | 1        |
|    time_elapsed      | 114900   |
|    total_timesteps   | 212700   |
| train/               |          |
|    actor_loss        | 53.5     |
|    critic_loss       | 3.27     |
|    ent_coef          | 0.0417   |
|    ent_coef_loss     | 0.837    |
|    learning_rate     | 0.0003   |
|    n_updates         | 1595220  |
|    noise_critic_loss | 11.4     |
-----------------------------------
-----------------------------------
| rollout/             |          |
|    ep_len_mean       | 75       |
|    ep_rew_mean       | -112     |
| time/                |          |
|    episodes          | 2840     |
|    fps               | 1        |
|    time_elapsed      | 115020   |
|    total_timesteps   | 213000   |
| train/               |          |
|    actor_loss        | 53       |
|    critic_loss       | 3.36     |
|    ent_coef          | 0.0413   |
|    ent_coef_loss     | -0.686   |
|    learning_rate     | 0.0003   |
|    n_updates         | 1597470  |
|    noise_critic_loss | 11.7     |
-----------------------------------
-----------------------------------
| rollout/             |          |
|    ep_len_mean       | 75       |
|    ep_rew_mean       | -110     |
| time/                |          |
|    episodes          | 2844     |
|    fps               | 1        |
|    time_elapsed      | 115139   |
|    total_timesteps   | 213300   |
| train/               |          |
|    actor_loss        | 53.8     |
|    critic_loss       | 3.39     |
|    ent_coef          | 0.0421   |
|    ent_coef_loss     | -0.152   |
|    learning_rate     | 0.0003   |
|    n_updates         | 1599720  |
|    noise_critic_loss | 12.6     |
-----------------------------------
-----------------------------------
| rollout/             |          |
|    ep_len_mean       | 75       |
|    ep_rew_mean       | -110     |
| time/                |          |
|    episodes          | 2848     |
|    fps               | 1        |
|    time_elapsed      | 115258   |
|    total_timesteps   | 213600   |
| train/               |          |
|    actor_loss        | 53.5     |
|    critic_loss       | 3        |
|    ent_coef          | 0.0409   |
|    ent_coef_loss     | 0.403    |
|    learning_rate     | 0.0003   |
|    n_updates         | 1601970  |
|    noise_critic_loss | 12       |
-----------------------------------
-----------------------------------
| rollout/             |          |
|    ep_len_mean       | 75       |
|    ep_rew_mean       | -109     |
| time/                |          |
|    episodes          | 2852     |
|    fps               | 1        |
|    time_elapsed      | 115378   |
|    total_timesteps   | 213900   |
| train/               |          |
|    actor_loss        | 53.2     |
|    critic_loss       | 3.3      |
|    ent_coef          | 0.0414   |
|    ent_coef_loss     | -0.593   |
|    learning_rate     | 0.0003   |
|    n_updates         | 1604220  |
|    noise_critic_loss | 12       |
-----------------------------------
-----------------------------------
| rollout/             |          |
|    ep_len_mean       | 75       |
|    ep_rew_mean       | -110     |
| time/                |          |
|    episodes          | 2856     |
|    fps               | 1        |
|    time_elapsed      | 115497   |
|    total_timesteps   | 214200   |
| train/               |          |
|    actor_loss        | 53.2     |
|    critic_loss       | 3.08     |
|    ent_coef          | 0.0423   |
|    ent_coef_loss     | -0.745   |
|    learning_rate     | 0.0003   |
|    n_updates         | 1606470  |
|    noise_critic_loss | 12       |
-----------------------------------
-----------------------------------
| rollout/             |          |
|    ep_len_mean       | 75       |
|    ep_rew_mean       | -111     |
| time/                |          |
|    episodes          | 2860     |
|    fps               | 1        |
|    time_elapsed      | 115615   |
|    total_timesteps   | 214500   |
| train/               |          |
|    actor_loss        | 53.8     |
|    critic_loss       | 2.95     |
|    ent_coef          | 0.0416   |
|    ent_coef_loss     | 1.02     |
|    learning_rate     | 0.0003   |
|    n_updates         | 1608720  |
|    noise_critic_loss | 11.7     |
-----------------------------------
-----------------------------------
| rollout/             |          |
|    ep_len_mean       | 75       |
|    ep_rew_mean       | -109     |
| time/                |          |
|    episodes          | 2864     |
|    fps               | 1        |
|    time_elapsed      | 115735   |
|    total_timesteps   | 214800   |
| train/               |          |
|    actor_loss        | 52.6     |
|    critic_loss       | 3.09     |
|    ent_coef          | 0.0421   |
|    ent_coef_loss     | 0.568    |
|    learning_rate     | 0.0003   |
|    n_updates         | 1610970  |
|    noise_critic_loss | 11.9     |
-----------------------------------
-----------------------------------
| rollout/             |          |
|    ep_len_mean       | 75       |
|    ep_rew_mean       | -112     |
| time/                |          |
|    episodes          | 2868     |
|    fps               | 1        |
|    time_elapsed      | 115854   |
|    total_timesteps   | 215100   |
| train/               |          |
|    actor_loss        | 52.8     |
|    critic_loss       | 3.23     |
|    ent_coef          | 0.0416   |
|    ent_coef_loss     | 0.214    |
|    learning_rate     | 0.0003   |
|    n_updates         | 1613220  |
|    noise_critic_loss | 11.1     |
-----------------------------------
-----------------------------------
| rollout/             |          |
|    ep_len_mean       | 75       |
|    ep_rew_mean       | -113     |
| time/                |          |
|    episodes          | 2872     |
|    fps               | 1        |
|    time_elapsed      | 115973   |
|    total_timesteps   | 215400   |
| train/               |          |
|    actor_loss        | 53.5     |
|    critic_loss       | 3        |
|    ent_coef          | 0.0413   |
|    ent_coef_loss     | 0.59     |
|    learning_rate     | 0.0003   |
|    n_updates         | 1615470  |
|    noise_critic_loss | 12.3     |
-----------------------------------
-----------------------------------
| rollout/             |          |
|    ep_len_mean       | 75       |
|    ep_rew_mean       | -114     |
| time/                |          |
|    episodes          | 2876     |
|    fps               | 1        |
|    time_elapsed      | 116093   |
|    total_timesteps   | 215700   |
| train/               |          |
|    actor_loss        | 53.4     |
|    critic_loss       | 3.2      |
|    ent_coef          | 0.0415   |
|    ent_coef_loss     | -0.021   |
|    learning_rate     | 0.0003   |
|    n_updates         | 1617720  |
|    noise_critic_loss | 11.7     |
-----------------------------------
eval episode 0 at timestep 870004
eval episode 1 at timestep 870004
eval episode 2 at timestep 870004
eval episode 3 at timestep 870004
eval episode 4 at timestep 870004
eval episode 5 at timestep 870004
eval episode 6 at timestep 870004
eval episode 7 at timestep 870004
-----------------------------------
| rollout/             |          |
|    ep_len_mean       | 75       |
|    ep_rew_mean       | -113     |
| time/                |          |
|    episodes          | 2880     |
|    fps               | 1        |
|    time_elapsed      | 118206   |
|    total_timesteps   | 216000   |
| train/               |          |
|    actor_loss        | 53.6     |
|    critic_loss       | 2.95     |
|    ent_coef          | 0.0425   |
|    ent_coef_loss     | 0.0493   |
|    learning_rate     | 0.0003   |
|    n_updates         | 1619970  |
|    noise_critic_loss | 12.6     |
-----------------------------------
-----------------------------------
| rollout/             |          |
|    ep_len_mean       | 75       |
|    ep_rew_mean       | -112     |
| time/                |          |
|    episodes          | 2884     |
|    fps               | 1        |
|    time_elapsed      | 118326   |
|    total_timesteps   | 216300   |
| train/               |          |
|    actor_loss        | 53.4     |
|    critic_loss       | 3.08     |
|    ent_coef          | 0.0407   |
|    ent_coef_loss     | 1.24     |
|    learning_rate     | 0.0003   |
|    n_updates         | 1622220  |
|    noise_critic_loss | 11.6     |
-----------------------------------
-----------------------------------
| rollout/             |          |
|    ep_len_mean       | 75       |
|    ep_rew_mean       | -108     |
| time/                |          |
|    episodes          | 2888     |
|    fps               | 1        |
|    time_elapsed      | 118446   |
|    total_timesteps   | 216600   |
| train/               |          |
|    actor_loss        | 53.8     |
|    critic_loss       | 3.02     |
|    ent_coef          | 0.0414   |
|    ent_coef_loss     | -0.338   |
|    learning_rate     | 0.0003   |
|    n_updates         | 1624470  |
|    noise_critic_loss | 12.4     |
-----------------------------------
-----------------------------------
| rollout/             |          |
|    ep_len_mean       | 75       |
|    ep_rew_mean       | -109     |
| time/                |          |
|    episodes          | 2892     |
|    fps               | 1        |
|    time_elapsed      | 118566   |
|    total_timesteps   | 216900   |
| train/               |          |
|    actor_loss        | 53.4     |
|    critic_loss       | 3.09     |
|    ent_coef          | 0.0426   |
|    ent_coef_loss     | 0.0217   |
|    learning_rate     | 0.0003   |
|    n_updates         | 1626720  |
|    noise_critic_loss | 12       |
-----------------------------------
-----------------------------------
| rollout/             |          |
|    ep_len_mean       | 75       |
|    ep_rew_mean       | -108     |
| time/                |          |
|    episodes          | 2896     |
|    fps               | 1        |
|    time_elapsed      | 118685   |
|    total_timesteps   | 217200   |
| train/               |          |
|    actor_loss        | 53.4     |
|    critic_loss       | 3.23     |
|    ent_coef          | 0.0406   |
|    ent_coef_loss     | 0.456    |
|    learning_rate     | 0.0003   |
|    n_updates         | 1628970  |
|    noise_critic_loss | 12.5     |
-----------------------------------
-----------------------------------
| rollout/             |          |
|    ep_len_mean       | 75       |
|    ep_rew_mean       | -108     |
| time/                |          |
|    episodes          | 2900     |
|    fps               | 1        |
|    time_elapsed      | 118804   |
|    total_timesteps   | 217500   |
| train/               |          |
|    actor_loss        | 53       |
|    critic_loss       | 3.02     |
|    ent_coef          | 0.0415   |
|    ent_coef_loss     | -0.14    |
|    learning_rate     | 0.0003   |
|    n_updates         | 1631220  |
|    noise_critic_loss | 12       |
-----------------------------------
-----------------------------------
| rollout/             |          |
|    ep_len_mean       | 75       |
|    ep_rew_mean       | -112     |
| time/                |          |
|    episodes          | 2904     |
|    fps               | 1        |
|    time_elapsed      | 118923   |
|    total_timesteps   | 217800   |
| train/               |          |
|    actor_loss        | 53.1     |
|    critic_loss       | 3.01     |
|    ent_coef          | 0.0419   |
|    ent_coef_loss     | -0.529   |
|    learning_rate     | 0.0003   |
|    n_updates         | 1633470  |
|    noise_critic_loss | 12       |
-----------------------------------
-----------------------------------
| rollout/             |          |
|    ep_len_mean       | 75       |
|    ep_rew_mean       | -112     |
| time/                |          |
|    episodes          | 2908     |
|    fps               | 1        |
|    time_elapsed      | 119043   |
|    total_timesteps   | 218100   |
| train/               |          |
|    actor_loss        | 53.1     |
|    critic_loss       | 3.13     |
|    ent_coef          | 0.0417   |
|    ent_coef_loss     | -0.874   |
|    learning_rate     | 0.0003   |
|    n_updates         | 1635720  |
|    noise_critic_loss | 11.8     |
-----------------------------------
-----------------------------------
| rollout/             |          |
|    ep_len_mean       | 75       |
|    ep_rew_mean       | -115     |
| time/                |          |
|    episodes          | 2912     |
|    fps               | 1        |
|    time_elapsed      | 119162   |
|    total_timesteps   | 218400   |
| train/               |          |
|    actor_loss        | 53.9     |
|    critic_loss       | 3.05     |
|    ent_coef          | 0.0426   |
|    ent_coef_loss     | -0.294   |
|    learning_rate     | 0.0003   |
|    n_updates         | 1637970  |
|    noise_critic_loss | 12.2     |
-----------------------------------
-----------------------------------
| rollout/             |          |
|    ep_len_mean       | 75       |
|    ep_rew_mean       | -113     |
| time/                |          |
|    episodes          | 2916     |
|    fps               | 1        |
|    time_elapsed      | 119283   |
|    total_timesteps   | 218700   |
| train/               |          |
|    actor_loss        | 53.9     |
|    critic_loss       | 3.03     |
|    ent_coef          | 0.0415   |
|    ent_coef_loss     | 1.09     |
|    learning_rate     | 0.0003   |
|    n_updates         | 1640220  |
|    noise_critic_loss | 11.9     |
-----------------------------------
-----------------------------------
| rollout/             |          |
|    ep_len_mean       | 75       |
|    ep_rew_mean       | -116     |
| time/                |          |
|    episodes          | 2920     |
|    fps               | 1        |
|    time_elapsed      | 119403   |
|    total_timesteps   | 219000   |
| train/               |          |
|    actor_loss        | 53.7     |
|    critic_loss       | 3.18     |
|    ent_coef          | 0.0411   |
|    ent_coef_loss     | 0.231    |
|    learning_rate     | 0.0003   |
|    n_updates         | 1642470  |
|    noise_critic_loss | 11.2     |
-----------------------------------
-----------------------------------
| rollout/             |          |
|    ep_len_mean       | 75       |
|    ep_rew_mean       | -114     |
| time/                |          |
|    episodes          | 2924     |
|    fps               | 1        |
|    time_elapsed      | 119522   |
|    total_timesteps   | 219300   |
| train/               |          |
|    actor_loss        | 53.8     |
|    critic_loss       | 3.17     |
|    ent_coef          | 0.0421   |
|    ent_coef_loss     | 0.281    |
|    learning_rate     | 0.0003   |
|    n_updates         | 1644720  |
|    noise_critic_loss | 11.9     |
-----------------------------------
-----------------------------------
| rollout/             |          |
|    ep_len_mean       | 75       |
|    ep_rew_mean       | -116     |
| time/                |          |
|    episodes          | 2928     |
|    fps               | 1        |
|    time_elapsed      | 119641   |
|    total_timesteps   | 219600   |
| train/               |          |
|    actor_loss        | 53.4     |
|    critic_loss       | 3.3      |
|    ent_coef          | 0.0413   |
|    ent_coef_loss     | -0.591   |
|    learning_rate     | 0.0003   |
|    n_updates         | 1646970  |
|    noise_critic_loss | 11.7     |
-----------------------------------
-----------------------------------
| rollout/             |          |
|    ep_len_mean       | 75       |
|    ep_rew_mean       | -116     |
| time/                |          |
|    episodes          | 2932     |
|    fps               | 1        |
|    time_elapsed      | 119761   |
|    total_timesteps   | 219900   |
| train/               |          |
|    actor_loss        | 53.6     |
|    critic_loss       | 3.23     |
|    ent_coef          | 0.041    |
|    ent_coef_loss     | 0.611    |
|    learning_rate     | 0.0003   |
|    n_updates         | 1649220  |
|    noise_critic_loss | 11.5     |
-----------------------------------
-----------------------------------
| rollout/             |          |
|    ep_len_mean       | 75       |
|    ep_rew_mean       | -115     |
| time/                |          |
|    episodes          | 2936     |
|    fps               | 1        |
|    time_elapsed      | 119880   |
|    total_timesteps   | 220200   |
| train/               |          |
|    actor_loss        | 53.1     |
|    critic_loss       | 3.14     |
|    ent_coef          | 0.0421   |
|    ent_coef_loss     | -0.328   |
|    learning_rate     | 0.0003   |
|    n_updates         | 1651470  |
|    noise_critic_loss | 12.4     |
-----------------------------------
-----------------------------------
| rollout/             |          |
|    ep_len_mean       | 75       |
|    ep_rew_mean       | -113     |
| time/                |          |
|    episodes          | 2940     |
|    fps               | 1        |
|    time_elapsed      | 119999   |
|    total_timesteps   | 220500   |
| train/               |          |
|    actor_loss        | 53.1     |
|    critic_loss       | 3.05     |
|    ent_coef          | 0.042    |
|    ent_coef_loss     | -0.457   |
|    learning_rate     | 0.0003   |
|    n_updates         | 1653720  |
|    noise_critic_loss | 12       |
-----------------------------------
-----------------------------------
| rollout/             |          |
|    ep_len_mean       | 75       |
|    ep_rew_mean       | -113     |
| time/                |          |
|    episodes          | 2944     |
|    fps               | 1        |
|    time_elapsed      | 120119   |
|    total_timesteps   | 220800   |
| train/               |          |
|    actor_loss        | 53.4     |
|    critic_loss       | 3.29     |
|    ent_coef          | 0.0424   |
|    ent_coef_loss     | 0.0117   |
|    learning_rate     | 0.0003   |
|    n_updates         | 1655970  |
|    noise_critic_loss | 12.2     |
-----------------------------------
-----------------------------------
| rollout/             |          |
|    ep_len_mean       | 75       |
|    ep_rew_mean       | -114     |
| time/                |          |
|    episodes          | 2948     |
|    fps               | 1        |
|    time_elapsed      | 120239   |
|    total_timesteps   | 221100   |
| train/               |          |
|    actor_loss        | 53.4     |
|    critic_loss       | 3.47     |
|    ent_coef          | 0.0419   |
|    ent_coef_loss     | 0.926    |
|    learning_rate     | 0.0003   |
|    n_updates         | 1658220  |
|    noise_critic_loss | 11.8     |
-----------------------------------
-----------------------------------
| rollout/             |          |
|    ep_len_mean       | 75       |
|    ep_rew_mean       | -115     |
| time/                |          |
|    episodes          | 2952     |
|    fps               | 1        |
|    time_elapsed      | 120358   |
|    total_timesteps   | 221400   |
| train/               |          |
|    actor_loss        | 53.3     |
|    critic_loss       | 3        |
|    ent_coef          | 0.042    |
|    ent_coef_loss     | -0.0596  |
|    learning_rate     | 0.0003   |
|    n_updates         | 1660470  |
|    noise_critic_loss | 11.8     |
-----------------------------------
-----------------------------------
| rollout/             |          |
|    ep_len_mean       | 75       |
|    ep_rew_mean       | -114     |
| time/                |          |
|    episodes          | 2956     |
|    fps               | 1        |
|    time_elapsed      | 120478   |
|    total_timesteps   | 221700   |
| train/               |          |
|    actor_loss        | 53.4     |
|    critic_loss       | 3.07     |
|    ent_coef          | 0.0419   |
|    ent_coef_loss     | 0.372    |
|    learning_rate     | 0.0003   |
|    n_updates         | 1662720  |
|    noise_critic_loss | 12.3     |
-----------------------------------
-----------------------------------
| rollout/             |          |
|    ep_len_mean       | 75       |
|    ep_rew_mean       | -113     |
| time/                |          |
|    episodes          | 2960     |
|    fps               | 1        |
|    time_elapsed      | 120597   |
|    total_timesteps   | 222000   |
| train/               |          |
|    actor_loss        | 53       |
|    critic_loss       | 3.21     |
|    ent_coef          | 0.0413   |
|    ent_coef_loss     | 0.321    |
|    learning_rate     | 0.0003   |
|    n_updates         | 1664970  |
|    noise_critic_loss | 11.9     |
-----------------------------------
-----------------------------------
| rollout/             |          |
|    ep_len_mean       | 75       |
|    ep_rew_mean       | -115     |
| time/                |          |
|    episodes          | 2964     |
|    fps               | 1        |
|    time_elapsed      | 120716   |
|    total_timesteps   | 222300   |
| train/               |          |
|    actor_loss        | 53.2     |
|    critic_loss       | 3.2      |
|    ent_coef          | 0.0413   |
|    ent_coef_loss     | -0.496   |
|    learning_rate     | 0.0003   |
|    n_updates         | 1667220  |
|    noise_critic_loss | 11.7     |
-----------------------------------
-----------------------------------
| rollout/             |          |
|    ep_len_mean       | 75       |
|    ep_rew_mean       | -112     |
| time/                |          |
|    episodes          | 2968     |
|    fps               | 1        |
|    time_elapsed      | 120835   |
|    total_timesteps   | 222600   |
| train/               |          |
|    actor_loss        | 52.5     |
|    critic_loss       | 3.32     |
|    ent_coef          | 0.0414   |
|    ent_coef_loss     | -0.38    |
|    learning_rate     | 0.0003   |
|    n_updates         | 1669470  |
|    noise_critic_loss | 12.2     |
-----------------------------------
-----------------------------------
| rollout/             |          |
|    ep_len_mean       | 75       |
|    ep_rew_mean       | -110     |
| time/                |          |
|    episodes          | 2972     |
|    fps               | 1        |
|    time_elapsed      | 120956   |
|    total_timesteps   | 222900   |
| train/               |          |
|    actor_loss        | 52.8     |
|    critic_loss       | 3.01     |
|    ent_coef          | 0.0421   |
|    ent_coef_loss     | -0.878   |
|    learning_rate     | 0.0003   |
|    n_updates         | 1671720  |
|    noise_critic_loss | 11.6     |
-----------------------------------
-----------------------------------
| rollout/             |          |
|    ep_len_mean       | 75       |
|    ep_rew_mean       | -110     |
| time/                |          |
|    episodes          | 2976     |
|    fps               | 1        |
|    time_elapsed      | 121075   |
|    total_timesteps   | 223200   |
| train/               |          |
|    actor_loss        | 53.4     |
|    critic_loss       | 3.15     |
|    ent_coef          | 0.0415   |
|    ent_coef_loss     | 0.932    |
|    learning_rate     | 0.0003   |
|    n_updates         | 1673970  |
|    noise_critic_loss | 10.9     |
-----------------------------------
-----------------------------------
| rollout/             |          |
|    ep_len_mean       | 75       |
|    ep_rew_mean       | -110     |
| time/                |          |
|    episodes          | 2980     |
|    fps               | 1        |
|    time_elapsed      | 121194   |
|    total_timesteps   | 223500   |
| train/               |          |
|    actor_loss        | 53.1     |
|    critic_loss       | 3.03     |
|    ent_coef          | 0.042    |
|    ent_coef_loss     | 0.0265   |
|    learning_rate     | 0.0003   |
|    n_updates         | 1676220  |
|    noise_critic_loss | 12       |
-----------------------------------
-----------------------------------
| rollout/             |          |
|    ep_len_mean       | 75       |
|    ep_rew_mean       | -111     |
| time/                |          |
|    episodes          | 2984     |
|    fps               | 1        |
|    time_elapsed      | 121314   |
|    total_timesteps   | 223800   |
| train/               |          |
|    actor_loss        | 52.7     |
|    critic_loss       | 3.34     |
|    ent_coef          | 0.0416   |
|    ent_coef_loss     | 0.935    |
|    learning_rate     | 0.0003   |
|    n_updates         | 1678470  |
|    noise_critic_loss | 11.9     |
-----------------------------------
-----------------------------------
| rollout/             |          |
|    ep_len_mean       | 75       |
|    ep_rew_mean       | -113     |
| time/                |          |
|    episodes          | 2988     |
|    fps               | 1        |
|    time_elapsed      | 121434   |
|    total_timesteps   | 224100   |
| train/               |          |
|    actor_loss        | 52.8     |
|    critic_loss       | 2.98     |
|    ent_coef          | 0.0414   |
|    ent_coef_loss     | 0.428    |
|    learning_rate     | 0.0003   |
|    n_updates         | 1680720  |
|    noise_critic_loss | 11.7     |
-----------------------------------
-----------------------------------
| rollout/             |          |
|    ep_len_mean       | 75       |
|    ep_rew_mean       | -115     |
| time/                |          |
|    episodes          | 2992     |
|    fps               | 1        |
|    time_elapsed      | 121554   |
|    total_timesteps   | 224400   |
| train/               |          |
|    actor_loss        | 53       |
|    critic_loss       | 3.48     |
|    ent_coef          | 0.0418   |
|    ent_coef_loss     | -1.03    |
|    learning_rate     | 0.0003   |
|    n_updates         | 1682970  |
|    noise_critic_loss | 13       |
-----------------------------------
-----------------------------------
| rollout/             |          |
|    ep_len_mean       | 75       |
|    ep_rew_mean       | -116     |
| time/                |          |
|    episodes          | 2996     |
|    fps               | 1        |
|    time_elapsed      | 121673   |
|    total_timesteps   | 224700   |
| train/               |          |
|    actor_loss        | 53.3     |
|    critic_loss       | 3.23     |
|    ent_coef          | 0.0421   |
|    ent_coef_loss     | -0.0447  |
|    learning_rate     | 0.0003   |
|    n_updates         | 1685220  |
|    noise_critic_loss | 11.8     |
-----------------------------------
-----------------------------------
| rollout/             |          |
|    ep_len_mean       | 75       |
|    ep_rew_mean       | -118     |
| time/                |          |
|    episodes          | 3000     |
|    fps               | 1        |
|    time_elapsed      | 121792   |
|    total_timesteps   | 225000   |
| train/               |          |
|    actor_loss        | 53.6     |
|    critic_loss       | 3.25     |
|    ent_coef          | 0.0421   |
|    ent_coef_loss     | 0.508    |
|    learning_rate     | 0.0003   |
|    n_updates         | 1687470  |
|    noise_critic_loss | 11.7     |
-----------------------------------
-----------------------------------
| rollout/             |          |
|    ep_len_mean       | 75       |
|    ep_rew_mean       | -116     |
| time/                |          |
|    episodes          | 3004     |
|    fps               | 1        |
|    time_elapsed      | 121912   |
|    total_timesteps   | 225300   |
| train/               |          |
|    actor_loss        | 53.3     |
|    critic_loss       | 3.31     |
|    ent_coef          | 0.0415   |
|    ent_coef_loss     | 0.367    |
|    learning_rate     | 0.0003   |
|    n_updates         | 1689720  |
|    noise_critic_loss | 12       |
-----------------------------------
-----------------------------------
| rollout/             |          |
|    ep_len_mean       | 75       |
|    ep_rew_mean       | -118     |
| time/                |          |
|    episodes          | 3008     |
|    fps               | 1        |
|    time_elapsed      | 122032   |
|    total_timesteps   | 225600   |
| train/               |          |
|    actor_loss        | 53.3     |
|    critic_loss       | 3.14     |
|    ent_coef          | 0.0418   |
|    ent_coef_loss     | -0.0519  |
|    learning_rate     | 0.0003   |
|    n_updates         | 1691970  |
|    noise_critic_loss | 12.8     |
-----------------------------------
-----------------------------------
| rollout/             |          |
|    ep_len_mean       | 75       |
|    ep_rew_mean       | -114     |
| time/                |          |
|    episodes          | 3012     |
|    fps               | 1        |
|    time_elapsed      | 122152   |
|    total_timesteps   | 225900   |
| train/               |          |
|    actor_loss        | 53.3     |
|    critic_loss       | 3.19     |
|    ent_coef          | 0.0417   |
|    ent_coef_loss     | -0.736   |
|    learning_rate     | 0.0003   |
|    n_updates         | 1694220  |
|    noise_critic_loss | 12.6     |
-----------------------------------
-----------------------------------
| rollout/             |          |
|    ep_len_mean       | 75       |
|    ep_rew_mean       | -115     |
| time/                |          |
|    episodes          | 3016     |
|    fps               | 1        |
|    time_elapsed      | 122271   |
|    total_timesteps   | 226200   |
| train/               |          |
|    actor_loss        | 53.4     |
|    critic_loss       | 3.21     |
|    ent_coef          | 0.0414   |
|    ent_coef_loss     | 0.282    |
|    learning_rate     | 0.0003   |
|    n_updates         | 1696470  |
|    noise_critic_loss | 11.7     |
-----------------------------------
-----------------------------------
| rollout/             |          |
|    ep_len_mean       | 75       |
|    ep_rew_mean       | -113     |
| time/                |          |
|    episodes          | 3020     |
|    fps               | 1        |
|    time_elapsed      | 122391   |
|    total_timesteps   | 226500   |
| train/               |          |
|    actor_loss        | 53.1     |
|    critic_loss       | 3.29     |
|    ent_coef          | 0.0421   |
|    ent_coef_loss     | 0.772    |
|    learning_rate     | 0.0003   |
|    n_updates         | 1698720  |
|    noise_critic_loss | 12.2     |
-----------------------------------
-----------------------------------
| rollout/             |          |
|    ep_len_mean       | 75       |
|    ep_rew_mean       | -113     |
| time/                |          |
|    episodes          | 3024     |
|    fps               | 1        |
|    time_elapsed      | 122510   |
|    total_timesteps   | 226800   |
| train/               |          |
|    actor_loss        | 53.8     |
|    critic_loss       | 3.2      |
|    ent_coef          | 0.0423   |
|    ent_coef_loss     | -0.182   |
|    learning_rate     | 0.0003   |
|    n_updates         | 1700970  |
|    noise_critic_loss | 12.4     |
-----------------------------------
-----------------------------------
| rollout/             |          |
|    ep_len_mean       | 75       |
|    ep_rew_mean       | -113     |
| time/                |          |
|    episodes          | 3028     |
|    fps               | 1        |
|    time_elapsed      | 122630   |
|    total_timesteps   | 227100   |
| train/               |          |
|    actor_loss        | 53.3     |
|    critic_loss       | 3.33     |
|    ent_coef          | 0.0422   |
|    ent_coef_loss     | 0.122    |
|    learning_rate     | 0.0003   |
|    n_updates         | 1703220  |
|    noise_critic_loss | 12.3     |
-----------------------------------
-----------------------------------
| rollout/             |          |
|    ep_len_mean       | 75       |
|    ep_rew_mean       | -113     |
| time/                |          |
|    episodes          | 3032     |
|    fps               | 1        |
|    time_elapsed      | 122749   |
|    total_timesteps   | 227400   |
| train/               |          |
|    actor_loss        | 53.5     |
|    critic_loss       | 3.89     |
|    ent_coef          | 0.0426   |
|    ent_coef_loss     | -0.374   |
|    learning_rate     | 0.0003   |
|    n_updates         | 1705470  |
|    noise_critic_loss | 12.9     |
-----------------------------------
-----------------------------------
| rollout/             |          |
|    ep_len_mean       | 75       |
|    ep_rew_mean       | -113     |
| time/                |          |
|    episodes          | 3036     |
|    fps               | 1        |
|    time_elapsed      | 122868   |
|    total_timesteps   | 227700   |
| train/               |          |
|    actor_loss        | 53.4     |
|    critic_loss       | 3.25     |
|    ent_coef          | 0.0431   |
|    ent_coef_loss     | -0.313   |
|    learning_rate     | 0.0003   |
|    n_updates         | 1707720  |
|    noise_critic_loss | 12.4     |
-----------------------------------
eval episode 0 at timestep 918004
eval episode 1 at timestep 918004
eval episode 2 at timestep 918004
eval episode 3 at timestep 918004
eval episode 4 at timestep 918004
eval episode 5 at timestep 918004
eval episode 6 at timestep 918004
eval episode 7 at timestep 918004
-----------------------------------
| rollout/             |          |
|    ep_len_mean       | 75       |
|    ep_rew_mean       | -116     |
| time/                |          |
|    episodes          | 3040     |
|    fps               | 1        |
|    time_elapsed      | 124981   |
|    total_timesteps   | 228000   |
| train/               |          |
|    actor_loss        | 52.9     |
|    critic_loss       | 3.47     |
|    ent_coef          | 0.0428   |
|    ent_coef_loss     | -1.33    |
|    learning_rate     | 0.0003   |
|    n_updates         | 1709970  |
|    noise_critic_loss | 12.7     |
-----------------------------------
-----------------------------------
| rollout/             |          |
|    ep_len_mean       | 75       |
|    ep_rew_mean       | -116     |
| time/                |          |
|    episodes          | 3044     |
|    fps               | 1        |
|    time_elapsed      | 125101   |
|    total_timesteps   | 228300   |
| train/               |          |
|    actor_loss        | 52.2     |
|    critic_loss       | 3.44     |
|    ent_coef          | 0.0425   |
|    ent_coef_loss     | 0.385    |
|    learning_rate     | 0.0003   |
|    n_updates         | 1712220  |
|    noise_critic_loss | 12.3     |
-----------------------------------
-----------------------------------
| rollout/             |          |
|    ep_len_mean       | 75       |
|    ep_rew_mean       | -115     |
| time/                |          |
|    episodes          | 3048     |
|    fps               | 1        |
|    time_elapsed      | 125220   |
|    total_timesteps   | 228600   |
| train/               |          |
|    actor_loss        | 53       |
|    critic_loss       | 3.22     |
|    ent_coef          | 0.043    |
|    ent_coef_loss     | -0.595   |
|    learning_rate     | 0.0003   |
|    n_updates         | 1714470  |
|    noise_critic_loss | 11.9     |
-----------------------------------
-----------------------------------
| rollout/             |          |
|    ep_len_mean       | 75       |
|    ep_rew_mean       | -117     |
| time/                |          |
|    episodes          | 3052     |
|    fps               | 1        |
|    time_elapsed      | 125339   |
|    total_timesteps   | 228900   |
| train/               |          |
|    actor_loss        | 53.5     |
|    critic_loss       | 3.24     |
|    ent_coef          | 0.0425   |
|    ent_coef_loss     | -0.388   |
|    learning_rate     | 0.0003   |
|    n_updates         | 1716720  |
|    noise_critic_loss | 12       |
-----------------------------------
-----------------------------------
| rollout/             |          |
|    ep_len_mean       | 75       |
|    ep_rew_mean       | -118     |
| time/                |          |
|    episodes          | 3056     |
|    fps               | 1        |
|    time_elapsed      | 125460   |
|    total_timesteps   | 229200   |
| train/               |          |
|    actor_loss        | 53.3     |
|    critic_loss       | 3.5      |
|    ent_coef          | 0.0423   |
|    ent_coef_loss     | 0.134    |
|    learning_rate     | 0.0003   |
|    n_updates         | 1718970  |
|    noise_critic_loss | 12.8     |
-----------------------------------
-----------------------------------
| rollout/             |          |
|    ep_len_mean       | 75       |
|    ep_rew_mean       | -118     |
| time/                |          |
|    episodes          | 3060     |
|    fps               | 1        |
|    time_elapsed      | 125579   |
|    total_timesteps   | 229500   |
| train/               |          |
|    actor_loss        | 53.5     |
|    critic_loss       | 3.24     |
|    ent_coef          | 0.042    |
|    ent_coef_loss     | 0.244    |
|    learning_rate     | 0.0003   |
|    n_updates         | 1721220  |
|    noise_critic_loss | 12.1     |
-----------------------------------
-----------------------------------
| rollout/             |          |
|    ep_len_mean       | 75       |
|    ep_rew_mean       | -118     |
| time/                |          |
|    episodes          | 3064     |
|    fps               | 1        |
|    time_elapsed      | 125699   |
|    total_timesteps   | 229800   |
| train/               |          |
|    actor_loss        | 53.4     |
|    critic_loss       | 3.31     |
|    ent_coef          | 0.0425   |
|    ent_coef_loss     | 0.111    |
|    learning_rate     | 0.0003   |
|    n_updates         | 1723470  |
|    noise_critic_loss | 12.6     |
-----------------------------------
-----------------------------------
| rollout/             |          |
|    ep_len_mean       | 75       |
|    ep_rew_mean       | -118     |
| time/                |          |
|    episodes          | 3068     |
|    fps               | 1        |
|    time_elapsed      | 125818   |
|    total_timesteps   | 230100   |
| train/               |          |
|    actor_loss        | 53.1     |
|    critic_loss       | 3.29     |
|    ent_coef          | 0.0425   |
|    ent_coef_loss     | 0.252    |
|    learning_rate     | 0.0003   |
|    n_updates         | 1725720  |
|    noise_critic_loss | 12.7     |
-----------------------------------
-----------------------------------
| rollout/             |          |
|    ep_len_mean       | 75       |
|    ep_rew_mean       | -120     |
| time/                |          |
|    episodes          | 3072     |
|    fps               | 1        |
|    time_elapsed      | 125938   |
|    total_timesteps   | 230400   |
| train/               |          |
|    actor_loss        | 53.1     |
|    critic_loss       | 3.01     |
|    ent_coef          | 0.0425   |
|    ent_coef_loss     | -0.193   |
|    learning_rate     | 0.0003   |
|    n_updates         | 1727970  |
|    noise_critic_loss | 12.5     |
-----------------------------------
-----------------------------------
| rollout/             |          |
|    ep_len_mean       | 75       |
|    ep_rew_mean       | -120     |
| time/                |          |
|    episodes          | 3076     |
|    fps               | 1        |
|    time_elapsed      | 126058   |
|    total_timesteps   | 230700   |
| train/               |          |
|    actor_loss        | 52.7     |
|    critic_loss       | 3.09     |
|    ent_coef          | 0.0431   |
|    ent_coef_loss     | -0.0249  |
|    learning_rate     | 0.0003   |
|    n_updates         | 1730220  |
|    noise_critic_loss | 13.6     |
-----------------------------------
-----------------------------------
| rollout/             |          |
|    ep_len_mean       | 75       |
|    ep_rew_mean       | -119     |
| time/                |          |
|    episodes          | 3080     |
|    fps               | 1        |
|    time_elapsed      | 126177   |
|    total_timesteps   | 231000   |
| train/               |          |
|    actor_loss        | 53.3     |
|    critic_loss       | 3.29     |
|    ent_coef          | 0.0423   |
|    ent_coef_loss     | -0.803   |
|    learning_rate     | 0.0003   |
|    n_updates         | 1732470  |
|    noise_critic_loss | 13.2     |
-----------------------------------
-----------------------------------
| rollout/             |          |
|    ep_len_mean       | 75       |
|    ep_rew_mean       | -122     |
| time/                |          |
|    episodes          | 3084     |
|    fps               | 1        |
|    time_elapsed      | 126296   |
|    total_timesteps   | 231300   |
| train/               |          |
|    actor_loss        | 53.4     |
|    critic_loss       | 3.34     |
|    ent_coef          | 0.0423   |
|    ent_coef_loss     | 0.203    |
|    learning_rate     | 0.0003   |
|    n_updates         | 1734720  |
|    noise_critic_loss | 13       |
-----------------------------------
-----------------------------------
| rollout/             |          |
|    ep_len_mean       | 75       |
|    ep_rew_mean       | -121     |
| time/                |          |
|    episodes          | 3088     |
|    fps               | 1        |
|    time_elapsed      | 126415   |
|    total_timesteps   | 231600   |
| train/               |          |
|    actor_loss        | 52.8     |
|    critic_loss       | 3.2      |
|    ent_coef          | 0.0427   |
|    ent_coef_loss     | -0.519   |
|    learning_rate     | 0.0003   |
|    n_updates         | 1736970  |
|    noise_critic_loss | 12.1     |
-----------------------------------
-----------------------------------
| rollout/             |          |
|    ep_len_mean       | 75       |
|    ep_rew_mean       | -118     |
| time/                |          |
|    episodes          | 3092     |
|    fps               | 1        |
|    time_elapsed      | 126536   |
|    total_timesteps   | 231900   |
| train/               |          |
|    actor_loss        | 53.4     |
|    critic_loss       | 3.23     |
|    ent_coef          | 0.042    |
|    ent_coef_loss     | 0.297    |
|    learning_rate     | 0.0003   |
|    n_updates         | 1739220  |
|    noise_critic_loss | 12.5     |
-----------------------------------
-----------------------------------
| rollout/             |          |
|    ep_len_mean       | 75       |
|    ep_rew_mean       | -116     |
| time/                |          |
|    episodes          | 3096     |
|    fps               | 1        |
|    time_elapsed      | 126656   |
|    total_timesteps   | 232200   |
| train/               |          |
|    actor_loss        | 53.7     |
|    critic_loss       | 3.29     |
|    ent_coef          | 0.0425   |
|    ent_coef_loss     | -0.625   |
|    learning_rate     | 0.0003   |
|    n_updates         | 1741470  |
|    noise_critic_loss | 12.8     |
-----------------------------------
-----------------------------------
| rollout/             |          |
|    ep_len_mean       | 75       |
|    ep_rew_mean       | -116     |
| time/                |          |
|    episodes          | 3100     |
|    fps               | 1        |
|    time_elapsed      | 126774   |
|    total_timesteps   | 232500   |
| train/               |          |
|    actor_loss        | 53.5     |
|    critic_loss       | 3.3      |
|    ent_coef          | 0.043    |
|    ent_coef_loss     | -1.02    |
|    learning_rate     | 0.0003   |
|    n_updates         | 1743720  |
|    noise_critic_loss | 13       |
-----------------------------------
-----------------------------------
| rollout/             |          |
|    ep_len_mean       | 75       |
|    ep_rew_mean       | -118     |
| time/                |          |
|    episodes          | 3104     |
|    fps               | 1        |
|    time_elapsed      | 126893   |
|    total_timesteps   | 232800   |
| train/               |          |
|    actor_loss        | 53.6     |
|    critic_loss       | 3.21     |
|    ent_coef          | 0.0428   |
|    ent_coef_loss     | -0.351   |
|    learning_rate     | 0.0003   |
|    n_updates         | 1745970  |
|    noise_critic_loss | 12.8     |
-----------------------------------
-----------------------------------
| rollout/             |          |
|    ep_len_mean       | 75       |
|    ep_rew_mean       | -117     |
| time/                |          |
|    episodes          | 3108     |
|    fps               | 1        |
|    time_elapsed      | 127012   |
|    total_timesteps   | 233100   |
| train/               |          |
|    actor_loss        | 53.3     |
|    critic_loss       | 3.31     |
|    ent_coef          | 0.0424   |
|    ent_coef_loss     | -1.03    |
|    learning_rate     | 0.0003   |
|    n_updates         | 1748220  |
|    noise_critic_loss | 13.1     |
-----------------------------------
-----------------------------------
| rollout/             |          |
|    ep_len_mean       | 75       |
|    ep_rew_mean       | -118     |
| time/                |          |
|    episodes          | 3112     |
|    fps               | 1        |
|    time_elapsed      | 127132   |
|    total_timesteps   | 233400   |
| train/               |          |
|    actor_loss        | 53.5     |
|    critic_loss       | 3.53     |
|    ent_coef          | 0.0425   |
|    ent_coef_loss     | -0.914   |
|    learning_rate     | 0.0003   |
|    n_updates         | 1750470  |
|    noise_critic_loss | 12.9     |
-----------------------------------
-----------------------------------
| rollout/             |          |
|    ep_len_mean       | 75       |
|    ep_rew_mean       | -116     |
| time/                |          |
|    episodes          | 3116     |
|    fps               | 1        |
|    time_elapsed      | 127252   |
|    total_timesteps   | 233700   |
| train/               |          |
|    actor_loss        | 53.1     |
|    critic_loss       | 3.41     |
|    ent_coef          | 0.0426   |
|    ent_coef_loss     | 0.306    |
|    learning_rate     | 0.0003   |
|    n_updates         | 1752720  |
|    noise_critic_loss | 13       |
-----------------------------------
-----------------------------------
| rollout/             |          |
|    ep_len_mean       | 75       |
|    ep_rew_mean       | -117     |
| time/                |          |
|    episodes          | 3120     |
|    fps               | 1        |
|    time_elapsed      | 127371   |
|    total_timesteps   | 234000   |
| train/               |          |
|    actor_loss        | 53.7     |
|    critic_loss       | 3.43     |
|    ent_coef          | 0.0427   |
|    ent_coef_loss     | 0.341    |
|    learning_rate     | 0.0003   |
|    n_updates         | 1754970  |
|    noise_critic_loss | 12.8     |
-----------------------------------
-----------------------------------
| rollout/             |          |
|    ep_len_mean       | 75       |
|    ep_rew_mean       | -116     |
| time/                |          |
|    episodes          | 3124     |
|    fps               | 1        |
|    time_elapsed      | 127491   |
|    total_timesteps   | 234300   |
| train/               |          |
|    actor_loss        | 53.1     |
|    critic_loss       | 3.26     |
|    ent_coef          | 0.0423   |
|    ent_coef_loss     | -0.291   |
|    learning_rate     | 0.0003   |
|    n_updates         | 1757220  |
|    noise_critic_loss | 12.9     |
-----------------------------------
-----------------------------------
| rollout/             |          |
|    ep_len_mean       | 75       |
|    ep_rew_mean       | -115     |
| time/                |          |
|    episodes          | 3128     |
|    fps               | 1        |
|    time_elapsed      | 127610   |
|    total_timesteps   | 234600   |
| train/               |          |
|    actor_loss        | 53.4     |
|    critic_loss       | 3.24     |
|    ent_coef          | 0.0429   |
|    ent_coef_loss     | 0.863    |
|    learning_rate     | 0.0003   |
|    n_updates         | 1759470  |
|    noise_critic_loss | 13.9     |
-----------------------------------
-----------------------------------
| rollout/             |          |
|    ep_len_mean       | 75       |
|    ep_rew_mean       | -113     |
| time/                |          |
|    episodes          | 3132     |
|    fps               | 1        |
|    time_elapsed      | 127731   |
|    total_timesteps   | 234900   |
| train/               |          |
|    actor_loss        | 53.6     |
|    critic_loss       | 3.23     |
|    ent_coef          | 0.0429   |
|    ent_coef_loss     | -0.0788  |
|    learning_rate     | 0.0003   |
|    n_updates         | 1761720  |
|    noise_critic_loss | 12.3     |
-----------------------------------
-----------------------------------
| rollout/             |          |
|    ep_len_mean       | 75       |
|    ep_rew_mean       | -111     |
| time/                |          |
|    episodes          | 3136     |
|    fps               | 1        |
|    time_elapsed      | 127851   |
|    total_timesteps   | 235200   |
| train/               |          |
|    actor_loss        | 53.8     |
|    critic_loss       | 3.34     |
|    ent_coef          | 0.0425   |
|    ent_coef_loss     | -0.478   |
|    learning_rate     | 0.0003   |
|    n_updates         | 1763970  |
|    noise_critic_loss | 12.4     |
-----------------------------------
-----------------------------------
| rollout/             |          |
|    ep_len_mean       | 75       |
|    ep_rew_mean       | -110     |
| time/                |          |
|    episodes          | 3140     |
|    fps               | 1        |
|    time_elapsed      | 127971   |
|    total_timesteps   | 235500   |
| train/               |          |
|    actor_loss        | 53.5     |
|    critic_loss       | 3.25     |
|    ent_coef          | 0.0432   |
|    ent_coef_loss     | 0.65     |
|    learning_rate     | 0.0003   |
|    n_updates         | 1766220  |
|    noise_critic_loss | 12.4     |
-----------------------------------
-----------------------------------
| rollout/             |          |
|    ep_len_mean       | 75       |
|    ep_rew_mean       | -112     |
| time/                |          |
|    episodes          | 3144     |
|    fps               | 1        |
|    time_elapsed      | 128092   |
|    total_timesteps   | 235800   |
| train/               |          |
|    actor_loss        | 52.9     |
|    critic_loss       | 3.3      |
|    ent_coef          | 0.0426   |
|    ent_coef_loss     | -1.01    |
|    learning_rate     | 0.0003   |
|    n_updates         | 1768470  |
|    noise_critic_loss | 12.6     |
-----------------------------------
-----------------------------------
| rollout/             |          |
|    ep_len_mean       | 75       |
|    ep_rew_mean       | -112     |
| time/                |          |
|    episodes          | 3148     |
|    fps               | 1        |
|    time_elapsed      | 128211   |
|    total_timesteps   | 236100   |
| train/               |          |
|    actor_loss        | 53.4     |
|    critic_loss       | 3.16     |
|    ent_coef          | 0.0425   |
|    ent_coef_loss     | 0.453    |
|    learning_rate     | 0.0003   |
|    n_updates         | 1770720  |
|    noise_critic_loss | 12.2     |
-----------------------------------
-----------------------------------
| rollout/             |          |
|    ep_len_mean       | 75       |
|    ep_rew_mean       | -111     |
| time/                |          |
|    episodes          | 3152     |
|    fps               | 1        |
|    time_elapsed      | 128331   |
|    total_timesteps   | 236400   |
| train/               |          |
|    actor_loss        | 53.7     |
|    critic_loss       | 3.19     |
|    ent_coef          | 0.0424   |
|    ent_coef_loss     | 0.389    |
|    learning_rate     | 0.0003   |
|    n_updates         | 1772970  |
|    noise_critic_loss | 12.5     |
-----------------------------------
-----------------------------------
| rollout/             |          |
|    ep_len_mean       | 75       |
|    ep_rew_mean       | -110     |
| time/                |          |
|    episodes          | 3156     |
|    fps               | 1        |
|    time_elapsed      | 128450   |
|    total_timesteps   | 236700   |
| train/               |          |
|    actor_loss        | 53.6     |
|    critic_loss       | 3.2      |
|    ent_coef          | 0.0422   |
|    ent_coef_loss     | -0.147   |
|    learning_rate     | 0.0003   |
|    n_updates         | 1775220  |
|    noise_critic_loss | 12.2     |
-----------------------------------
-----------------------------------
| rollout/             |          |
|    ep_len_mean       | 75       |
|    ep_rew_mean       | -109     |
| time/                |          |
|    episodes          | 3160     |
|    fps               | 1        |
|    time_elapsed      | 128570   |
|    total_timesteps   | 237000   |
| train/               |          |
|    actor_loss        | 53.6     |
|    critic_loss       | 3.53     |
|    ent_coef          | 0.0422   |
|    ent_coef_loss     | -0.0234  |
|    learning_rate     | 0.0003   |
|    n_updates         | 1777470  |
|    noise_critic_loss | 12.1     |
-----------------------------------
-----------------------------------
| rollout/             |          |
|    ep_len_mean       | 75       |
|    ep_rew_mean       | -111     |
| time/                |          |
|    episodes          | 3164     |
|    fps               | 1        |
|    time_elapsed      | 128690   |
|    total_timesteps   | 237300   |
| train/               |          |
|    actor_loss        | 53.8     |
|    critic_loss       | 3.5      |
|    ent_coef          | 0.0423   |
|    ent_coef_loss     | 0.199    |
|    learning_rate     | 0.0003   |
|    n_updates         | 1779720  |
|    noise_critic_loss | 12.5     |
-----------------------------------
-----------------------------------
| rollout/             |          |
|    ep_len_mean       | 75       |
|    ep_rew_mean       | -113     |
| time/                |          |
|    episodes          | 3168     |
|    fps               | 1        |
|    time_elapsed      | 128809   |
|    total_timesteps   | 237600   |
| train/               |          |
|    actor_loss        | 53.4     |
|    critic_loss       | 3.35     |
|    ent_coef          | 0.0421   |
|    ent_coef_loss     | -0.574   |
|    learning_rate     | 0.0003   |
|    n_updates         | 1781970  |
|    noise_critic_loss | 13       |
-----------------------------------
-----------------------------------
| rollout/             |          |
|    ep_len_mean       | 75       |
|    ep_rew_mean       | -111     |
| time/                |          |
|    episodes          | 3172     |
|    fps               | 1        |
|    time_elapsed      | 128931   |
|    total_timesteps   | 237900   |
| train/               |          |
|    actor_loss        | 53.5     |
|    critic_loss       | 3.15     |
|    ent_coef          | 0.0419   |
|    ent_coef_loss     | -0.232   |
|    learning_rate     | 0.0003   |
|    n_updates         | 1784220  |
|    noise_critic_loss | 11.9     |
-----------------------------------
-----------------------------------
| rollout/             |          |
|    ep_len_mean       | 75       |
|    ep_rew_mean       | -111     |
| time/                |          |
|    episodes          | 3176     |
|    fps               | 1        |
|    time_elapsed      | 129051   |
|    total_timesteps   | 238200   |
| train/               |          |
|    actor_loss        | 53.2     |
|    critic_loss       | 3.28     |
|    ent_coef          | 0.0425   |
|    ent_coef_loss     | -0.497   |
|    learning_rate     | 0.0003   |
|    n_updates         | 1786470  |
|    noise_critic_loss | 12.2     |
-----------------------------------
-----------------------------------
| rollout/             |          |
|    ep_len_mean       | 75       |
|    ep_rew_mean       | -111     |
| time/                |          |
|    episodes          | 3180     |
|    fps               | 1        |
|    time_elapsed      | 129170   |
|    total_timesteps   | 238500   |
| train/               |          |
|    actor_loss        | 53.4     |
|    critic_loss       | 3.25     |
|    ent_coef          | 0.0422   |
|    ent_coef_loss     | 0.528    |
|    learning_rate     | 0.0003   |
|    n_updates         | 1788720  |
|    noise_critic_loss | 12.2     |
-----------------------------------
-----------------------------------
| rollout/             |          |
|    ep_len_mean       | 75       |
|    ep_rew_mean       | -109     |
| time/                |          |
|    episodes          | 3184     |
|    fps               | 1        |
|    time_elapsed      | 129290   |
|    total_timesteps   | 238800   |
| train/               |          |
|    actor_loss        | 53.2     |
|    critic_loss       | 3.24     |
|    ent_coef          | 0.0423   |
|    ent_coef_loss     | -0.0996  |
|    learning_rate     | 0.0003   |
|    n_updates         | 1790970  |
|    noise_critic_loss | 12.3     |
-----------------------------------
-----------------------------------
| rollout/             |          |
|    ep_len_mean       | 75       |
|    ep_rew_mean       | -108     |
| time/                |          |
|    episodes          | 3188     |
|    fps               | 1        |
|    time_elapsed      | 129411   |
|    total_timesteps   | 239100   |
| train/               |          |
|    actor_loss        | 52.5     |
|    critic_loss       | 3.23     |
|    ent_coef          | 0.0428   |
|    ent_coef_loss     | 0.463    |
|    learning_rate     | 0.0003   |
|    n_updates         | 1793220  |
|    noise_critic_loss | 12.2     |
-----------------------------------
-----------------------------------
| rollout/             |          |
|    ep_len_mean       | 75       |
|    ep_rew_mean       | -109     |
| time/                |          |
|    episodes          | 3192     |
|    fps               | 1        |
|    time_elapsed      | 129530   |
|    total_timesteps   | 239400   |
| train/               |          |
|    actor_loss        | 53.5     |
|    critic_loss       | 3.23     |
|    ent_coef          | 0.0425   |
|    ent_coef_loss     | -0.26    |
|    learning_rate     | 0.0003   |
|    n_updates         | 1795470  |
|    noise_critic_loss | 12.7     |
-----------------------------------
-----------------------------------
| rollout/             |          |
|    ep_len_mean       | 75       |
|    ep_rew_mean       | -109     |
| time/                |          |
|    episodes          | 3196     |
|    fps               | 1        |
|    time_elapsed      | 129650   |
|    total_timesteps   | 239700   |
| train/               |          |
|    actor_loss        | 53.6     |
|    critic_loss       | 3.18     |
|    ent_coef          | 0.0433   |
|    ent_coef_loss     | -0.294   |
|    learning_rate     | 0.0003   |
|    n_updates         | 1797720  |
|    noise_critic_loss | 12       |
-----------------------------------
eval episode 0 at timestep 966004
eval episode 1 at timestep 966004
eval episode 2 at timestep 966004
eval episode 3 at timestep 966004
eval episode 4 at timestep 966004
eval episode 5 at timestep 966004
eval episode 6 at timestep 966004
eval episode 7 at timestep 966004
-----------------------------------
| rollout/             |          |
|    ep_len_mean       | 75       |
|    ep_rew_mean       | -108     |
| time/                |          |
|    episodes          | 3200     |
|    fps               | 1        |
|    time_elapsed      | 131711   |
|    total_timesteps   | 240000   |
| train/               |          |
|    actor_loss        | 53.2     |
|    critic_loss       | 3.54     |
|    ent_coef          | 0.0428   |
|    ent_coef_loss     | -0.0102  |
|    learning_rate     | 0.0003   |
|    n_updates         | 1799970  |
|    noise_critic_loss | 12.1     |
-----------------------------------
-----------------------------------
| rollout/             |          |
|    ep_len_mean       | 75       |
|    ep_rew_mean       | -105     |
| time/                |          |
|    episodes          | 3204     |
|    fps               | 1        |
|    time_elapsed      | 131826   |
|    total_timesteps   | 240300   |
| train/               |          |
|    actor_loss        | 52.6     |
|    critic_loss       | 2.99     |
|    ent_coef          | 0.0427   |
|    ent_coef_loss     | -0.603   |
|    learning_rate     | 0.0003   |
|    n_updates         | 1802220  |
|    noise_critic_loss | 11.8     |
-----------------------------------
-----------------------------------
| rollout/             |          |
|    ep_len_mean       | 75       |
|    ep_rew_mean       | -103     |
| time/                |          |
|    episodes          | 3208     |
|    fps               | 1        |
|    time_elapsed      | 131942   |
|    total_timesteps   | 240600   |
| train/               |          |
|    actor_loss        | 53.2     |
|    critic_loss       | 3.25     |
|    ent_coef          | 0.0425   |
|    ent_coef_loss     | 1.1      |
|    learning_rate     | 0.0003   |
|    n_updates         | 1804470  |
|    noise_critic_loss | 12.2     |
-----------------------------------
-----------------------------------
| rollout/             |          |
|    ep_len_mean       | 75       |
|    ep_rew_mean       | -104     |
| time/                |          |
|    episodes          | 3212     |
|    fps               | 1        |
|    time_elapsed      | 132056   |
|    total_timesteps   | 240900   |
| train/               |          |
|    actor_loss        | 53.4     |
|    critic_loss       | 3.21     |
|    ent_coef          | 0.0424   |
|    ent_coef_loss     | 1.54     |
|    learning_rate     | 0.0003   |
|    n_updates         | 1806720  |
|    noise_critic_loss | 12.1     |
-----------------------------------
-----------------------------------
| rollout/             |          |
|    ep_len_mean       | 75       |
|    ep_rew_mean       | -106     |
| time/                |          |
|    episodes          | 3216     |
|    fps               | 1        |
|    time_elapsed      | 132171   |
|    total_timesteps   | 241200   |
| train/               |          |
|    actor_loss        | 53.5     |
|    critic_loss       | 3.48     |
|    ent_coef          | 0.043    |
|    ent_coef_loss     | 0.0958   |
|    learning_rate     | 0.0003   |
|    n_updates         | 1808970  |
|    noise_critic_loss | 11.6     |
-----------------------------------
-----------------------------------
| rollout/             |          |
|    ep_len_mean       | 75       |
|    ep_rew_mean       | -105     |
| time/                |          |
|    episodes          | 3220     |
|    fps               | 1        |
|    time_elapsed      | 132286   |
|    total_timesteps   | 241500   |
| train/               |          |
|    actor_loss        | 53.7     |
|    critic_loss       | 3.18     |
|    ent_coef          | 0.0428   |
|    ent_coef_loss     | -0.038   |
|    learning_rate     | 0.0003   |
|    n_updates         | 1811220  |
|    noise_critic_loss | 12.4     |
-----------------------------------
-----------------------------------
| rollout/             |          |
|    ep_len_mean       | 75       |
|    ep_rew_mean       | -107     |
| time/                |          |
|    episodes          | 3224     |
|    fps               | 1        |
|    time_elapsed      | 132399   |
|    total_timesteps   | 241800   |
| train/               |          |
|    actor_loss        | 53.4     |
|    critic_loss       | 3.16     |
|    ent_coef          | 0.0425   |
|    ent_coef_loss     | -0.0545  |
|    learning_rate     | 0.0003   |
|    n_updates         | 1813470  |
|    noise_critic_loss | 11.8     |
-----------------------------------
-----------------------------------
| rollout/             |          |
|    ep_len_mean       | 75       |
|    ep_rew_mean       | -107     |
| time/                |          |
|    episodes          | 3228     |
|    fps               | 1        |
|    time_elapsed      | 132514   |
|    total_timesteps   | 242100   |
| train/               |          |
|    actor_loss        | 53.4     |
|    critic_loss       | 3.27     |
|    ent_coef          | 0.0416   |
|    ent_coef_loss     | 0.353    |
|    learning_rate     | 0.0003   |
|    n_updates         | 1815720  |
|    noise_critic_loss | 12.3     |
-----------------------------------
-----------------------------------
| rollout/             |          |
|    ep_len_mean       | 75       |
|    ep_rew_mean       | -107     |
| time/                |          |
|    episodes          | 3232     |
|    fps               | 1        |
|    time_elapsed      | 132629   |
|    total_timesteps   | 242400   |
| train/               |          |
|    actor_loss        | 53.7     |
|    critic_loss       | 3.31     |
|    ent_coef          | 0.0417   |
|    ent_coef_loss     | -0.162   |
|    learning_rate     | 0.0003   |
|    n_updates         | 1817970  |
|    noise_critic_loss | 11.2     |
-----------------------------------
-----------------------------------
| rollout/             |          |
|    ep_len_mean       | 75       |
|    ep_rew_mean       | -109     |
| time/                |          |
|    episodes          | 3236     |
|    fps               | 1        |
|    time_elapsed      | 132743   |
|    total_timesteps   | 242700   |
| train/               |          |
|    actor_loss        | 53.6     |
|    critic_loss       | 3.21     |
|    ent_coef          | 0.0421   |
|    ent_coef_loss     | -0.703   |
|    learning_rate     | 0.0003   |
|    n_updates         | 1820220  |
|    noise_critic_loss | 11.7     |
-----------------------------------
-----------------------------------
| rollout/             |          |
|    ep_len_mean       | 75       |
|    ep_rew_mean       | -109     |
| time/                |          |
|    episodes          | 3240     |
|    fps               | 1        |
|    time_elapsed      | 132857   |
|    total_timesteps   | 243000   |
| train/               |          |
|    actor_loss        | 54       |
|    critic_loss       | 3.14     |
|    ent_coef          | 0.0421   |
|    ent_coef_loss     | 1.04     |
|    learning_rate     | 0.0003   |
|    n_updates         | 1822470  |
|    noise_critic_loss | 11.6     |
-----------------------------------
-----------------------------------
| rollout/             |          |
|    ep_len_mean       | 75       |
|    ep_rew_mean       | -109     |
| time/                |          |
|    episodes          | 3244     |
|    fps               | 1        |
|    time_elapsed      | 132972   |
|    total_timesteps   | 243300   |
| train/               |          |
|    actor_loss        | 53.5     |
|    critic_loss       | 3.73     |
|    ent_coef          | 0.0419   |
|    ent_coef_loss     | 0.958    |
|    learning_rate     | 0.0003   |
|    n_updates         | 1824720  |
|    noise_critic_loss | 12.5     |
-----------------------------------
-----------------------------------
| rollout/             |          |
|    ep_len_mean       | 75       |
|    ep_rew_mean       | -110     |
| time/                |          |
|    episodes          | 3248     |
|    fps               | 1        |
|    time_elapsed      | 133086   |
|    total_timesteps   | 243600   |
| train/               |          |
|    actor_loss        | 53.7     |
|    critic_loss       | 3.38     |
|    ent_coef          | 0.0417   |
|    ent_coef_loss     | 0.498    |
|    learning_rate     | 0.0003   |
|    n_updates         | 1826970  |
|    noise_critic_loss | 13.2     |
-----------------------------------
-----------------------------------
| rollout/             |          |
|    ep_len_mean       | 75       |
|    ep_rew_mean       | -110     |
| time/                |          |
|    episodes          | 3252     |
|    fps               | 1        |
|    time_elapsed      | 133201   |
|    total_timesteps   | 243900   |
| train/               |          |
|    actor_loss        | 53.9     |
|    critic_loss       | 3.12     |
|    ent_coef          | 0.0418   |
|    ent_coef_loss     | 0.0571   |
|    learning_rate     | 0.0003   |
|    n_updates         | 1829220  |
|    noise_critic_loss | 12.4     |
-----------------------------------
-----------------------------------
| rollout/             |          |
|    ep_len_mean       | 75       |
|    ep_rew_mean       | -110     |
| time/                |          |
|    episodes          | 3256     |
|    fps               | 1        |
|    time_elapsed      | 133316   |
|    total_timesteps   | 244200   |
| train/               |          |
|    actor_loss        | 53.5     |
|    critic_loss       | 3.16     |
|    ent_coef          | 0.0422   |
|    ent_coef_loss     | 0.142    |
|    learning_rate     | 0.0003   |
|    n_updates         | 1831470  |
|    noise_critic_loss | 12.7     |
-----------------------------------
-----------------------------------
| rollout/             |          |
|    ep_len_mean       | 75       |
|    ep_rew_mean       | -111     |
| time/                |          |
|    episodes          | 3260     |
|    fps               | 1        |
|    time_elapsed      | 133431   |
|    total_timesteps   | 244500   |
| train/               |          |
|    actor_loss        | 54       |
|    critic_loss       | 3.41     |
|    ent_coef          | 0.0422   |
|    ent_coef_loss     | 0.337    |
|    learning_rate     | 0.0003   |
|    n_updates         | 1833720  |
|    noise_critic_loss | 12.8     |
-----------------------------------
-----------------------------------
| rollout/             |          |
|    ep_len_mean       | 75       |
|    ep_rew_mean       | -110     |
| time/                |          |
|    episodes          | 3264     |
|    fps               | 1        |
|    time_elapsed      | 133545   |
|    total_timesteps   | 244800   |
| train/               |          |
|    actor_loss        | 53.7     |
|    critic_loss       | 3.37     |
|    ent_coef          | 0.0426   |
|    ent_coef_loss     | 0.116    |
|    learning_rate     | 0.0003   |
|    n_updates         | 1835970  |
|    noise_critic_loss | 12.4     |
-----------------------------------
-----------------------------------
| rollout/             |          |
|    ep_len_mean       | 75       |
|    ep_rew_mean       | -108     |
| time/                |          |
|    episodes          | 3268     |
|    fps               | 1        |
|    time_elapsed      | 133661   |
|    total_timesteps   | 245100   |
| train/               |          |
|    actor_loss        | 53.7     |
|    critic_loss       | 3.33     |
|    ent_coef          | 0.042    |
|    ent_coef_loss     | 0.161    |
|    learning_rate     | 0.0003   |
|    n_updates         | 1838220  |
|    noise_critic_loss | 12.7     |
-----------------------------------
-----------------------------------
| rollout/             |          |
|    ep_len_mean       | 75       |
|    ep_rew_mean       | -111     |
| time/                |          |
|    episodes          | 3272     |
|    fps               | 1        |
|    time_elapsed      | 133774   |
|    total_timesteps   | 245400   |
| train/               |          |
|    actor_loss        | 53.6     |
|    critic_loss       | 3.22     |
|    ent_coef          | 0.0424   |
|    ent_coef_loss     | -0.661   |
|    learning_rate     | 0.0003   |
|    n_updates         | 1840470  |
|    noise_critic_loss | 12.4     |
-----------------------------------
-----------------------------------
| rollout/             |          |
|    ep_len_mean       | 75       |
|    ep_rew_mean       | -111     |
| time/                |          |
|    episodes          | 3276     |
|    fps               | 1        |
|    time_elapsed      | 133889   |
|    total_timesteps   | 245700   |
| train/               |          |
|    actor_loss        | 53.1     |
|    critic_loss       | 3.32     |
|    ent_coef          | 0.0424   |
|    ent_coef_loss     | 0.000976 |
|    learning_rate     | 0.0003   |
|    n_updates         | 1842720  |
|    noise_critic_loss | 12.6     |
-----------------------------------
-----------------------------------
| rollout/             |          |
|    ep_len_mean       | 75       |
|    ep_rew_mean       | -113     |
| time/                |          |
|    episodes          | 3280     |
|    fps               | 1        |
|    time_elapsed      | 134004   |
|    total_timesteps   | 246000   |
| train/               |          |
|    actor_loss        | 54       |
|    critic_loss       | 3.68     |
|    ent_coef          | 0.0415   |
|    ent_coef_loss     | 0.028    |
|    learning_rate     | 0.0003   |
|    n_updates         | 1844970  |
|    noise_critic_loss | 14.4     |
-----------------------------------
-----------------------------------
| rollout/             |          |
|    ep_len_mean       | 75       |
|    ep_rew_mean       | -114     |
| time/                |          |
|    episodes          | 3284     |
|    fps               | 1        |
|    time_elapsed      | 134120   |
|    total_timesteps   | 246300   |
| train/               |          |
|    actor_loss        | 53.5     |
|    critic_loss       | 3.55     |
|    ent_coef          | 0.042    |
|    ent_coef_loss     | 0.336    |
|    learning_rate     | 0.0003   |
|    n_updates         | 1847220  |
|    noise_critic_loss | 12.2     |
-----------------------------------
-----------------------------------
| rollout/             |          |
|    ep_len_mean       | 75       |
|    ep_rew_mean       | -113     |
| time/                |          |
|    episodes          | 3288     |
|    fps               | 1        |
|    time_elapsed      | 134234   |
|    total_timesteps   | 246600   |
| train/               |          |
|    actor_loss        | 53.8     |
|    critic_loss       | 3.2      |
|    ent_coef          | 0.0417   |
|    ent_coef_loss     | 0.472    |
|    learning_rate     | 0.0003   |
|    n_updates         | 1849470  |
|    noise_critic_loss | 13.2     |
-----------------------------------
-----------------------------------
| rollout/             |          |
|    ep_len_mean       | 75       |
|    ep_rew_mean       | -117     |
| time/                |          |
|    episodes          | 3292     |
|    fps               | 1        |
|    time_elapsed      | 134348   |
|    total_timesteps   | 246900   |
| train/               |          |
|    actor_loss        | 54       |
|    critic_loss       | 3.53     |
|    ent_coef          | 0.0418   |
|    ent_coef_loss     | 1.05     |
|    learning_rate     | 0.0003   |
|    n_updates         | 1851720  |
|    noise_critic_loss | 12.3     |
-----------------------------------
-----------------------------------
| rollout/             |          |
|    ep_len_mean       | 75       |
|    ep_rew_mean       | -117     |
| time/                |          |
|    episodes          | 3296     |
|    fps               | 1        |
|    time_elapsed      | 134462   |
|    total_timesteps   | 247200   |
| train/               |          |
|    actor_loss        | 53.8     |
|    critic_loss       | 3.24     |
|    ent_coef          | 0.0423   |
|    ent_coef_loss     | -0.0342  |
|    learning_rate     | 0.0003   |
|    n_updates         | 1853970  |
|    noise_critic_loss | 12.9     |
-----------------------------------
-----------------------------------
| rollout/             |          |
|    ep_len_mean       | 75       |
|    ep_rew_mean       | -117     |
| time/                |          |
|    episodes          | 3300     |
|    fps               | 1        |
|    time_elapsed      | 134576   |
|    total_timesteps   | 247500   |
| train/               |          |
|    actor_loss        | 53.8     |
|    critic_loss       | 3.4      |
|    ent_coef          | 0.0423   |
|    ent_coef_loss     | -0.889   |
|    learning_rate     | 0.0003   |
|    n_updates         | 1856220  |
|    noise_critic_loss | 13.5     |
-----------------------------------
-----------------------------------
| rollout/             |          |
|    ep_len_mean       | 75       |
|    ep_rew_mean       | -115     |
| time/                |          |
|    episodes          | 3304     |
|    fps               | 1        |
|    time_elapsed      | 134692   |
|    total_timesteps   | 247800   |
| train/               |          |
|    actor_loss        | 53.7     |
|    critic_loss       | 3.45     |
|    ent_coef          | 0.0424   |
|    ent_coef_loss     | -0.564   |
|    learning_rate     | 0.0003   |
|    n_updates         | 1858470  |
|    noise_critic_loss | 12.9     |
-----------------------------------
-----------------------------------
| rollout/             |          |
|    ep_len_mean       | 75       |
|    ep_rew_mean       | -114     |
| time/                |          |
|    episodes          | 3308     |
|    fps               | 1        |
|    time_elapsed      | 134807   |
|    total_timesteps   | 248100   |
| train/               |          |
|    actor_loss        | 54.1     |
|    critic_loss       | 3.28     |
|    ent_coef          | 0.0427   |
|    ent_coef_loss     | 0.247    |
|    learning_rate     | 0.0003   |
|    n_updates         | 1860720  |
|    noise_critic_loss | 13.1     |
-----------------------------------
-----------------------------------
| rollout/             |          |
|    ep_len_mean       | 75       |
|    ep_rew_mean       | -114     |
| time/                |          |
|    episodes          | 3312     |
|    fps               | 1        |
|    time_elapsed      | 134921   |
|    total_timesteps   | 248400   |
| train/               |          |
|    actor_loss        | 54.3     |
|    critic_loss       | 3.25     |
|    ent_coef          | 0.0413   |
|    ent_coef_loss     | 0.432    |
|    learning_rate     | 0.0003   |
|    n_updates         | 1862970  |
|    noise_critic_loss | 12.7     |
-----------------------------------
-----------------------------------
| rollout/             |          |
|    ep_len_mean       | 75       |
|    ep_rew_mean       | -114     |
| time/                |          |
|    episodes          | 3316     |
|    fps               | 1        |
|    time_elapsed      | 135036   |
|    total_timesteps   | 248700   |
| train/               |          |
|    actor_loss        | 53.9     |
|    critic_loss       | 3.31     |
|    ent_coef          | 0.0411   |
|    ent_coef_loss     | 0.664    |
|    learning_rate     | 0.0003   |
|    n_updates         | 1865220  |
|    noise_critic_loss | 12       |
-----------------------------------
-----------------------------------
| rollout/             |          |
|    ep_len_mean       | 75       |
|    ep_rew_mean       | -113     |
| time/                |          |
|    episodes          | 3320     |
|    fps               | 1        |
|    time_elapsed      | 135151   |
|    total_timesteps   | 249000   |
| train/               |          |
|    actor_loss        | 53.6     |
|    critic_loss       | 3.28     |
|    ent_coef          | 0.0419   |
|    ent_coef_loss     | -0.243   |
|    learning_rate     | 0.0003   |
|    n_updates         | 1867470  |
|    noise_critic_loss | 12.6     |
-----------------------------------
-----------------------------------
| rollout/             |          |
|    ep_len_mean       | 75       |
|    ep_rew_mean       | -111     |
| time/                |          |
|    episodes          | 3324     |
|    fps               | 1        |
|    time_elapsed      | 135266   |
|    total_timesteps   | 249300   |
| train/               |          |
|    actor_loss        | 53.3     |
|    critic_loss       | 3.47     |
|    ent_coef          | 0.0419   |
|    ent_coef_loss     | -0.764   |
|    learning_rate     | 0.0003   |
|    n_updates         | 1869720  |
|    noise_critic_loss | 13.1     |
-----------------------------------
-----------------------------------
| rollout/             |          |
|    ep_len_mean       | 75       |
|    ep_rew_mean       | -109     |
| time/                |          |
|    episodes          | 3328     |
|    fps               | 1        |
|    time_elapsed      | 135382   |
|    total_timesteps   | 249600   |
| train/               |          |
|    actor_loss        | 53.3     |
|    critic_loss       | 3.52     |
|    ent_coef          | 0.042    |
|    ent_coef_loss     | -0.303   |
|    learning_rate     | 0.0003   |
|    n_updates         | 1871970  |
|    noise_critic_loss | 12.8     |
-----------------------------------
-----------------------------------
| rollout/             |          |
|    ep_len_mean       | 75       |
|    ep_rew_mean       | -109     |
| time/                |          |
|    episodes          | 3332     |
|    fps               | 1        |
|    time_elapsed      | 135497   |
|    total_timesteps   | 249900   |
| train/               |          |
|    actor_loss        | 53.6     |
|    critic_loss       | 3.23     |
|    ent_coef          | 0.0413   |
|    ent_coef_loss     | -1.19    |
|    learning_rate     | 0.0003   |
|    n_updates         | 1874220  |
|    noise_critic_loss | 12.3     |
-----------------------------------
-----------------------------------
| rollout/             |          |
|    ep_len_mean       | 75       |
|    ep_rew_mean       | -109     |
| time/                |          |
|    episodes          | 3336     |
|    fps               | 1        |
|    time_elapsed      | 135613   |
|    total_timesteps   | 250200   |
| train/               |          |
|    actor_loss        | 53.9     |
|    critic_loss       | 3.32     |
|    ent_coef          | 0.0414   |
|    ent_coef_loss     | 0.776    |
|    learning_rate     | 0.0003   |
|    n_updates         | 1876470  |
|    noise_critic_loss | 12.1     |
-----------------------------------
-----------------------------------
| rollout/             |          |
|    ep_len_mean       | 75       |
|    ep_rew_mean       | -110     |
| time/                |          |
|    episodes          | 3340     |
|    fps               | 1        |
|    time_elapsed      | 135726   |
|    total_timesteps   | 250500   |
| train/               |          |
|    actor_loss        | 53.7     |
|    critic_loss       | 3.2      |
|    ent_coef          | 0.0412   |
|    ent_coef_loss     | 0.37     |
|    learning_rate     | 0.0003   |
|    n_updates         | 1878720  |
|    noise_critic_loss | 12.8     |
-----------------------------------
-----------------------------------
| rollout/             |          |
|    ep_len_mean       | 75       |
|    ep_rew_mean       | -108     |
| time/                |          |
|    episodes          | 3344     |
|    fps               | 1        |
|    time_elapsed      | 135841   |
|    total_timesteps   | 250800   |
| train/               |          |
|    actor_loss        | 53.2     |
|    critic_loss       | 3.25     |
|    ent_coef          | 0.0423   |
|    ent_coef_loss     | -1.32    |
|    learning_rate     | 0.0003   |
|    n_updates         | 1880970  |
|    noise_critic_loss | 12.3     |
-----------------------------------
-----------------------------------
| rollout/             |          |
|    ep_len_mean       | 75       |
|    ep_rew_mean       | -106     |
| time/                |          |
|    episodes          | 3348     |
|    fps               | 1        |
|    time_elapsed      | 135956   |
|    total_timesteps   | 251100   |
| train/               |          |
|    actor_loss        | 52.4     |
|    critic_loss       | 3.22     |
|    ent_coef          | 0.0421   |
|    ent_coef_loss     | 0.0148   |
|    learning_rate     | 0.0003   |
|    n_updates         | 1883220  |
|    noise_critic_loss | 12.4     |
-----------------------------------
-----------------------------------
| rollout/             |          |
|    ep_len_mean       | 75       |
|    ep_rew_mean       | -105     |
| time/                |          |
|    episodes          | 3352     |
|    fps               | 1        |
|    time_elapsed      | 136071   |
|    total_timesteps   | 251400   |
| train/               |          |
|    actor_loss        | 53.6     |
|    critic_loss       | 3.38     |
|    ent_coef          | 0.041    |
|    ent_coef_loss     | 0.055    |
|    learning_rate     | 0.0003   |
|    n_updates         | 1885470  |
|    noise_critic_loss | 12.3     |
-----------------------------------
-----------------------------------
| rollout/             |          |
|    ep_len_mean       | 75       |
|    ep_rew_mean       | -104     |
| time/                |          |
|    episodes          | 3356     |
|    fps               | 1        |
|    time_elapsed      | 136186   |
|    total_timesteps   | 251700   |
| train/               |          |
|    actor_loss        | 53.3     |
|    critic_loss       | 3.53     |
|    ent_coef          | 0.0422   |
|    ent_coef_loss     | -0.114   |
|    learning_rate     | 0.0003   |
|    n_updates         | 1887720  |
|    noise_critic_loss | 12.5     |
-----------------------------------
eval episode 0 at timestep 1014004
eval episode 1 at timestep 1014004
eval episode 2 at timestep 1014004
eval episode 3 at timestep 1014004
eval episode 4 at timestep 1014004
eval episode 5 at timestep 1014004
eval episode 6 at timestep 1014004
eval episode 7 at timestep 1014004
-----------------------------------
| rollout/             |          |
|    ep_len_mean       | 75       |
|    ep_rew_mean       | -103     |
| time/                |          |
|    episodes          | 3360     |
|    fps               | 1        |
|    time_elapsed      | 138196   |
|    total_timesteps   | 252000   |
| train/               |          |
|    actor_loss        | 54       |
|    critic_loss       | 3.3      |
|    ent_coef          | 0.042    |
|    ent_coef_loss     | 0.593    |
|    learning_rate     | 0.0003   |
|    n_updates         | 1889970  |
|    noise_critic_loss | 11.7     |
-----------------------------------
-----------------------------------
| rollout/             |          |
|    ep_len_mean       | 75       |
|    ep_rew_mean       | -104     |
| time/                |          |
|    episodes          | 3364     |
|    fps               | 1        |
|    time_elapsed      | 138310   |
|    total_timesteps   | 252300   |
| train/               |          |
|    actor_loss        | 53.3     |
|    critic_loss       | 4        |
|    ent_coef          | 0.0418   |
|    ent_coef_loss     | -0.511   |
|    learning_rate     | 0.0003   |
|    n_updates         | 1892220  |
|    noise_critic_loss | 12.5     |
-----------------------------------
-----------------------------------
| rollout/             |          |
|    ep_len_mean       | 75       |
|    ep_rew_mean       | -101     |
| time/                |          |
|    episodes          | 3368     |
|    fps               | 1        |
|    time_elapsed      | 138425   |
|    total_timesteps   | 252600   |
| train/               |          |
|    actor_loss        | 52.9     |
|    critic_loss       | 3.31     |
|    ent_coef          | 0.042    |
|    ent_coef_loss     | -1.38    |
|    learning_rate     | 0.0003   |
|    n_updates         | 1894470  |
|    noise_critic_loss | 12.2     |
-----------------------------------
-----------------------------------
| rollout/             |          |
|    ep_len_mean       | 75       |
|    ep_rew_mean       | -99.5    |
| time/                |          |
|    episodes          | 3372     |
|    fps               | 1        |
|    time_elapsed      | 138540   |
|    total_timesteps   | 252900   |
| train/               |          |
|    actor_loss        | 52.6     |
|    critic_loss       | 3.25     |
|    ent_coef          | 0.0422   |
|    ent_coef_loss     | -1.55    |
|    learning_rate     | 0.0003   |
|    n_updates         | 1896720  |
|    noise_critic_loss | 12.9     |
-----------------------------------
-----------------------------------
| rollout/             |          |
|    ep_len_mean       | 75       |
|    ep_rew_mean       | -97.1    |
| time/                |          |
|    episodes          | 3376     |
|    fps               | 1        |
|    time_elapsed      | 138656   |
|    total_timesteps   | 253200   |
| train/               |          |
|    actor_loss        | 53.1     |
|    critic_loss       | 3.36     |
|    ent_coef          | 0.0423   |
|    ent_coef_loss     | 0.116    |
|    learning_rate     | 0.0003   |
|    n_updates         | 1898970  |
|    noise_critic_loss | 13.7     |
-----------------------------------
-----------------------------------
| rollout/             |          |
|    ep_len_mean       | 75       |
|    ep_rew_mean       | -96.3    |
| time/                |          |
|    episodes          | 3380     |
|    fps               | 1        |
|    time_elapsed      | 138771   |
|    total_timesteps   | 253500   |
| train/               |          |
|    actor_loss        | 52.7     |
|    critic_loss       | 3.31     |
|    ent_coef          | 0.0423   |
|    ent_coef_loss     | 0.0749   |
|    learning_rate     | 0.0003   |
|    n_updates         | 1901220  |
|    noise_critic_loss | 12       |
-----------------------------------
-----------------------------------
| rollout/             |          |
|    ep_len_mean       | 75       |
|    ep_rew_mean       | -94.3    |
| time/                |          |
|    episodes          | 3384     |
|    fps               | 1        |
|    time_elapsed      | 138885   |
|    total_timesteps   | 253800   |
| train/               |          |
|    actor_loss        | 53.1     |
|    critic_loss       | 3.18     |
|    ent_coef          | 0.042    |
|    ent_coef_loss     | 0.22     |
|    learning_rate     | 0.0003   |
|    n_updates         | 1903470  |
|    noise_critic_loss | 12.9     |
-----------------------------------
-----------------------------------
| rollout/             |          |
|    ep_len_mean       | 75       |
|    ep_rew_mean       | -95      |
| time/                |          |
|    episodes          | 3388     |
|    fps               | 1        |
|    time_elapsed      | 139000   |
|    total_timesteps   | 254100   |
| train/               |          |
|    actor_loss        | 53.2     |
|    critic_loss       | 3.19     |
|    ent_coef          | 0.0423   |
|    ent_coef_loss     | -0.564   |
|    learning_rate     | 0.0003   |
|    n_updates         | 1905720  |
|    noise_critic_loss | 13       |
-----------------------------------
-----------------------------------
| rollout/             |          |
|    ep_len_mean       | 75       |
|    ep_rew_mean       | -94      |
| time/                |          |
|    episodes          | 3392     |
|    fps               | 1        |
|    time_elapsed      | 139114   |
|    total_timesteps   | 254400   |
| train/               |          |
|    actor_loss        | 52.7     |
|    critic_loss       | 3.24     |
|    ent_coef          | 0.0416   |
|    ent_coef_loss     | -0.322   |
|    learning_rate     | 0.0003   |
|    n_updates         | 1907970  |
|    noise_critic_loss | 12.1     |
-----------------------------------
-----------------------------------
| rollout/             |          |
|    ep_len_mean       | 75       |
|    ep_rew_mean       | -94.2    |
| time/                |          |
|    episodes          | 3396     |
|    fps               | 1        |
|    time_elapsed      | 139229   |
|    total_timesteps   | 254700   |
| train/               |          |
|    actor_loss        | 53.2     |
|    critic_loss       | 3.2      |
|    ent_coef          | 0.0415   |
|    ent_coef_loss     | -0.363   |
|    learning_rate     | 0.0003   |
|    n_updates         | 1910220  |
|    noise_critic_loss | 11.8     |
-----------------------------------
-----------------------------------
| rollout/             |          |
|    ep_len_mean       | 75       |
|    ep_rew_mean       | -94      |
| time/                |          |
|    episodes          | 3400     |
|    fps               | 1        |
|    time_elapsed      | 139344   |
|    total_timesteps   | 255000   |
| train/               |          |
|    actor_loss        | 53       |
|    critic_loss       | 3.35     |
|    ent_coef          | 0.0419   |
|    ent_coef_loss     | 0.446    |
|    learning_rate     | 0.0003   |
|    n_updates         | 1912470  |
|    noise_critic_loss | 12.6     |
-----------------------------------
-----------------------------------
| rollout/             |          |
|    ep_len_mean       | 75       |
|    ep_rew_mean       | -95.2    |
| time/                |          |
|    episodes          | 3404     |
|    fps               | 1        |
|    time_elapsed      | 139459   |
|    total_timesteps   | 255300   |
| train/               |          |
|    actor_loss        | 53.2     |
|    critic_loss       | 3.26     |
|    ent_coef          | 0.0423   |
|    ent_coef_loss     | -0.212   |
|    learning_rate     | 0.0003   |
|    n_updates         | 1914720  |
|    noise_critic_loss | 12.3     |
-----------------------------------
-----------------------------------
| rollout/             |          |
|    ep_len_mean       | 75       |
|    ep_rew_mean       | -98.2    |
| time/                |          |
|    episodes          | 3408     |
|    fps               | 1        |
|    time_elapsed      | 139572   |
|    total_timesteps   | 255600   |
| train/               |          |
|    actor_loss        | 53.3     |
|    critic_loss       | 3.36     |
|    ent_coef          | 0.0422   |
|    ent_coef_loss     | 0.14     |
|    learning_rate     | 0.0003   |
|    n_updates         | 1916970  |
|    noise_critic_loss | 13.6     |
-----------------------------------
-----------------------------------
| rollout/             |          |
|    ep_len_mean       | 75       |
|    ep_rew_mean       | -97      |
| time/                |          |
|    episodes          | 3412     |
|    fps               | 1        |
|    time_elapsed      | 139688   |
|    total_timesteps   | 255900   |
| train/               |          |
|    actor_loss        | 52.7     |
|    critic_loss       | 3.25     |
|    ent_coef          | 0.0421   |
|    ent_coef_loss     | 0.521    |
|    learning_rate     | 0.0003   |
|    n_updates         | 1919220  |
|    noise_critic_loss | 12.8     |
-----------------------------------
-----------------------------------
| rollout/             |          |
|    ep_len_mean       | 75       |
|    ep_rew_mean       | -95.3    |
| time/                |          |
|    episodes          | 3416     |
|    fps               | 1        |
|    time_elapsed      | 139803   |
|    total_timesteps   | 256200   |
| train/               |          |
|    actor_loss        | 53.5     |
|    critic_loss       | 3.27     |
|    ent_coef          | 0.0422   |
|    ent_coef_loss     | 0.519    |
|    learning_rate     | 0.0003   |
|    n_updates         | 1921470  |
|    noise_critic_loss | 12.6     |
-----------------------------------
-----------------------------------
| rollout/             |          |
|    ep_len_mean       | 75       |
|    ep_rew_mean       | -95.9    |
| time/                |          |
|    episodes          | 3420     |
|    fps               | 1        |
|    time_elapsed      | 139919   |
|    total_timesteps   | 256500   |
| train/               |          |
|    actor_loss        | 53.4     |
|    critic_loss       | 3.06     |
|    ent_coef          | 0.0423   |
|    ent_coef_loss     | 0.127    |
|    learning_rate     | 0.0003   |
|    n_updates         | 1923720  |
|    noise_critic_loss | 12.4     |
-----------------------------------
-----------------------------------
| rollout/             |          |
|    ep_len_mean       | 75       |
|    ep_rew_mean       | -96.7    |
| time/                |          |
|    episodes          | 3424     |
|    fps               | 1        |
|    time_elapsed      | 140034   |
|    total_timesteps   | 256800   |
| train/               |          |
|    actor_loss        | 53.1     |
|    critic_loss       | 3.12     |
|    ent_coef          | 0.0413   |
|    ent_coef_loss     | -0.178   |
|    learning_rate     | 0.0003   |
|    n_updates         | 1925970  |
|    noise_critic_loss | 12.2     |
-----------------------------------
-----------------------------------
| rollout/             |          |
|    ep_len_mean       | 75       |
|    ep_rew_mean       | -98.3    |
| time/                |          |
|    episodes          | 3428     |
|    fps               | 1        |
|    time_elapsed      | 140149   |
|    total_timesteps   | 257100   |
| train/               |          |
|    actor_loss        | 54.1     |
|    critic_loss       | 3.61     |
|    ent_coef          | 0.0412   |
|    ent_coef_loss     | 1.51     |
|    learning_rate     | 0.0003   |
|    n_updates         | 1928220  |
|    noise_critic_loss | 12.5     |
-----------------------------------
-----------------------------------
| rollout/             |          |
|    ep_len_mean       | 75       |
|    ep_rew_mean       | -99      |
| time/                |          |
|    episodes          | 3432     |
|    fps               | 1        |
|    time_elapsed      | 140263   |
|    total_timesteps   | 257400   |
| train/               |          |
|    actor_loss        | 52.9     |
|    critic_loss       | 3.35     |
|    ent_coef          | 0.0415   |
|    ent_coef_loss     | 0.63     |
|    learning_rate     | 0.0003   |
|    n_updates         | 1930470  |
|    noise_critic_loss | 11.8     |
-----------------------------------
-----------------------------------
| rollout/             |          |
|    ep_len_mean       | 75       |
|    ep_rew_mean       | -99.9    |
| time/                |          |
|    episodes          | 3436     |
|    fps               | 1        |
|    time_elapsed      | 140378   |
|    total_timesteps   | 257700   |
| train/               |          |
|    actor_loss        | 53.1     |
|    critic_loss       | 2.91     |
|    ent_coef          | 0.0414   |
|    ent_coef_loss     | 0.39     |
|    learning_rate     | 0.0003   |
|    n_updates         | 1932720  |
|    noise_critic_loss | 12.7     |
-----------------------------------
-----------------------------------
| rollout/             |          |
|    ep_len_mean       | 75       |
|    ep_rew_mean       | -98.7    |
| time/                |          |
|    episodes          | 3440     |
|    fps               | 1        |
|    time_elapsed      | 140494   |
|    total_timesteps   | 258000   |
| train/               |          |
|    actor_loss        | 53.3     |
|    critic_loss       | 3.22     |
|    ent_coef          | 0.0412   |
|    ent_coef_loss     | -0.281   |
|    learning_rate     | 0.0003   |
|    n_updates         | 1934970  |
|    noise_critic_loss | 12.9     |
-----------------------------------
-----------------------------------
| rollout/             |          |
|    ep_len_mean       | 75       |
|    ep_rew_mean       | -99      |
| time/                |          |
|    episodes          | 3444     |
|    fps               | 1        |
|    time_elapsed      | 140609   |
|    total_timesteps   | 258300   |
| train/               |          |
|    actor_loss        | 53.5     |
|    critic_loss       | 3.07     |
|    ent_coef          | 0.0419   |
|    ent_coef_loss     | 1.45     |
|    learning_rate     | 0.0003   |
|    n_updates         | 1937220  |
|    noise_critic_loss | 12.3     |
-----------------------------------
-----------------------------------
| rollout/             |          |
|    ep_len_mean       | 75       |
|    ep_rew_mean       | -100     |
| time/                |          |
|    episodes          | 3448     |
|    fps               | 1        |
|    time_elapsed      | 140723   |
|    total_timesteps   | 258600   |
| train/               |          |
|    actor_loss        | 52.9     |
|    critic_loss       | 3.3      |
|    ent_coef          | 0.0415   |
|    ent_coef_loss     | -0.672   |
|    learning_rate     | 0.0003   |
|    n_updates         | 1939470  |
|    noise_critic_loss | 13.4     |
-----------------------------------
-----------------------------------
| rollout/             |          |
|    ep_len_mean       | 75       |
|    ep_rew_mean       | -100     |
| time/                |          |
|    episodes          | 3452     |
|    fps               | 1        |
|    time_elapsed      | 140838   |
|    total_timesteps   | 258900   |
| train/               |          |
|    actor_loss        | 52.9     |
|    critic_loss       | 3.11     |
|    ent_coef          | 0.0419   |
|    ent_coef_loss     | -0.4     |
|    learning_rate     | 0.0003   |
|    n_updates         | 1941720  |
|    noise_critic_loss | 13.2     |
-----------------------------------
-----------------------------------
| rollout/             |          |
|    ep_len_mean       | 75       |
|    ep_rew_mean       | -101     |
| time/                |          |
|    episodes          | 3456     |
|    fps               | 1        |
|    time_elapsed      | 140953   |
|    total_timesteps   | 259200   |
| train/               |          |
|    actor_loss        | 52.7     |
|    critic_loss       | 3.19     |
|    ent_coef          | 0.0418   |
|    ent_coef_loss     | -0.0407  |
|    learning_rate     | 0.0003   |
|    n_updates         | 1943970  |
|    noise_critic_loss | 12.3     |
-----------------------------------
-----------------------------------
| rollout/             |          |
|    ep_len_mean       | 75       |
|    ep_rew_mean       | -102     |
| time/                |          |
|    episodes          | 3460     |
|    fps               | 1        |
|    time_elapsed      | 141068   |
|    total_timesteps   | 259500   |
| train/               |          |
|    actor_loss        | 52.6     |
|    critic_loss       | 3.12     |
|    ent_coef          | 0.0416   |
|    ent_coef_loss     | -0.0975  |
|    learning_rate     | 0.0003   |
|    n_updates         | 1946220  |
|    noise_critic_loss | 12.6     |
-----------------------------------
-----------------------------------
| rollout/             |          |
|    ep_len_mean       | 75       |
|    ep_rew_mean       | -102     |
| time/                |          |
|    episodes          | 3464     |
|    fps               | 1        |
|    time_elapsed      | 141182   |
|    total_timesteps   | 259800   |
| train/               |          |
|    actor_loss        | 53.2     |
|    critic_loss       | 2.99     |
|    ent_coef          | 0.0414   |
|    ent_coef_loss     | -0.82    |
|    learning_rate     | 0.0003   |
|    n_updates         | 1948470  |
|    noise_critic_loss | 12.3     |
-----------------------------------
-----------------------------------
| rollout/             |          |
|    ep_len_mean       | 75       |
|    ep_rew_mean       | -104     |
| time/                |          |
|    episodes          | 3468     |
|    fps               | 1        |
|    time_elapsed      | 141297   |
|    total_timesteps   | 260100   |
| train/               |          |
|    actor_loss        | 53       |
|    critic_loss       | 3.16     |
|    ent_coef          | 0.0409   |
|    ent_coef_loss     | 0.732    |
|    learning_rate     | 0.0003   |
|    n_updates         | 1950720  |
|    noise_critic_loss | 12.3     |
-----------------------------------
-----------------------------------
| rollout/             |          |
|    ep_len_mean       | 75       |
|    ep_rew_mean       | -105     |
| time/                |          |
|    episodes          | 3472     |
|    fps               | 1        |
|    time_elapsed      | 141412   |
|    total_timesteps   | 260400   |
| train/               |          |
|    actor_loss        | 53.3     |
|    critic_loss       | 3.04     |
|    ent_coef          | 0.0416   |
|    ent_coef_loss     | -0.326   |
|    learning_rate     | 0.0003   |
|    n_updates         | 1952970  |
|    noise_critic_loss | 12       |
-----------------------------------
-----------------------------------
| rollout/             |          |
|    ep_len_mean       | 75       |
|    ep_rew_mean       | -108     |
| time/                |          |
|    episodes          | 3476     |
|    fps               | 1        |
|    time_elapsed      | 141528   |
|    total_timesteps   | 260700   |
| train/               |          |
|    actor_loss        | 53.3     |
|    critic_loss       | 3.2      |
|    ent_coef          | 0.0414   |
|    ent_coef_loss     | -0.022   |
|    learning_rate     | 0.0003   |
|    n_updates         | 1955220  |
|    noise_critic_loss | 12.5     |
-----------------------------------
-----------------------------------
| rollout/             |          |
|    ep_len_mean       | 75       |
|    ep_rew_mean       | -109     |
| time/                |          |
|    episodes          | 3480     |
|    fps               | 1        |
|    time_elapsed      | 141642   |
|    total_timesteps   | 261000   |
| train/               |          |
|    actor_loss        | 53.3     |
|    critic_loss       | 3.06     |
|    ent_coef          | 0.0417   |
|    ent_coef_loss     | 0.187    |
|    learning_rate     | 0.0003   |
|    n_updates         | 1957470  |
|    noise_critic_loss | 13.5     |
-----------------------------------
-----------------------------------
| rollout/             |          |
|    ep_len_mean       | 75       |
|    ep_rew_mean       | -109     |
| time/                |          |
|    episodes          | 3484     |
|    fps               | 1        |
|    time_elapsed      | 141756   |
|    total_timesteps   | 261300   |
| train/               |          |
|    actor_loss        | 53.4     |
|    critic_loss       | 3.09     |
|    ent_coef          | 0.0418   |
|    ent_coef_loss     | 0.311    |
|    learning_rate     | 0.0003   |
|    n_updates         | 1959720  |
|    noise_critic_loss | 12.6     |
-----------------------------------
-----------------------------------
| rollout/             |          |
|    ep_len_mean       | 75       |
|    ep_rew_mean       | -107     |
| time/                |          |
|    episodes          | 3488     |
|    fps               | 1        |
|    time_elapsed      | 141872   |
|    total_timesteps   | 261600   |
| train/               |          |
|    actor_loss        | 53       |
|    critic_loss       | 3.02     |
|    ent_coef          | 0.0408   |
|    ent_coef_loss     | 0.366    |
|    learning_rate     | 0.0003   |
|    n_updates         | 1961970  |
|    noise_critic_loss | 13.2     |
-----------------------------------
-----------------------------------
| rollout/             |          |
|    ep_len_mean       | 75       |
|    ep_rew_mean       | -106     |
| time/                |          |
|    episodes          | 3492     |
|    fps               | 1        |
|    time_elapsed      | 141987   |
|    total_timesteps   | 261900   |
| train/               |          |
|    actor_loss        | 53       |
|    critic_loss       | 3.25     |
|    ent_coef          | 0.0419   |
|    ent_coef_loss     | 0.131    |
|    learning_rate     | 0.0003   |
|    n_updates         | 1964220  |
|    noise_critic_loss | 12.5     |
-----------------------------------
-----------------------------------
| rollout/             |          |
|    ep_len_mean       | 75       |
|    ep_rew_mean       | -104     |
| time/                |          |
|    episodes          | 3496     |
|    fps               | 1        |
|    time_elapsed      | 142102   |
|    total_timesteps   | 262200   |
| train/               |          |
|    actor_loss        | 53.5     |
|    critic_loss       | 3.03     |
|    ent_coef          | 0.0416   |
|    ent_coef_loss     | 0.41     |
|    learning_rate     | 0.0003   |
|    n_updates         | 1966470  |
|    noise_critic_loss | 12.2     |
-----------------------------------
-----------------------------------
| rollout/             |          |
|    ep_len_mean       | 75       |
|    ep_rew_mean       | -104     |
| time/                |          |
|    episodes          | 3500     |
|    fps               | 1        |
|    time_elapsed      | 142217   |
|    total_timesteps   | 262500   |
| train/               |          |
|    actor_loss        | 53.7     |
|    critic_loss       | 3.16     |
|    ent_coef          | 0.0411   |
|    ent_coef_loss     | 0.677    |
|    learning_rate     | 0.0003   |
|    n_updates         | 1968720  |
|    noise_critic_loss | 11.9     |
-----------------------------------
-----------------------------------
| rollout/             |          |
|    ep_len_mean       | 75       |
|    ep_rew_mean       | -103     |
| time/                |          |
|    episodes          | 3504     |
|    fps               | 1        |
|    time_elapsed      | 142332   |
|    total_timesteps   | 262800   |
| train/               |          |
|    actor_loss        | 53.2     |
|    critic_loss       | 3.08     |
|    ent_coef          | 0.0415   |
|    ent_coef_loss     | 0.206    |
|    learning_rate     | 0.0003   |
|    n_updates         | 1970970  |
|    noise_critic_loss | 12.3     |
-----------------------------------
-----------------------------------
| rollout/             |          |
|    ep_len_mean       | 75       |
|    ep_rew_mean       | -102     |
| time/                |          |
|    episodes          | 3508     |
|    fps               | 1        |
|    time_elapsed      | 142448   |
|    total_timesteps   | 263100   |
| train/               |          |
|    actor_loss        | 53.4     |
|    critic_loss       | 3.19     |
|    ent_coef          | 0.0413   |
|    ent_coef_loss     | 0.619    |
|    learning_rate     | 0.0003   |
|    n_updates         | 1973220  |
|    noise_critic_loss | 12.1     |
-----------------------------------
-----------------------------------
| rollout/             |          |
|    ep_len_mean       | 75       |
|    ep_rew_mean       | -105     |
| time/                |          |
|    episodes          | 3512     |
|    fps               | 1        |
|    time_elapsed      | 142563   |
|    total_timesteps   | 263400   |
| train/               |          |
|    actor_loss        | 53.4     |
|    critic_loss       | 3.13     |
|    ent_coef          | 0.0414   |
|    ent_coef_loss     | -0.336   |
|    learning_rate     | 0.0003   |
|    n_updates         | 1975470  |
|    noise_critic_loss | 12.5     |
-----------------------------------
-----------------------------------
| rollout/             |          |
|    ep_len_mean       | 75       |
|    ep_rew_mean       | -106     |
| time/                |          |
|    episodes          | 3516     |
|    fps               | 1        |
|    time_elapsed      | 142678   |
|    total_timesteps   | 263700   |
| train/               |          |
|    actor_loss        | 53.2     |
|    critic_loss       | 3.55     |
|    ent_coef          | 0.042    |
|    ent_coef_loss     | -0.147   |
|    learning_rate     | 0.0003   |
|    n_updates         | 1977720  |
|    noise_critic_loss | 11.8     |
-----------------------------------
eval episode 0 at timestep 1062004
eval episode 1 at timestep 1062004
eval episode 2 at timestep 1062004
eval episode 3 at timestep 1062004
eval episode 4 at timestep 1062004
eval episode 5 at timestep 1062004
eval episode 6 at timestep 1062004
eval episode 7 at timestep 1062004
-----------------------------------
| rollout/             |          |
|    ep_len_mean       | 75       |
|    ep_rew_mean       | -106     |
| time/                |          |
|    episodes          | 3520     |
|    fps               | 1        |
|    time_elapsed      | 144693   |
|    total_timesteps   | 264000   |
| train/               |          |
|    actor_loss        | 52.6     |
|    critic_loss       | 3.31     |
|    ent_coef          | 0.0417   |
|    ent_coef_loss     | -0.324   |
|    learning_rate     | 0.0003   |
|    n_updates         | 1979970  |
|    noise_critic_loss | 11.8     |
-----------------------------------
-----------------------------------
| rollout/             |          |
|    ep_len_mean       | 75       |
|    ep_rew_mean       | -105     |
| time/                |          |
|    episodes          | 3524     |
|    fps               | 1        |
|    time_elapsed      | 144811   |
|    total_timesteps   | 264300   |
| train/               |          |
|    actor_loss        | 53.7     |
|    critic_loss       | 3.41     |
|    ent_coef          | 0.0413   |
|    ent_coef_loss     | 1.04     |
|    learning_rate     | 0.0003   |
|    n_updates         | 1982220  |
|    noise_critic_loss | 12.3     |
-----------------------------------
-----------------------------------
| rollout/             |          |
|    ep_len_mean       | 75       |
|    ep_rew_mean       | -106     |
| time/                |          |
|    episodes          | 3528     |
|    fps               | 1        |
|    time_elapsed      | 144927   |
|    total_timesteps   | 264600   |
| train/               |          |
|    actor_loss        | 53.4     |
|    critic_loss       | 3.05     |
|    ent_coef          | 0.0411   |
|    ent_coef_loss     | -0.797   |
|    learning_rate     | 0.0003   |
|    n_updates         | 1984470  |
|    noise_critic_loss | 12.7     |
-----------------------------------
-----------------------------------
| rollout/             |          |
|    ep_len_mean       | 75       |
|    ep_rew_mean       | -105     |
| time/                |          |
|    episodes          | 3532     |
|    fps               | 1        |
|    time_elapsed      | 145043   |
|    total_timesteps   | 264900   |
| train/               |          |
|    actor_loss        | 52.7     |
|    critic_loss       | 3.31     |
|    ent_coef          | 0.0405   |
|    ent_coef_loss     | 0.808    |
|    learning_rate     | 0.0003   |
|    n_updates         | 1986720  |
|    noise_critic_loss | 13.4     |
-----------------------------------
-----------------------------------
| rollout/             |          |
|    ep_len_mean       | 75       |
|    ep_rew_mean       | -106     |
| time/                |          |
|    episodes          | 3536     |
|    fps               | 1        |
|    time_elapsed      | 145161   |
|    total_timesteps   | 265200   |
| train/               |          |
|    actor_loss        | 53.4     |
|    critic_loss       | 3.24     |
|    ent_coef          | 0.0414   |
|    ent_coef_loss     | 0.259    |
|    learning_rate     | 0.0003   |
|    n_updates         | 1988970  |
|    noise_critic_loss | 11.9     |
-----------------------------------
-----------------------------------
| rollout/             |          |
|    ep_len_mean       | 75       |
|    ep_rew_mean       | -105     |
| time/                |          |
|    episodes          | 3540     |
|    fps               | 1        |
|    time_elapsed      | 145277   |
|    total_timesteps   | 265500   |
| train/               |          |
|    actor_loss        | 52.4     |
|    critic_loss       | 3.18     |
|    ent_coef          | 0.0412   |
|    ent_coef_loss     | -0.711   |
|    learning_rate     | 0.0003   |
|    n_updates         | 1991220  |
|    noise_critic_loss | 12.2     |
-----------------------------------
-----------------------------------
| rollout/             |          |
|    ep_len_mean       | 75       |
|    ep_rew_mean       | -106     |
| time/                |          |
|    episodes          | 3544     |
|    fps               | 1        |
|    time_elapsed      | 145394   |
|    total_timesteps   | 265800   |
| train/               |          |
|    actor_loss        | 53       |
|    critic_loss       | 3.28     |
|    ent_coef          | 0.0412   |
|    ent_coef_loss     | 0.564    |
|    learning_rate     | 0.0003   |
|    n_updates         | 1993470  |
|    noise_critic_loss | 12.1     |
-----------------------------------
-----------------------------------
| rollout/             |          |
|    ep_len_mean       | 75       |
|    ep_rew_mean       | -107     |
| time/                |          |
|    episodes          | 3548     |
|    fps               | 1        |
|    time_elapsed      | 145510   |
|    total_timesteps   | 266100   |
| train/               |          |
|    actor_loss        | 53.5     |
|    critic_loss       | 3.27     |
|    ent_coef          | 0.0408   |
|    ent_coef_loss     | -0.173   |
|    learning_rate     | 0.0003   |
|    n_updates         | 1995720  |
|    noise_critic_loss | 12       |
-----------------------------------
-----------------------------------
| rollout/             |          |
|    ep_len_mean       | 75       |
|    ep_rew_mean       | -106     |
| time/                |          |
|    episodes          | 3552     |
|    fps               | 1        |
|    time_elapsed      | 145628   |
|    total_timesteps   | 266400   |
| train/               |          |
|    actor_loss        | 53       |
|    critic_loss       | 3.26     |
|    ent_coef          | 0.0406   |
|    ent_coef_loss     | 0.416    |
|    learning_rate     | 0.0003   |
|    n_updates         | 1997970  |
|    noise_critic_loss | 11.8     |
-----------------------------------
-----------------------------------
| rollout/             |          |
|    ep_len_mean       | 75       |
|    ep_rew_mean       | -107     |
| time/                |          |
|    episodes          | 3556     |
|    fps               | 1        |
|    time_elapsed      | 145745   |
|    total_timesteps   | 266700   |
| train/               |          |
|    actor_loss        | 53.3     |
|    critic_loss       | 3.13     |
|    ent_coef          | 0.0403   |
|    ent_coef_loss     | 0.269    |
|    learning_rate     | 0.0003   |
|    n_updates         | 2000220  |
|    noise_critic_loss | 11.5     |
-----------------------------------
-----------------------------------
| rollout/             |          |
|    ep_len_mean       | 75       |
|    ep_rew_mean       | -107     |
| time/                |          |
|    episodes          | 3560     |
|    fps               | 1        |
|    time_elapsed      | 145863   |
|    total_timesteps   | 267000   |
| train/               |          |
|    actor_loss        | 52.9     |
|    critic_loss       | 3.11     |
|    ent_coef          | 0.0411   |
|    ent_coef_loss     | 0.0109   |
|    learning_rate     | 0.0003   |
|    n_updates         | 2002470  |
|    noise_critic_loss | 12.5     |
-----------------------------------
-----------------------------------
| rollout/             |          |
|    ep_len_mean       | 75       |
|    ep_rew_mean       | -106     |
| time/                |          |
|    episodes          | 3564     |
|    fps               | 1        |
|    time_elapsed      | 145980   |
|    total_timesteps   | 267300   |
| train/               |          |
|    actor_loss        | 52.9     |
|    critic_loss       | 3.15     |
|    ent_coef          | 0.0407   |
|    ent_coef_loss     | 0.379    |
|    learning_rate     | 0.0003   |
|    n_updates         | 2004720  |
|    noise_critic_loss | 11.7     |
-----------------------------------
-----------------------------------
| rollout/             |          |
|    ep_len_mean       | 75       |
|    ep_rew_mean       | -107     |
| time/                |          |
|    episodes          | 3568     |
|    fps               | 1        |
|    time_elapsed      | 146095   |
|    total_timesteps   | 267600   |
| train/               |          |
|    actor_loss        | 52.7     |
|    critic_loss       | 3.06     |
|    ent_coef          | 0.0403   |
|    ent_coef_loss     | 0.048    |
|    learning_rate     | 0.0003   |
|    n_updates         | 2006970  |
|    noise_critic_loss | 12.3     |
-----------------------------------
-----------------------------------
| rollout/             |          |
|    ep_len_mean       | 75       |
|    ep_rew_mean       | -105     |
| time/                |          |
|    episodes          | 3572     |
|    fps               | 1        |
|    time_elapsed      | 146213   |
|    total_timesteps   | 267900   |
| train/               |          |
|    actor_loss        | 53.2     |
|    critic_loss       | 3.23     |
|    ent_coef          | 0.0406   |
|    ent_coef_loss     | 0.352    |
|    learning_rate     | 0.0003   |
|    n_updates         | 2009220  |
|    noise_critic_loss | 11.9     |
-----------------------------------
-----------------------------------
| rollout/             |          |
|    ep_len_mean       | 75       |
|    ep_rew_mean       | -104     |
| time/                |          |
|    episodes          | 3576     |
|    fps               | 1        |
|    time_elapsed      | 146328   |
|    total_timesteps   | 268200   |
| train/               |          |
|    actor_loss        | 52.4     |
|    critic_loss       | 3.25     |
|    ent_coef          | 0.0413   |
|    ent_coef_loss     | 0.859    |
|    learning_rate     | 0.0003   |
|    n_updates         | 2011470  |
|    noise_critic_loss | 11.9     |
-----------------------------------
-----------------------------------
| rollout/             |          |
|    ep_len_mean       | 75       |
|    ep_rew_mean       | -104     |
| time/                |          |
|    episodes          | 3580     |
|    fps               | 1        |
|    time_elapsed      | 146446   |
|    total_timesteps   | 268500   |
| train/               |          |
|    actor_loss        | 52.9     |
|    critic_loss       | 3.13     |
|    ent_coef          | 0.0411   |
|    ent_coef_loss     | -0.546   |
|    learning_rate     | 0.0003   |
|    n_updates         | 2013720  |
|    noise_critic_loss | 11.3     |
-----------------------------------
-----------------------------------
| rollout/             |          |
|    ep_len_mean       | 75       |
|    ep_rew_mean       | -104     |
| time/                |          |
|    episodes          | 3584     |
|    fps               | 1        |
|    time_elapsed      | 146562   |
|    total_timesteps   | 268800   |
| train/               |          |
|    actor_loss        | 52.1     |
|    critic_loss       | 3.32     |
|    ent_coef          | 0.0413   |
|    ent_coef_loss     | -0.486   |
|    learning_rate     | 0.0003   |
|    n_updates         | 2015970  |
|    noise_critic_loss | 12.3     |
-----------------------------------
-----------------------------------
| rollout/             |          |
|    ep_len_mean       | 75       |
|    ep_rew_mean       | -107     |
| time/                |          |
|    episodes          | 3588     |
|    fps               | 1        |
|    time_elapsed      | 146678   |
|    total_timesteps   | 269100   |
| train/               |          |
|    actor_loss        | 52.8     |
|    critic_loss       | 3.1      |
|    ent_coef          | 0.0412   |
|    ent_coef_loss     | -0.807   |
|    learning_rate     | 0.0003   |
|    n_updates         | 2018220  |
|    noise_critic_loss | 12.6     |
-----------------------------------
-----------------------------------
| rollout/             |          |
|    ep_len_mean       | 75       |
|    ep_rew_mean       | -108     |
| time/                |          |
|    episodes          | 3592     |
|    fps               | 1        |
|    time_elapsed      | 146796   |
|    total_timesteps   | 269400   |
| train/               |          |
|    actor_loss        | 52.6     |
|    critic_loss       | 3.26     |
|    ent_coef          | 0.041    |
|    ent_coef_loss     | -0.483   |
|    learning_rate     | 0.0003   |
|    n_updates         | 2020470  |
|    noise_critic_loss | 11.1     |
-----------------------------------
-----------------------------------
| rollout/             |          |
|    ep_len_mean       | 75       |
|    ep_rew_mean       | -109     |
| time/                |          |
|    episodes          | 3596     |
|    fps               | 1        |
|    time_elapsed      | 146912   |
|    total_timesteps   | 269700   |
| train/               |          |
|    actor_loss        | 52.6     |
|    critic_loss       | 3.18     |
|    ent_coef          | 0.0412   |
|    ent_coef_loss     | 0.48     |
|    learning_rate     | 0.0003   |
|    n_updates         | 2022720  |
|    noise_critic_loss | 12       |
-----------------------------------
-----------------------------------
| rollout/             |          |
|    ep_len_mean       | 75       |
|    ep_rew_mean       | -110     |
| time/                |          |
|    episodes          | 3600     |
|    fps               | 1        |
|    time_elapsed      | 147028   |
|    total_timesteps   | 270000   |
| train/               |          |
|    actor_loss        | 52.6     |
|    critic_loss       | 3.06     |
|    ent_coef          | 0.0411   |
|    ent_coef_loss     | 0.376    |
|    learning_rate     | 0.0003   |
|    n_updates         | 2024970  |
|    noise_critic_loss | 12.3     |
-----------------------------------
-----------------------------------
| rollout/             |          |
|    ep_len_mean       | 75       |
|    ep_rew_mean       | -110     |
| time/                |          |
|    episodes          | 3604     |
|    fps               | 1        |
|    time_elapsed      | 147145   |
|    total_timesteps   | 270300   |
| train/               |          |
|    actor_loss        | 52.8     |
|    critic_loss       | 3.22     |
|    ent_coef          | 0.0406   |
|    ent_coef_loss     | -0.218   |
|    learning_rate     | 0.0003   |
|    n_updates         | 2027220  |
|    noise_critic_loss | 12.2     |
-----------------------------------
-----------------------------------
| rollout/             |          |
|    ep_len_mean       | 75       |
|    ep_rew_mean       | -111     |
| time/                |          |
|    episodes          | 3608     |
|    fps               | 1        |
|    time_elapsed      | 147260   |
|    total_timesteps   | 270600   |
| train/               |          |
|    actor_loss        | 52.5     |
|    critic_loss       | 3.26     |
|    ent_coef          | 0.0409   |
|    ent_coef_loss     | -0.558   |
|    learning_rate     | 0.0003   |
|    n_updates         | 2029470  |
|    noise_critic_loss | 12.1     |
-----------------------------------
-----------------------------------
| rollout/             |          |
|    ep_len_mean       | 75       |
|    ep_rew_mean       | -109     |
| time/                |          |
|    episodes          | 3612     |
|    fps               | 1        |
|    time_elapsed      | 147377   |
|    total_timesteps   | 270900   |
| train/               |          |
|    actor_loss        | 52.9     |
|    critic_loss       | 3.38     |
|    ent_coef          | 0.0414   |
|    ent_coef_loss     | 0.191    |
|    learning_rate     | 0.0003   |
|    n_updates         | 2031720  |
|    noise_critic_loss | 12.7     |
-----------------------------------
-----------------------------------
| rollout/             |          |
|    ep_len_mean       | 75       |
|    ep_rew_mean       | -108     |
| time/                |          |
|    episodes          | 3616     |
|    fps               | 1        |
|    time_elapsed      | 147494   |
|    total_timesteps   | 271200   |
| train/               |          |
|    actor_loss        | 52.2     |
|    critic_loss       | 3.34     |
|    ent_coef          | 0.0417   |
|    ent_coef_loss     | -0.218   |
|    learning_rate     | 0.0003   |
|    n_updates         | 2033970  |
|    noise_critic_loss | 12.8     |
-----------------------------------
-----------------------------------
| rollout/             |          |
|    ep_len_mean       | 75       |
|    ep_rew_mean       | -109     |
| time/                |          |
|    episodes          | 3620     |
|    fps               | 1        |
|    time_elapsed      | 147610   |
|    total_timesteps   | 271500   |
| train/               |          |
|    actor_loss        | 52.3     |
|    critic_loss       | 3.35     |
|    ent_coef          | 0.0413   |
|    ent_coef_loss     | 0.336    |
|    learning_rate     | 0.0003   |
|    n_updates         | 2036220  |
|    noise_critic_loss | 12.4     |
-----------------------------------
-----------------------------------
| rollout/             |          |
|    ep_len_mean       | 75       |
|    ep_rew_mean       | -109     |
| time/                |          |
|    episodes          | 3624     |
|    fps               | 1        |
|    time_elapsed      | 147728   |
|    total_timesteps   | 271800   |
| train/               |          |
|    actor_loss        | 52.5     |
|    critic_loss       | 3.07     |
|    ent_coef          | 0.0409   |
|    ent_coef_loss     | -0.193   |
|    learning_rate     | 0.0003   |
|    n_updates         | 2038470  |
|    noise_critic_loss | 12.5     |
-----------------------------------
-----------------------------------
| rollout/             |          |
|    ep_len_mean       | 75       |
|    ep_rew_mean       | -107     |
| time/                |          |
|    episodes          | 3628     |
|    fps               | 1        |
|    time_elapsed      | 147844   |
|    total_timesteps   | 272100   |
| train/               |          |
|    actor_loss        | 53.1     |
|    critic_loss       | 3.19     |
|    ent_coef          | 0.0408   |
|    ent_coef_loss     | 0.518    |
|    learning_rate     | 0.0003   |
|    n_updates         | 2040720  |
|    noise_critic_loss | 12.7     |
-----------------------------------
-----------------------------------
| rollout/             |          |
|    ep_len_mean       | 75       |
|    ep_rew_mean       | -106     |
| time/                |          |
|    episodes          | 3632     |
|    fps               | 1        |
|    time_elapsed      | 147962   |
|    total_timesteps   | 272400   |
| train/               |          |
|    actor_loss        | 52.9     |
|    critic_loss       | 3.18     |
|    ent_coef          | 0.0415   |
|    ent_coef_loss     | 0.136    |
|    learning_rate     | 0.0003   |
|    n_updates         | 2042970  |
|    noise_critic_loss | 11.8     |
-----------------------------------
-----------------------------------
| rollout/             |          |
|    ep_len_mean       | 75       |
|    ep_rew_mean       | -104     |
| time/                |          |
|    episodes          | 3636     |
|    fps               | 1        |
|    time_elapsed      | 148078   |
|    total_timesteps   | 272700   |
| train/               |          |
|    actor_loss        | 53       |
|    critic_loss       | 3.21     |
|    ent_coef          | 0.0411   |
|    ent_coef_loss     | -0.142   |
|    learning_rate     | 0.0003   |
|    n_updates         | 2045220  |
|    noise_critic_loss | 12       |
-----------------------------------
-----------------------------------
| rollout/             |          |
|    ep_len_mean       | 75       |
|    ep_rew_mean       | -105     |
| time/                |          |
|    episodes          | 3640     |
|    fps               | 1        |
|    time_elapsed      | 148195   |
|    total_timesteps   | 273000   |
| train/               |          |
|    actor_loss        | 52.3     |
|    critic_loss       | 3.13     |
|    ent_coef          | 0.0406   |
|    ent_coef_loss     | 0.114    |
|    learning_rate     | 0.0003   |
|    n_updates         | 2047470  |
|    noise_critic_loss | 12.1     |
-----------------------------------
-----------------------------------
| rollout/             |          |
|    ep_len_mean       | 75       |
|    ep_rew_mean       | -106     |
| time/                |          |
|    episodes          | 3644     |
|    fps               | 1        |
|    time_elapsed      | 148311   |
|    total_timesteps   | 273300   |
| train/               |          |
|    actor_loss        | 52.4     |
|    critic_loss       | 3.25     |
|    ent_coef          | 0.0417   |
|    ent_coef_loss     | 0.754    |
|    learning_rate     | 0.0003   |
|    n_updates         | 2049720  |
|    noise_critic_loss | 12.4     |
-----------------------------------
-----------------------------------
| rollout/             |          |
|    ep_len_mean       | 75       |
|    ep_rew_mean       | -105     |
| time/                |          |
|    episodes          | 3648     |
|    fps               | 1        |
|    time_elapsed      | 148428   |
|    total_timesteps   | 273600   |
| train/               |          |
|    actor_loss        | 52.2     |
|    critic_loss       | 3.29     |
|    ent_coef          | 0.0423   |
|    ent_coef_loss     | -0.378   |
|    learning_rate     | 0.0003   |
|    n_updates         | 2051970  |
|    noise_critic_loss | 12.2     |
-----------------------------------
-----------------------------------
| rollout/             |          |
|    ep_len_mean       | 75       |
|    ep_rew_mean       | -107     |
| time/                |          |
|    episodes          | 3652     |
|    fps               | 1        |
|    time_elapsed      | 148545   |
|    total_timesteps   | 273900   |
| train/               |          |
|    actor_loss        | 52.5     |
|    critic_loss       | 3.25     |
|    ent_coef          | 0.0408   |
|    ent_coef_loss     | 0.0267   |
|    learning_rate     | 0.0003   |
|    n_updates         | 2054220  |
|    noise_critic_loss | 12.7     |
-----------------------------------
-----------------------------------
| rollout/             |          |
|    ep_len_mean       | 75       |
|    ep_rew_mean       | -106     |
| time/                |          |
|    episodes          | 3656     |
|    fps               | 1        |
|    time_elapsed      | 148661   |
|    total_timesteps   | 274200   |
| train/               |          |
|    actor_loss        | 52.6     |
|    critic_loss       | 3.14     |
|    ent_coef          | 0.0417   |
|    ent_coef_loss     | 0.177    |
|    learning_rate     | 0.0003   |
|    n_updates         | 2056470  |
|    noise_critic_loss | 12       |
-----------------------------------
-----------------------------------
| rollout/             |          |
|    ep_len_mean       | 75       |
|    ep_rew_mean       | -106     |
| time/                |          |
|    episodes          | 3660     |
|    fps               | 1        |
|    time_elapsed      | 148777   |
|    total_timesteps   | 274500   |
| train/               |          |
|    actor_loss        | 52.4     |
|    critic_loss       | 3.29     |
|    ent_coef          | 0.0416   |
|    ent_coef_loss     | -1.08    |
|    learning_rate     | 0.0003   |
|    n_updates         | 2058720  |
|    noise_critic_loss | 12.6     |
-----------------------------------
-----------------------------------
| rollout/             |          |
|    ep_len_mean       | 75       |
|    ep_rew_mean       | -106     |
| time/                |          |
|    episodes          | 3664     |
|    fps               | 1        |
|    time_elapsed      | 148895   |
|    total_timesteps   | 274800   |
| train/               |          |
|    actor_loss        | 52.6     |
|    critic_loss       | 3.18     |
|    ent_coef          | 0.0411   |
|    ent_coef_loss     | 0.0215   |
|    learning_rate     | 0.0003   |
|    n_updates         | 2060970  |
|    noise_critic_loss | 12.4     |
-----------------------------------
-----------------------------------
| rollout/             |          |
|    ep_len_mean       | 75       |
|    ep_rew_mean       | -105     |
| time/                |          |
|    episodes          | 3668     |
|    fps               | 1        |
|    time_elapsed      | 149012   |
|    total_timesteps   | 275100   |
| train/               |          |
|    actor_loss        | 52       |
|    critic_loss       | 3.3      |
|    ent_coef          | 0.0417   |
|    ent_coef_loss     | -0.584   |
|    learning_rate     | 0.0003   |
|    n_updates         | 2063220  |
|    noise_critic_loss | 12.9     |
-----------------------------------
-----------------------------------
| rollout/             |          |
|    ep_len_mean       | 75       |
|    ep_rew_mean       | -104     |
| time/                |          |
|    episodes          | 3672     |
|    fps               | 1        |
|    time_elapsed      | 149130   |
|    total_timesteps   | 275400   |
| train/               |          |
|    actor_loss        | 52.8     |
|    critic_loss       | 3.38     |
|    ent_coef          | 0.0418   |
|    ent_coef_loss     | -0.399   |
|    learning_rate     | 0.0003   |
|    n_updates         | 2065470  |
|    noise_critic_loss | 12       |
-----------------------------------
-----------------------------------
| rollout/             |          |
|    ep_len_mean       | 75       |
|    ep_rew_mean       | -105     |
| time/                |          |
|    episodes          | 3676     |
|    fps               | 1        |
|    time_elapsed      | 149246   |
|    total_timesteps   | 275700   |
| train/               |          |
|    actor_loss        | 53       |
|    critic_loss       | 3.3      |
|    ent_coef          | 0.0414   |
|    ent_coef_loss     | 0.1      |
|    learning_rate     | 0.0003   |
|    n_updates         | 2067720  |
|    noise_critic_loss | 12.1     |
-----------------------------------
eval episode 0 at timestep 1110004
eval episode 1 at timestep 1110004
eval episode 2 at timestep 1110004
eval episode 3 at timestep 1110004
eval episode 4 at timestep 1110004
eval episode 5 at timestep 1110004
eval episode 6 at timestep 1110004
eval episode 7 at timestep 1110004
-----------------------------------
| rollout/             |          |
|    ep_len_mean       | 75       |
|    ep_rew_mean       | -103     |
| time/                |          |
|    episodes          | 3680     |
|    fps               | 1        |
|    time_elapsed      | 151286   |
|    total_timesteps   | 276000   |
| train/               |          |
|    actor_loss        | 53.1     |
|    critic_loss       | 3.22     |
|    ent_coef          | 0.0413   |
|    ent_coef_loss     | 0.0416   |
|    learning_rate     | 0.0003   |
|    n_updates         | 2069970  |
|    noise_critic_loss | 11.9     |
-----------------------------------
-----------------------------------
| rollout/             |          |
|    ep_len_mean       | 75       |
|    ep_rew_mean       | -104     |
| time/                |          |
|    episodes          | 3684     |
|    fps               | 1        |
|    time_elapsed      | 151403   |
|    total_timesteps   | 276300   |
| train/               |          |
|    actor_loss        | 53       |
|    critic_loss       | 3.28     |
|    ent_coef          | 0.0422   |
|    ent_coef_loss     | -0.264   |
|    learning_rate     | 0.0003   |
|    n_updates         | 2072220  |
|    noise_critic_loss | 12.6     |
-----------------------------------
-----------------------------------
| rollout/             |          |
|    ep_len_mean       | 75       |
|    ep_rew_mean       | -103     |
| time/                |          |
|    episodes          | 3688     |
|    fps               | 1        |
|    time_elapsed      | 151520   |
|    total_timesteps   | 276600   |
| train/               |          |
|    actor_loss        | 52.2     |
|    critic_loss       | 3.43     |
|    ent_coef          | 0.041    |
|    ent_coef_loss     | -0.442   |
|    learning_rate     | 0.0003   |
|    n_updates         | 2074470  |
|    noise_critic_loss | 12.3     |
-----------------------------------
-----------------------------------
| rollout/             |          |
|    ep_len_mean       | 75       |
|    ep_rew_mean       | -102     |
| time/                |          |
|    episodes          | 3692     |
|    fps               | 1        |
|    time_elapsed      | 151637   |
|    total_timesteps   | 276900   |
| train/               |          |
|    actor_loss        | 52.6     |
|    critic_loss       | 3.4      |
|    ent_coef          | 0.0416   |
|    ent_coef_loss     | 0.391    |
|    learning_rate     | 0.0003   |
|    n_updates         | 2076720  |
|    noise_critic_loss | 12.9     |
-----------------------------------
-----------------------------------
| rollout/             |          |
|    ep_len_mean       | 75       |
|    ep_rew_mean       | -103     |
| time/                |          |
|    episodes          | 3696     |
|    fps               | 1        |
|    time_elapsed      | 151753   |
|    total_timesteps   | 277200   |
| train/               |          |
|    actor_loss        | 52.7     |
|    critic_loss       | 3.34     |
|    ent_coef          | 0.0416   |
|    ent_coef_loss     | 0.275    |
|    learning_rate     | 0.0003   |
|    n_updates         | 2078970  |
|    noise_critic_loss | 11.9     |
-----------------------------------
-----------------------------------
| rollout/             |          |
|    ep_len_mean       | 75       |
|    ep_rew_mean       | -102     |
| time/                |          |
|    episodes          | 3700     |
|    fps               | 1        |
|    time_elapsed      | 151871   |
|    total_timesteps   | 277500   |
| train/               |          |
|    actor_loss        | 52.3     |
|    critic_loss       | 3.32     |
|    ent_coef          | 0.0416   |
|    ent_coef_loss     | -0.083   |
|    learning_rate     | 0.0003   |
|    n_updates         | 2081220  |
|    noise_critic_loss | 13.3     |
-----------------------------------
-----------------------------------
| rollout/             |          |
|    ep_len_mean       | 75       |
|    ep_rew_mean       | -103     |
| time/                |          |
|    episodes          | 3704     |
|    fps               | 1        |
|    time_elapsed      | 151990   |
|    total_timesteps   | 277800   |
| train/               |          |
|    actor_loss        | 52.4     |
|    critic_loss       | 3.38     |
|    ent_coef          | 0.0419   |
|    ent_coef_loss     | -0.554   |
|    learning_rate     | 0.0003   |
|    n_updates         | 2083470  |
|    noise_critic_loss | 12.5     |
-----------------------------------
-----------------------------------
| rollout/             |          |
|    ep_len_mean       | 75       |
|    ep_rew_mean       | -103     |
| time/                |          |
|    episodes          | 3708     |
|    fps               | 1        |
|    time_elapsed      | 152108   |
|    total_timesteps   | 278100   |
| train/               |          |
|    actor_loss        | 52.6     |
|    critic_loss       | 3.4      |
|    ent_coef          | 0.0412   |
|    ent_coef_loss     | -0.633   |
|    learning_rate     | 0.0003   |
|    n_updates         | 2085720  |
|    noise_critic_loss | 12       |
-----------------------------------
-----------------------------------
| rollout/             |          |
|    ep_len_mean       | 75       |
|    ep_rew_mean       | -104     |
| time/                |          |
|    episodes          | 3712     |
|    fps               | 1        |
|    time_elapsed      | 152228   |
|    total_timesteps   | 278400   |
| train/               |          |
|    actor_loss        | 52.6     |
|    critic_loss       | 3.4      |
|    ent_coef          | 0.0406   |
|    ent_coef_loss     | -0.0117  |
|    learning_rate     | 0.0003   |
|    n_updates         | 2087970  |
|    noise_critic_loss | 11.7     |
-----------------------------------
-----------------------------------
| rollout/             |          |
|    ep_len_mean       | 75       |
|    ep_rew_mean       | -103     |
| time/                |          |
|    episodes          | 3716     |
|    fps               | 1        |
|    time_elapsed      | 152348   |
|    total_timesteps   | 278700   |
| train/               |          |
|    actor_loss        | 53.1     |
|    critic_loss       | 3.35     |
|    ent_coef          | 0.0411   |
|    ent_coef_loss     | 0.0548   |
|    learning_rate     | 0.0003   |
|    n_updates         | 2090220  |
|    noise_critic_loss | 12.6     |
-----------------------------------
-----------------------------------
| rollout/             |          |
|    ep_len_mean       | 75       |
|    ep_rew_mean       | -103     |
| time/                |          |
|    episodes          | 3720     |
|    fps               | 1        |
|    time_elapsed      | 152467   |
|    total_timesteps   | 279000   |
| train/               |          |
|    actor_loss        | 52.9     |
|    critic_loss       | 3.45     |
|    ent_coef          | 0.0415   |
|    ent_coef_loss     | -0.024   |
|    learning_rate     | 0.0003   |
|    n_updates         | 2092470  |
|    noise_critic_loss | 12.2     |
-----------------------------------
-----------------------------------
| rollout/             |          |
|    ep_len_mean       | 75       |
|    ep_rew_mean       | -104     |
| time/                |          |
|    episodes          | 3724     |
|    fps               | 1        |
|    time_elapsed      | 152586   |
|    total_timesteps   | 279300   |
| train/               |          |
|    actor_loss        | 52       |
|    critic_loss       | 3.19     |
|    ent_coef          | 0.0416   |
|    ent_coef_loss     | -0.752   |
|    learning_rate     | 0.0003   |
|    n_updates         | 2094720  |
|    noise_critic_loss | 11.9     |
-----------------------------------
-----------------------------------
| rollout/             |          |
|    ep_len_mean       | 75       |
|    ep_rew_mean       | -105     |
| time/                |          |
|    episodes          | 3728     |
|    fps               | 1        |
|    time_elapsed      | 152704   |
|    total_timesteps   | 279600   |
| train/               |          |
|    actor_loss        | 53.1     |
|    critic_loss       | 3.29     |
|    ent_coef          | 0.041    |
|    ent_coef_loss     | 0.0414   |
|    learning_rate     | 0.0003   |
|    n_updates         | 2096970  |
|    noise_critic_loss | 12.7     |
-----------------------------------
-----------------------------------
| rollout/             |          |
|    ep_len_mean       | 75       |
|    ep_rew_mean       | -107     |
| time/                |          |
|    episodes          | 3732     |
|    fps               | 1        |
|    time_elapsed      | 152819   |
|    total_timesteps   | 279900   |
| train/               |          |
|    actor_loss        | 53.1     |
|    critic_loss       | 3.39     |
|    ent_coef          | 0.0407   |
|    ent_coef_loss     | -0.00905 |
|    learning_rate     | 0.0003   |
|    n_updates         | 2099220  |
|    noise_critic_loss | 11.7     |
-----------------------------------
-----------------------------------
| rollout/             |          |
|    ep_len_mean       | 75       |
|    ep_rew_mean       | -107     |
| time/                |          |
|    episodes          | 3736     |
|    fps               | 1        |
|    time_elapsed      | 152934   |
|    total_timesteps   | 280200   |
| train/               |          |
|    actor_loss        | 53.2     |
|    critic_loss       | 3.45     |
|    ent_coef          | 0.0418   |
|    ent_coef_loss     | 1.31     |
|    learning_rate     | 0.0003   |
|    n_updates         | 2101470  |
|    noise_critic_loss | 12.7     |
-----------------------------------
-----------------------------------
| rollout/             |          |
|    ep_len_mean       | 75       |
|    ep_rew_mean       | -107     |
| time/                |          |
|    episodes          | 3740     |
|    fps               | 1        |
|    time_elapsed      | 153049   |
|    total_timesteps   | 280500   |
| train/               |          |
|    actor_loss        | 53       |
|    critic_loss       | 3.32     |
|    ent_coef          | 0.0411   |
|    ent_coef_loss     | -0.274   |
|    learning_rate     | 0.0003   |
|    n_updates         | 2103720  |
|    noise_critic_loss | 13.4     |
-----------------------------------
-----------------------------------
| rollout/             |          |
|    ep_len_mean       | 75       |
|    ep_rew_mean       | -105     |
| time/                |          |
|    episodes          | 3744     |
|    fps               | 1        |
|    time_elapsed      | 153163   |
|    total_timesteps   | 280800   |
| train/               |          |
|    actor_loss        | 52.9     |
|    critic_loss       | 3.85     |
|    ent_coef          | 0.0412   |
|    ent_coef_loss     | 0.0798   |
|    learning_rate     | 0.0003   |
|    n_updates         | 2105970  |
|    noise_critic_loss | 12.1     |
-----------------------------------
-----------------------------------
| rollout/             |          |
|    ep_len_mean       | 75       |
|    ep_rew_mean       | -104     |
| time/                |          |
|    episodes          | 3748     |
|    fps               | 1        |
|    time_elapsed      | 153279   |
|    total_timesteps   | 281100   |
| train/               |          |
|    actor_loss        | 53       |
|    critic_loss       | 3.48     |
|    ent_coef          | 0.0411   |
|    ent_coef_loss     | -0.233   |
|    learning_rate     | 0.0003   |
|    n_updates         | 2108220  |
|    noise_critic_loss | 13       |
-----------------------------------
-----------------------------------
| rollout/             |          |
|    ep_len_mean       | 75       |
|    ep_rew_mean       | -103     |
| time/                |          |
|    episodes          | 3752     |
|    fps               | 1        |
|    time_elapsed      | 153395   |
|    total_timesteps   | 281400   |
| train/               |          |
|    actor_loss        | 53.7     |
|    critic_loss       | 3.39     |
|    ent_coef          | 0.0416   |
|    ent_coef_loss     | 0.0262   |
|    learning_rate     | 0.0003   |
|    n_updates         | 2110470  |
|    noise_critic_loss | 13.6     |
-----------------------------------
-----------------------------------
| rollout/             |          |
|    ep_len_mean       | 75       |
|    ep_rew_mean       | -104     |
| time/                |          |
|    episodes          | 3756     |
|    fps               | 1        |
|    time_elapsed      | 153510   |
|    total_timesteps   | 281700   |
| train/               |          |
|    actor_loss        | 53.7     |
|    critic_loss       | 3.24     |
|    ent_coef          | 0.0413   |
|    ent_coef_loss     | 0.327    |
|    learning_rate     | 0.0003   |
|    n_updates         | 2112720  |
|    noise_critic_loss | 13.1     |
-----------------------------------
-----------------------------------
| rollout/             |          |
|    ep_len_mean       | 75       |
|    ep_rew_mean       | -104     |
| time/                |          |
|    episodes          | 3760     |
|    fps               | 1        |
|    time_elapsed      | 153625   |
|    total_timesteps   | 282000   |
| train/               |          |
|    actor_loss        | 52.9     |
|    critic_loss       | 3.27     |
|    ent_coef          | 0.0415   |
|    ent_coef_loss     | -0.166   |
|    learning_rate     | 0.0003   |
|    n_updates         | 2114970  |
|    noise_critic_loss | 12.7     |
-----------------------------------
-----------------------------------
| rollout/             |          |
|    ep_len_mean       | 75       |
|    ep_rew_mean       | -105     |
| time/                |          |
|    episodes          | 3764     |
|    fps               | 1        |
|    time_elapsed      | 153739   |
|    total_timesteps   | 282300   |
| train/               |          |
|    actor_loss        | 53.3     |
|    critic_loss       | 3.42     |
|    ent_coef          | 0.042    |
|    ent_coef_loss     | -0.443   |
|    learning_rate     | 0.0003   |
|    n_updates         | 2117220  |
|    noise_critic_loss | 12.6     |
-----------------------------------
-----------------------------------
| rollout/             |          |
|    ep_len_mean       | 75       |
|    ep_rew_mean       | -104     |
| time/                |          |
|    episodes          | 3768     |
|    fps               | 1        |
|    time_elapsed      | 153855   |
|    total_timesteps   | 282600   |
| train/               |          |
|    actor_loss        | 53       |
|    critic_loss       | 3.54     |
|    ent_coef          | 0.0416   |
|    ent_coef_loss     | 0.266    |
|    learning_rate     | 0.0003   |
|    n_updates         | 2119470  |
|    noise_critic_loss | 12.1     |
-----------------------------------
-----------------------------------
| rollout/             |          |
|    ep_len_mean       | 75       |
|    ep_rew_mean       | -103     |
| time/                |          |
|    episodes          | 3772     |
|    fps               | 1        |
|    time_elapsed      | 153971   |
|    total_timesteps   | 282900   |
| train/               |          |
|    actor_loss        | 53.7     |
|    critic_loss       | 3.51     |
|    ent_coef          | 0.0414   |
|    ent_coef_loss     | 0.392    |
|    learning_rate     | 0.0003   |
|    n_updates         | 2121720  |
|    noise_critic_loss | 13.4     |
-----------------------------------
-----------------------------------
| rollout/             |          |
|    ep_len_mean       | 75       |
|    ep_rew_mean       | -102     |
| time/                |          |
|    episodes          | 3776     |
|    fps               | 1        |
|    time_elapsed      | 154085   |
|    total_timesteps   | 283200   |
| train/               |          |
|    actor_loss        | 52.9     |
|    critic_loss       | 3.37     |
|    ent_coef          | 0.0416   |
|    ent_coef_loss     | -0.0786  |
|    learning_rate     | 0.0003   |
|    n_updates         | 2123970  |
|    noise_critic_loss | 12.7     |
-----------------------------------
-----------------------------------
| rollout/             |          |
|    ep_len_mean       | 75       |
|    ep_rew_mean       | -102     |
| time/                |          |
|    episodes          | 3780     |
|    fps               | 1        |
|    time_elapsed      | 154201   |
|    total_timesteps   | 283500   |
| train/               |          |
|    actor_loss        | 53       |
|    critic_loss       | 3.38     |
|    ent_coef          | 0.0412   |
|    ent_coef_loss     | 0.269    |
|    learning_rate     | 0.0003   |
|    n_updates         | 2126220  |
|    noise_critic_loss | 12.6     |
-----------------------------------
-----------------------------------
| rollout/             |          |
|    ep_len_mean       | 75       |
|    ep_rew_mean       | -101     |
| time/                |          |
|    episodes          | 3784     |
|    fps               | 1        |
|    time_elapsed      | 154316   |
|    total_timesteps   | 283800   |
| train/               |          |
|    actor_loss        | 52.8     |
|    critic_loss       | 3.11     |
|    ent_coef          | 0.0413   |
|    ent_coef_loss     | -0.293   |
|    learning_rate     | 0.0003   |
|    n_updates         | 2128470  |
|    noise_critic_loss | 12.3     |
-----------------------------------
-----------------------------------
| rollout/             |          |
|    ep_len_mean       | 75       |
|    ep_rew_mean       | -103     |
| time/                |          |
|    episodes          | 3788     |
|    fps               | 1        |
|    time_elapsed      | 154430   |
|    total_timesteps   | 284100   |
| train/               |          |
|    actor_loss        | 53       |
|    critic_loss       | 3.39     |
|    ent_coef          | 0.0423   |
|    ent_coef_loss     | 0.0441   |
|    learning_rate     | 0.0003   |
|    n_updates         | 2130720  |
|    noise_critic_loss | 12.1     |
-----------------------------------
-----------------------------------
| rollout/             |          |
|    ep_len_mean       | 75       |
|    ep_rew_mean       | -103     |
| time/                |          |
|    episodes          | 3792     |
|    fps               | 1        |
|    time_elapsed      | 154545   |
|    total_timesteps   | 284400   |
| train/               |          |
|    actor_loss        | 53.2     |
|    critic_loss       | 3.23     |
|    ent_coef          | 0.0417   |
|    ent_coef_loss     | -0.277   |
|    learning_rate     | 0.0003   |
|    n_updates         | 2132970  |
|    noise_critic_loss | 12.4     |
-----------------------------------
-----------------------------------
| rollout/             |          |
|    ep_len_mean       | 75       |
|    ep_rew_mean       | -101     |
| time/                |          |
|    episodes          | 3796     |
|    fps               | 1        |
|    time_elapsed      | 154660   |
|    total_timesteps   | 284700   |
| train/               |          |
|    actor_loss        | 53.1     |
|    critic_loss       | 3.29     |
|    ent_coef          | 0.0413   |
|    ent_coef_loss     | 0.47     |
|    learning_rate     | 0.0003   |
|    n_updates         | 2135220  |
|    noise_critic_loss | 12.7     |
-----------------------------------
-----------------------------------
| rollout/             |          |
|    ep_len_mean       | 75       |
|    ep_rew_mean       | -101     |
| time/                |          |
|    episodes          | 3800     |
|    fps               | 1        |
|    time_elapsed      | 154775   |
|    total_timesteps   | 285000   |
| train/               |          |
|    actor_loss        | 52.5     |
|    critic_loss       | 3.32     |
|    ent_coef          | 0.0412   |
|    ent_coef_loss     | -1.04    |
|    learning_rate     | 0.0003   |
|    n_updates         | 2137470  |
|    noise_critic_loss | 11.9     |
-----------------------------------
-----------------------------------
| rollout/             |          |
|    ep_len_mean       | 75       |
|    ep_rew_mean       | -101     |
| time/                |          |
|    episodes          | 3804     |
|    fps               | 1        |
|    time_elapsed      | 154891   |
|    total_timesteps   | 285300   |
| train/               |          |
|    actor_loss        | 52.4     |
|    critic_loss       | 3.23     |
|    ent_coef          | 0.0415   |
|    ent_coef_loss     | 0.213    |
|    learning_rate     | 0.0003   |
|    n_updates         | 2139720  |
|    noise_critic_loss | 12.7     |
-----------------------------------
-----------------------------------
| rollout/             |          |
|    ep_len_mean       | 75       |
|    ep_rew_mean       | -102     |
| time/                |          |
|    episodes          | 3808     |
|    fps               | 1        |
|    time_elapsed      | 155006   |
|    total_timesteps   | 285600   |
| train/               |          |
|    actor_loss        | 53.1     |
|    critic_loss       | 3.46     |
|    ent_coef          | 0.0417   |
|    ent_coef_loss     | 0.279    |
|    learning_rate     | 0.0003   |
|    n_updates         | 2141970  |
|    noise_critic_loss | 11.8     |
-----------------------------------
-----------------------------------
| rollout/             |          |
|    ep_len_mean       | 75       |
|    ep_rew_mean       | -102     |
| time/                |          |
|    episodes          | 3812     |
|    fps               | 1        |
|    time_elapsed      | 155120   |
|    total_timesteps   | 285900   |
| train/               |          |
|    actor_loss        | 52.2     |
|    critic_loss       | 3.32     |
|    ent_coef          | 0.0411   |
|    ent_coef_loss     | 0.409    |
|    learning_rate     | 0.0003   |
|    n_updates         | 2144220  |
|    noise_critic_loss | 12.7     |
-----------------------------------
-----------------------------------
| rollout/             |          |
|    ep_len_mean       | 75       |
|    ep_rew_mean       | -103     |
| time/                |          |
|    episodes          | 3816     |
|    fps               | 1        |
|    time_elapsed      | 155235   |
|    total_timesteps   | 286200   |
| train/               |          |
|    actor_loss        | 52.6     |
|    critic_loss       | 3.35     |
|    ent_coef          | 0.0407   |
|    ent_coef_loss     | -0.407   |
|    learning_rate     | 0.0003   |
|    n_updates         | 2146470  |
|    noise_critic_loss | 12.2     |
-----------------------------------
-----------------------------------
| rollout/             |          |
|    ep_len_mean       | 75       |
|    ep_rew_mean       | -103     |
| time/                |          |
|    episodes          | 3820     |
|    fps               | 1        |
|    time_elapsed      | 155349   |
|    total_timesteps   | 286500   |
| train/               |          |
|    actor_loss        | 53.1     |
|    critic_loss       | 3.46     |
|    ent_coef          | 0.0416   |
|    ent_coef_loss     | -0.823   |
|    learning_rate     | 0.0003   |
|    n_updates         | 2148720  |
|    noise_critic_loss | 12.8     |
-----------------------------------
-----------------------------------
| rollout/             |          |
|    ep_len_mean       | 75       |
|    ep_rew_mean       | -103     |
| time/                |          |
|    episodes          | 3824     |
|    fps               | 1        |
|    time_elapsed      | 155464   |
|    total_timesteps   | 286800   |
| train/               |          |
|    actor_loss        | 52.4     |
|    critic_loss       | 3.44     |
|    ent_coef          | 0.0411   |
|    ent_coef_loss     | 0.175    |
|    learning_rate     | 0.0003   |
|    n_updates         | 2150970  |
|    noise_critic_loss | 12       |
-----------------------------------
-----------------------------------
| rollout/             |          |
|    ep_len_mean       | 75       |
|    ep_rew_mean       | -102     |
| time/                |          |
|    episodes          | 3828     |
|    fps               | 1        |
|    time_elapsed      | 155579   |
|    total_timesteps   | 287100   |
| train/               |          |
|    actor_loss        | 52.6     |
|    critic_loss       | 3.21     |
|    ent_coef          | 0.041    |
|    ent_coef_loss     | 0.231    |
|    learning_rate     | 0.0003   |
|    n_updates         | 2153220  |
|    noise_critic_loss | 12.1     |
-----------------------------------
-----------------------------------
| rollout/             |          |
|    ep_len_mean       | 75       |
|    ep_rew_mean       | -102     |
| time/                |          |
|    episodes          | 3832     |
|    fps               | 1        |
|    time_elapsed      | 155694   |
|    total_timesteps   | 287400   |
| train/               |          |
|    actor_loss        | 52.9     |
|    critic_loss       | 3.21     |
|    ent_coef          | 0.041    |
|    ent_coef_loss     | -0.695   |
|    learning_rate     | 0.0003   |
|    n_updates         | 2155470  |
|    noise_critic_loss | 12.4     |
-----------------------------------
-----------------------------------
| rollout/             |          |
|    ep_len_mean       | 75       |
|    ep_rew_mean       | -101     |
| time/                |          |
|    episodes          | 3836     |
|    fps               | 1        |
|    time_elapsed      | 155810   |
|    total_timesteps   | 287700   |
| train/               |          |
|    actor_loss        | 53       |
|    critic_loss       | 3.46     |
|    ent_coef          | 0.0402   |
|    ent_coef_loss     | -0.74    |
|    learning_rate     | 0.0003   |
|    n_updates         | 2157720  |
|    noise_critic_loss | 11.7     |
-----------------------------------
eval episode 0 at timestep 1158004
eval episode 1 at timestep 1158004
eval episode 2 at timestep 1158004
eval episode 3 at timestep 1158004
eval episode 4 at timestep 1158004
eval episode 5 at timestep 1158004
eval episode 6 at timestep 1158004
eval episode 7 at timestep 1158004
-----------------------------------
| rollout/             |          |
|    ep_len_mean       | 75       |
|    ep_rew_mean       | -101     |
| time/                |          |
|    episodes          | 3840     |
|    fps               | 1        |
|    time_elapsed      | 157801   |
|    total_timesteps   | 288000   |
| train/               |          |
|    actor_loss        | 52.4     |
|    critic_loss       | 3.28     |
|    ent_coef          | 0.0412   |
|    ent_coef_loss     | 0.19     |
|    learning_rate     | 0.0003   |
|    n_updates         | 2159970  |
|    noise_critic_loss | 12.2     |
-----------------------------------
-----------------------------------
| rollout/             |          |
|    ep_len_mean       | 75       |
|    ep_rew_mean       | -102     |
| time/                |          |
|    episodes          | 3844     |
|    fps               | 1        |
|    time_elapsed      | 157916   |
|    total_timesteps   | 288300   |
| train/               |          |
|    actor_loss        | 53       |
|    critic_loss       | 3.63     |
|    ent_coef          | 0.041    |
|    ent_coef_loss     | 0.688    |
|    learning_rate     | 0.0003   |
|    n_updates         | 2162220  |
|    noise_critic_loss | 12.5     |
-----------------------------------
-----------------------------------
| rollout/             |          |
|    ep_len_mean       | 75       |
|    ep_rew_mean       | -102     |
| time/                |          |
|    episodes          | 3848     |
|    fps               | 1        |
|    time_elapsed      | 158031   |
|    total_timesteps   | 288600   |
| train/               |          |
|    actor_loss        | 52.8     |
|    critic_loss       | 3.37     |
|    ent_coef          | 0.041    |
|    ent_coef_loss     | -0.32    |
|    learning_rate     | 0.0003   |
|    n_updates         | 2164470  |
|    noise_critic_loss | 12.1     |
-----------------------------------
-----------------------------------
| rollout/             |          |
|    ep_len_mean       | 75       |
|    ep_rew_mean       | -102     |
| time/                |          |
|    episodes          | 3852     |
|    fps               | 1        |
|    time_elapsed      | 158146   |
|    total_timesteps   | 288900   |
| train/               |          |
|    actor_loss        | 53.3     |
|    critic_loss       | 3.39     |
|    ent_coef          | 0.0416   |
|    ent_coef_loss     | -0.197   |
|    learning_rate     | 0.0003   |
|    n_updates         | 2166720  |
|    noise_critic_loss | 12.2     |
-----------------------------------
-----------------------------------
| rollout/             |          |
|    ep_len_mean       | 75       |
|    ep_rew_mean       | -99.8    |
| time/                |          |
|    episodes          | 3856     |
|    fps               | 1        |
|    time_elapsed      | 158262   |
|    total_timesteps   | 289200   |
| train/               |          |
|    actor_loss        | 52.9     |
|    critic_loss       | 3.3      |
|    ent_coef          | 0.0405   |
|    ent_coef_loss     | 0.48     |
|    learning_rate     | 0.0003   |
|    n_updates         | 2168970  |
|    noise_critic_loss | 11.9     |
-----------------------------------
-----------------------------------
| rollout/             |          |
|    ep_len_mean       | 75       |
|    ep_rew_mean       | -99.7    |
| time/                |          |
|    episodes          | 3860     |
|    fps               | 1        |
|    time_elapsed      | 158377   |
|    total_timesteps   | 289500   |
| train/               |          |
|    actor_loss        | 52.5     |
|    critic_loss       | 3.51     |
|    ent_coef          | 0.0408   |
|    ent_coef_loss     | -0.714   |
|    learning_rate     | 0.0003   |
|    n_updates         | 2171220  |
|    noise_critic_loss | 12.7     |
-----------------------------------
-----------------------------------
| rollout/             |          |
|    ep_len_mean       | 75       |
|    ep_rew_mean       | -97.1    |
| time/                |          |
|    episodes          | 3864     |
|    fps               | 1        |
|    time_elapsed      | 158493   |
|    total_timesteps   | 289800   |
| train/               |          |
|    actor_loss        | 52.7     |
|    critic_loss       | 3.42     |
|    ent_coef          | 0.0411   |
|    ent_coef_loss     | -0.462   |
|    learning_rate     | 0.0003   |
|    n_updates         | 2173470  |
|    noise_critic_loss | 12.5     |
-----------------------------------
-----------------------------------
| rollout/             |          |
|    ep_len_mean       | 75       |
|    ep_rew_mean       | -96.7    |
| time/                |          |
|    episodes          | 3868     |
|    fps               | 1        |
|    time_elapsed      | 158609   |
|    total_timesteps   | 290100   |
| train/               |          |
|    actor_loss        | 53       |
|    critic_loss       | 3.45     |
|    ent_coef          | 0.0409   |
|    ent_coef_loss     | -0.362   |
|    learning_rate     | 0.0003   |
|    n_updates         | 2175720  |
|    noise_critic_loss | 12.8     |
-----------------------------------
-----------------------------------
| rollout/             |          |
|    ep_len_mean       | 75       |
|    ep_rew_mean       | -99.1    |
| time/                |          |
|    episodes          | 3872     |
|    fps               | 1        |
|    time_elapsed      | 158724   |
|    total_timesteps   | 290400   |
| train/               |          |
|    actor_loss        | 52.3     |
|    critic_loss       | 3.45     |
|    ent_coef          | 0.0415   |
|    ent_coef_loss     | -0.151   |
|    learning_rate     | 0.0003   |
|    n_updates         | 2177970  |
|    noise_critic_loss | 14.3     |
-----------------------------------
-----------------------------------
| rollout/             |          |
|    ep_len_mean       | 75       |
|    ep_rew_mean       | -101     |
| time/                |          |
|    episodes          | 3876     |
|    fps               | 1        |
|    time_elapsed      | 158838   |
|    total_timesteps   | 290700   |
| train/               |          |
|    actor_loss        | 52.6     |
|    critic_loss       | 3.7      |
|    ent_coef          | 0.041    |
|    ent_coef_loss     | -0.224   |
|    learning_rate     | 0.0003   |
|    n_updates         | 2180220  |
|    noise_critic_loss | 12.1     |
-----------------------------------
-----------------------------------
| rollout/             |          |
|    ep_len_mean       | 75       |
|    ep_rew_mean       | -102     |
| time/                |          |
|    episodes          | 3880     |
|    fps               | 1        |
|    time_elapsed      | 158953   |
|    total_timesteps   | 291000   |
| train/               |          |
|    actor_loss        | 52.6     |
|    critic_loss       | 3.17     |
|    ent_coef          | 0.0412   |
|    ent_coef_loss     | 0.0733   |
|    learning_rate     | 0.0003   |
|    n_updates         | 2182470  |
|    noise_critic_loss | 12.1     |
-----------------------------------
-----------------------------------
| rollout/             |          |
|    ep_len_mean       | 75       |
|    ep_rew_mean       | -103     |
| time/                |          |
|    episodes          | 3884     |
|    fps               | 1        |
|    time_elapsed      | 159068   |
|    total_timesteps   | 291300   |
| train/               |          |
|    actor_loss        | 53.4     |
|    critic_loss       | 3.18     |
|    ent_coef          | 0.041    |
|    ent_coef_loss     | -0.118   |
|    learning_rate     | 0.0003   |
|    n_updates         | 2184720  |
|    noise_critic_loss | 12.6     |
-----------------------------------
-----------------------------------
| rollout/             |          |
|    ep_len_mean       | 75       |
|    ep_rew_mean       | -101     |
| time/                |          |
|    episodes          | 3888     |
|    fps               | 1        |
|    time_elapsed      | 159182   |
|    total_timesteps   | 291600   |
| train/               |          |
|    actor_loss        | 52.7     |
|    critic_loss       | 3.25     |
|    ent_coef          | 0.0411   |
|    ent_coef_loss     | -0.508   |
|    learning_rate     | 0.0003   |
|    n_updates         | 2186970  |
|    noise_critic_loss | 13.1     |
-----------------------------------
-----------------------------------
| rollout/             |          |
|    ep_len_mean       | 75       |
|    ep_rew_mean       | -101     |
| time/                |          |
|    episodes          | 3892     |
|    fps               | 1        |
|    time_elapsed      | 159298   |
|    total_timesteps   | 291900   |
| train/               |          |
|    actor_loss        | 52.9     |
|    critic_loss       | 3.23     |
|    ent_coef          | 0.0408   |
|    ent_coef_loss     | 0.00362  |
|    learning_rate     | 0.0003   |
|    n_updates         | 2189220  |
|    noise_critic_loss | 12.4     |
-----------------------------------
-----------------------------------
| rollout/             |          |
|    ep_len_mean       | 75       |
|    ep_rew_mean       | -104     |
| time/                |          |
|    episodes          | 3896     |
|    fps               | 1        |
|    time_elapsed      | 159413   |
|    total_timesteps   | 292200   |
| train/               |          |
|    actor_loss        | 52.7     |
|    critic_loss       | 3.46     |
|    ent_coef          | 0.0413   |
|    ent_coef_loss     | 0.433    |
|    learning_rate     | 0.0003   |
|    n_updates         | 2191470  |
|    noise_critic_loss | 11.9     |
-----------------------------------
-----------------------------------
| rollout/             |          |
|    ep_len_mean       | 75       |
|    ep_rew_mean       | -103     |
| time/                |          |
|    episodes          | 3900     |
|    fps               | 1        |
|    time_elapsed      | 159528   |
|    total_timesteps   | 292500   |
| train/               |          |
|    actor_loss        | 52.9     |
|    critic_loss       | 3.37     |
|    ent_coef          | 0.0411   |
|    ent_coef_loss     | 0.0802   |
|    learning_rate     | 0.0003   |
|    n_updates         | 2193720  |
|    noise_critic_loss | 12.3     |
-----------------------------------
-----------------------------------
| rollout/             |          |
|    ep_len_mean       | 75       |
|    ep_rew_mean       | -103     |
| time/                |          |
|    episodes          | 3904     |
|    fps               | 1        |
|    time_elapsed      | 159644   |
|    total_timesteps   | 292800   |
| train/               |          |
|    actor_loss        | 52.9     |
|    critic_loss       | 3.27     |
|    ent_coef          | 0.0413   |
|    ent_coef_loss     | -0.36    |
|    learning_rate     | 0.0003   |
|    n_updates         | 2195970  |
|    noise_critic_loss | 12.2     |
-----------------------------------
-----------------------------------
| rollout/             |          |
|    ep_len_mean       | 75       |
|    ep_rew_mean       | -102     |
| time/                |          |
|    episodes          | 3908     |
|    fps               | 1        |
|    time_elapsed      | 159759   |
|    total_timesteps   | 293100   |
| train/               |          |
|    actor_loss        | 52.3     |
|    critic_loss       | 3.2      |
|    ent_coef          | 0.0413   |
|    ent_coef_loss     | -0.817   |
|    learning_rate     | 0.0003   |
|    n_updates         | 2198220  |
|    noise_critic_loss | 12.6     |
-----------------------------------
-----------------------------------
| rollout/             |          |
|    ep_len_mean       | 75       |
|    ep_rew_mean       | -99.2    |
| time/                |          |
|    episodes          | 3912     |
|    fps               | 1        |
|    time_elapsed      | 159875   |
|    total_timesteps   | 293400   |
| train/               |          |
|    actor_loss        | 53       |
|    critic_loss       | 3.59     |
|    ent_coef          | 0.0413   |
|    ent_coef_loss     | 0.35     |
|    learning_rate     | 0.0003   |
|    n_updates         | 2200470  |
|    noise_critic_loss | 13.1     |
-----------------------------------
-----------------------------------
| rollout/             |          |
|    ep_len_mean       | 75       |
|    ep_rew_mean       | -98.1    |
| time/                |          |
|    episodes          | 3916     |
|    fps               | 1        |
|    time_elapsed      | 159990   |
|    total_timesteps   | 293700   |
| train/               |          |
|    actor_loss        | 52.6     |
|    critic_loss       | 3.55     |
|    ent_coef          | 0.042    |
|    ent_coef_loss     | -0.0336  |
|    learning_rate     | 0.0003   |
|    n_updates         | 2202720  |
|    noise_critic_loss | 13.2     |
-----------------------------------
-----------------------------------
| rollout/             |          |
|    ep_len_mean       | 75       |
|    ep_rew_mean       | -96.2    |
| time/                |          |
|    episodes          | 3920     |
|    fps               | 1        |
|    time_elapsed      | 160105   |
|    total_timesteps   | 294000   |
| train/               |          |
|    actor_loss        | 53.2     |
|    critic_loss       | 3.43     |
|    ent_coef          | 0.0412   |
|    ent_coef_loss     | -0.396   |
|    learning_rate     | 0.0003   |
|    n_updates         | 2204970  |
|    noise_critic_loss | 13       |
-----------------------------------
-----------------------------------
| rollout/             |          |
|    ep_len_mean       | 75       |
|    ep_rew_mean       | -98.1    |
| time/                |          |
|    episodes          | 3924     |
|    fps               | 1        |
|    time_elapsed      | 160220   |
|    total_timesteps   | 294300   |
| train/               |          |
|    actor_loss        | 53.1     |
|    critic_loss       | 3.23     |
|    ent_coef          | 0.0406   |
|    ent_coef_loss     | 0.369    |
|    learning_rate     | 0.0003   |
|    n_updates         | 2207220  |
|    noise_critic_loss | 12       |
-----------------------------------
-----------------------------------
| rollout/             |          |
|    ep_len_mean       | 75       |
|    ep_rew_mean       | -97.1    |
| time/                |          |
|    episodes          | 3928     |
|    fps               | 1        |
|    time_elapsed      | 160336   |
|    total_timesteps   | 294600   |
| train/               |          |
|    actor_loss        | 52.8     |
|    critic_loss       | 3.26     |
|    ent_coef          | 0.0412   |
|    ent_coef_loss     | -0.422   |
|    learning_rate     | 0.0003   |
|    n_updates         | 2209470  |
|    noise_critic_loss | 12       |
-----------------------------------
-----------------------------------
| rollout/             |          |
|    ep_len_mean       | 75       |
|    ep_rew_mean       | -98.3    |
| time/                |          |
|    episodes          | 3932     |
|    fps               | 1        |
|    time_elapsed      | 160450   |
|    total_timesteps   | 294900   |
| train/               |          |
|    actor_loss        | 53.3     |
|    critic_loss       | 3.31     |
|    ent_coef          | 0.0413   |
|    ent_coef_loss     | 1.14     |
|    learning_rate     | 0.0003   |
|    n_updates         | 2211720  |
|    noise_critic_loss | 12.3     |
-----------------------------------
-----------------------------------
| rollout/             |          |
|    ep_len_mean       | 75       |
|    ep_rew_mean       | -97.8    |
| time/                |          |
|    episodes          | 3936     |
|    fps               | 1        |
|    time_elapsed      | 160565   |
|    total_timesteps   | 295200   |
| train/               |          |
|    actor_loss        | 53.1     |
|    critic_loss       | 3.21     |
|    ent_coef          | 0.0408   |
|    ent_coef_loss     | -0.126   |
|    learning_rate     | 0.0003   |
|    n_updates         | 2213970  |
|    noise_critic_loss | 12.1     |
-----------------------------------
-----------------------------------
| rollout/             |          |
|    ep_len_mean       | 75       |
|    ep_rew_mean       | -97.7    |
| time/                |          |
|    episodes          | 3940     |
|    fps               | 1        |
|    time_elapsed      | 160680   |
|    total_timesteps   | 295500   |
| train/               |          |
|    actor_loss        | 53       |
|    critic_loss       | 3.32     |
|    ent_coef          | 0.0412   |
|    ent_coef_loss     | 0.155    |
|    learning_rate     | 0.0003   |
|    n_updates         | 2216220  |
|    noise_critic_loss | 12.6     |
-----------------------------------
-----------------------------------
| rollout/             |          |
|    ep_len_mean       | 75       |
|    ep_rew_mean       | -99.4    |
| time/                |          |
|    episodes          | 3944     |
|    fps               | 1        |
|    time_elapsed      | 160796   |
|    total_timesteps   | 295800   |
| train/               |          |
|    actor_loss        | 53       |
|    critic_loss       | 3.49     |
|    ent_coef          | 0.0407   |
|    ent_coef_loss     | -0.347   |
|    learning_rate     | 0.0003   |
|    n_updates         | 2218470  |
|    noise_critic_loss | 12.4     |
-----------------------------------
-----------------------------------
| rollout/             |          |
|    ep_len_mean       | 75       |
|    ep_rew_mean       | -101     |
| time/                |          |
|    episodes          | 3948     |
|    fps               | 1        |
|    time_elapsed      | 160911   |
|    total_timesteps   | 296100   |
| train/               |          |
|    actor_loss        | 52.7     |
|    critic_loss       | 3.93     |
|    ent_coef          | 0.0406   |
|    ent_coef_loss     | -0.278   |
|    learning_rate     | 0.0003   |
|    n_updates         | 2220720  |
|    noise_critic_loss | 12.4     |
-----------------------------------
-----------------------------------
| rollout/             |          |
|    ep_len_mean       | 75       |
|    ep_rew_mean       | -102     |
| time/                |          |
|    episodes          | 3952     |
|    fps               | 1        |
|    time_elapsed      | 161026   |
|    total_timesteps   | 296400   |
| train/               |          |
|    actor_loss        | 52.8     |
|    critic_loss       | 3.4      |
|    ent_coef          | 0.0409   |
|    ent_coef_loss     | -0.0649  |
|    learning_rate     | 0.0003   |
|    n_updates         | 2222970  |
|    noise_critic_loss | 12.7     |
-----------------------------------
-----------------------------------
| rollout/             |          |
|    ep_len_mean       | 75       |
|    ep_rew_mean       | -103     |
| time/                |          |
|    episodes          | 3956     |
|    fps               | 1        |
|    time_elapsed      | 161140   |
|    total_timesteps   | 296700   |
| train/               |          |
|    actor_loss        | 53       |
|    critic_loss       | 3.41     |
|    ent_coef          | 0.0407   |
|    ent_coef_loss     | -0.0716  |
|    learning_rate     | 0.0003   |
|    n_updates         | 2225220  |
|    noise_critic_loss | 12.9     |
-----------------------------------
-----------------------------------
| rollout/             |          |
|    ep_len_mean       | 75       |
|    ep_rew_mean       | -104     |
| time/                |          |
|    episodes          | 3960     |
|    fps               | 1        |
|    time_elapsed      | 161255   |
|    total_timesteps   | 297000   |
| train/               |          |
|    actor_loss        | 53       |
|    critic_loss       | 3.26     |
|    ent_coef          | 0.0412   |
|    ent_coef_loss     | -0.0658  |
|    learning_rate     | 0.0003   |
|    n_updates         | 2227470  |
|    noise_critic_loss | 12.9     |
-----------------------------------
-----------------------------------
| rollout/             |          |
|    ep_len_mean       | 75       |
|    ep_rew_mean       | -103     |
| time/                |          |
|    episodes          | 3964     |
|    fps               | 1        |
|    time_elapsed      | 161370   |
|    total_timesteps   | 297300   |
| train/               |          |
|    actor_loss        | 52.6     |
|    critic_loss       | 3.37     |
|    ent_coef          | 0.0403   |
|    ent_coef_loss     | 0.193    |
|    learning_rate     | 0.0003   |
|    n_updates         | 2229720  |
|    noise_critic_loss | 12.2     |
-----------------------------------
-----------------------------------
| rollout/             |          |
|    ep_len_mean       | 75       |
|    ep_rew_mean       | -107     |
| time/                |          |
|    episodes          | 3968     |
|    fps               | 1        |
|    time_elapsed      | 161484   |
|    total_timesteps   | 297600   |
| train/               |          |
|    actor_loss        | 52.9     |
|    critic_loss       | 3.38     |
|    ent_coef          | 0.0412   |
|    ent_coef_loss     | -0.241   |
|    learning_rate     | 0.0003   |
|    n_updates         | 2231970  |
|    noise_critic_loss | 12.5     |
-----------------------------------
-----------------------------------
| rollout/             |          |
|    ep_len_mean       | 75       |
|    ep_rew_mean       | -107     |
| time/                |          |
|    episodes          | 3972     |
|    fps               | 1        |
|    time_elapsed      | 161599   |
|    total_timesteps   | 297900   |
| train/               |          |
|    actor_loss        | 53.3     |
|    critic_loss       | 3.39     |
|    ent_coef          | 0.0413   |
|    ent_coef_loss     | -0.662   |
|    learning_rate     | 0.0003   |
|    n_updates         | 2234220  |
|    noise_critic_loss | 11.8     |
-----------------------------------
-----------------------------------
| rollout/             |          |
|    ep_len_mean       | 75       |
|    ep_rew_mean       | -105     |
| time/                |          |
|    episodes          | 3976     |
|    fps               | 1        |
|    time_elapsed      | 161714   |
|    total_timesteps   | 298200   |
| train/               |          |
|    actor_loss        | 53       |
|    critic_loss       | 3.53     |
|    ent_coef          | 0.0415   |
|    ent_coef_loss     | 0.127    |
|    learning_rate     | 0.0003   |
|    n_updates         | 2236470  |
|    noise_critic_loss | 12       |
-----------------------------------
-----------------------------------
| rollout/             |          |
|    ep_len_mean       | 75       |
|    ep_rew_mean       | -104     |
| time/                |          |
|    episodes          | 3980     |
|    fps               | 1        |
|    time_elapsed      | 161830   |
|    total_timesteps   | 298500   |
| train/               |          |
|    actor_loss        | 53       |
|    critic_loss       | 3.25     |
|    ent_coef          | 0.0405   |
|    ent_coef_loss     | -0.583   |
|    learning_rate     | 0.0003   |
|    n_updates         | 2238720  |
|    noise_critic_loss | 12.5     |
-----------------------------------
-----------------------------------
| rollout/             |          |
|    ep_len_mean       | 75       |
|    ep_rew_mean       | -104     |
| time/                |          |
|    episodes          | 3984     |
|    fps               | 1        |
|    time_elapsed      | 161946   |
|    total_timesteps   | 298800   |
| train/               |          |
|    actor_loss        | 53.2     |
|    critic_loss       | 3.5      |
|    ent_coef          | 0.041    |
|    ent_coef_loss     | 0.734    |
|    learning_rate     | 0.0003   |
|    n_updates         | 2240970  |
|    noise_critic_loss | 12.8     |
-----------------------------------
-----------------------------------
| rollout/             |          |
|    ep_len_mean       | 75       |
|    ep_rew_mean       | -103     |
| time/                |          |
|    episodes          | 3988     |
|    fps               | 1        |
|    time_elapsed      | 162061   |
|    total_timesteps   | 299100   |
| train/               |          |
|    actor_loss        | 53.2     |
|    critic_loss       | 3.54     |
|    ent_coef          | 0.0414   |
|    ent_coef_loss     | 0.65     |
|    learning_rate     | 0.0003   |
|    n_updates         | 2243220  |
|    noise_critic_loss | 11.6     |
-----------------------------------
-----------------------------------
| rollout/             |          |
|    ep_len_mean       | 75       |
|    ep_rew_mean       | -103     |
| time/                |          |
|    episodes          | 3992     |
|    fps               | 1        |
|    time_elapsed      | 162176   |
|    total_timesteps   | 299400   |
| train/               |          |
|    actor_loss        | 53.1     |
|    critic_loss       | 3.23     |
|    ent_coef          | 0.0409   |
|    ent_coef_loss     | 0.111    |
|    learning_rate     | 0.0003   |
|    n_updates         | 2245470  |
|    noise_critic_loss | 12.3     |
-----------------------------------
-----------------------------------
| rollout/             |          |
|    ep_len_mean       | 75       |
|    ep_rew_mean       | -101     |
| time/                |          |
|    episodes          | 3996     |
|    fps               | 1        |
|    time_elapsed      | 162292   |
|    total_timesteps   | 299700   |
| train/               |          |
|    actor_loss        | 52.9     |
|    critic_loss       | 3.38     |
|    ent_coef          | 0.041    |
|    ent_coef_loss     | -0.572   |
|    learning_rate     | 0.0003   |
|    n_updates         | 2247720  |
|    noise_critic_loss | 12.1     |
-----------------------------------
eval episode 0 at timestep 1206004
eval episode 1 at timestep 1206004
eval episode 2 at timestep 1206004
eval episode 3 at timestep 1206004
eval episode 4 at timestep 1206004
eval episode 5 at timestep 1206004
eval episode 6 at timestep 1206004
eval episode 7 at timestep 1206004
-----------------------------------
| rollout/             |          |
|    ep_len_mean       | 75       |
|    ep_rew_mean       | -99.9    |
| time/                |          |
|    episodes          | 4000     |
|    fps               | 1        |
|    time_elapsed      | 164280   |
|    total_timesteps   | 300000   |
| train/               |          |
|    actor_loss        | 53.1     |
|    critic_loss       | 3.29     |
|    ent_coef          | 0.0409   |
|    ent_coef_loss     | -0.152   |
|    learning_rate     | 0.0003   |
|    n_updates         | 2249970  |
|    noise_critic_loss | 12.5     |
-----------------------------------
-----------------------------------
| rollout/             |          |
|    ep_len_mean       | 75       |
|    ep_rew_mean       | -100     |
| time/                |          |
|    episodes          | 4004     |
|    fps               | 1        |
|    time_elapsed      | 164395   |
|    total_timesteps   | 300300   |
| train/               |          |
|    actor_loss        | 53       |
|    critic_loss       | 3.39     |
|    ent_coef          | 0.0408   |
|    ent_coef_loss     | 0.67     |
|    learning_rate     | 0.0003   |
|    n_updates         | 2252220  |
|    noise_critic_loss | 11.7     |
-----------------------------------
-----------------------------------
| rollout/             |          |
|    ep_len_mean       | 75       |
|    ep_rew_mean       | -99.3    |
| time/                |          |
|    episodes          | 4008     |
|    fps               | 1        |
|    time_elapsed      | 164511   |
|    total_timesteps   | 300600   |
| train/               |          |
|    actor_loss        | 53       |
|    critic_loss       | 3.33     |
|    ent_coef          | 0.0406   |
|    ent_coef_loss     | 0.428    |
|    learning_rate     | 0.0003   |
|    n_updates         | 2254470  |
|    noise_critic_loss | 11.9     |
-----------------------------------
-----------------------------------
| rollout/             |          |
|    ep_len_mean       | 75       |
|    ep_rew_mean       | -99.7    |
| time/                |          |
|    episodes          | 4012     |
|    fps               | 1        |
|    time_elapsed      | 164626   |
|    total_timesteps   | 300900   |
| train/               |          |
|    actor_loss        | 52.7     |
|    critic_loss       | 3.35     |
|    ent_coef          | 0.0408   |
|    ent_coef_loss     | -0.0194  |
|    learning_rate     | 0.0003   |
|    n_updates         | 2256720  |
|    noise_critic_loss | 12.6     |
-----------------------------------
-----------------------------------
| rollout/             |          |
|    ep_len_mean       | 75       |
|    ep_rew_mean       | -101     |
| time/                |          |
|    episodes          | 4016     |
|    fps               | 1        |
|    time_elapsed      | 164741   |
|    total_timesteps   | 301200   |
| train/               |          |
|    actor_loss        | 52.6     |
|    critic_loss       | 3.35     |
|    ent_coef          | 0.0411   |
|    ent_coef_loss     | 1.36     |
|    learning_rate     | 0.0003   |
|    n_updates         | 2258970  |
|    noise_critic_loss | 12.6     |
-----------------------------------
-----------------------------------
| rollout/             |          |
|    ep_len_mean       | 75       |
|    ep_rew_mean       | -103     |
| time/                |          |
|    episodes          | 4020     |
|    fps               | 1        |
|    time_elapsed      | 164856   |
|    total_timesteps   | 301500   |
| train/               |          |
|    actor_loss        | 53.2     |
|    critic_loss       | 3.36     |
|    ent_coef          | 0.0405   |
|    ent_coef_loss     | 0.519    |
|    learning_rate     | 0.0003   |
|    n_updates         | 2261220  |
|    noise_critic_loss | 13.1     |
-----------------------------------
-----------------------------------
| rollout/             |          |
|    ep_len_mean       | 75       |
|    ep_rew_mean       | -99.8    |
| time/                |          |
|    episodes          | 4024     |
|    fps               | 1        |
|    time_elapsed      | 164972   |
|    total_timesteps   | 301800   |
| train/               |          |
|    actor_loss        | 52.9     |
|    critic_loss       | 3.78     |
|    ent_coef          | 0.0413   |
|    ent_coef_loss     | -0.57    |
|    learning_rate     | 0.0003   |
|    n_updates         | 2263470  |
|    noise_critic_loss | 12.7     |
-----------------------------------
-----------------------------------
| rollout/             |          |
|    ep_len_mean       | 75       |
|    ep_rew_mean       | -99.9    |
| time/                |          |
|    episodes          | 4028     |
|    fps               | 1        |
|    time_elapsed      | 165088   |
|    total_timesteps   | 302100   |
| train/               |          |
|    actor_loss        | 53.4     |
|    critic_loss       | 3.35     |
|    ent_coef          | 0.0412   |
|    ent_coef_loss     | 1.43     |
|    learning_rate     | 0.0003   |
|    n_updates         | 2265720  |
|    noise_critic_loss | 12.4     |
-----------------------------------
-----------------------------------
| rollout/             |          |
|    ep_len_mean       | 75       |
|    ep_rew_mean       | -97      |
| time/                |          |
|    episodes          | 4032     |
|    fps               | 1        |
|    time_elapsed      | 165204   |
|    total_timesteps   | 302400   |
| train/               |          |
|    actor_loss        | 52.9     |
|    critic_loss       | 3.41     |
|    ent_coef          | 0.0408   |
|    ent_coef_loss     | -0.282   |
|    learning_rate     | 0.0003   |
|    n_updates         | 2267970  |
|    noise_critic_loss | 11.5     |
-----------------------------------
-----------------------------------
| rollout/             |          |
|    ep_len_mean       | 75       |
|    ep_rew_mean       | -97      |
| time/                |          |
|    episodes          | 4036     |
|    fps               | 1        |
|    time_elapsed      | 165319   |
|    total_timesteps   | 302700   |
| train/               |          |
|    actor_loss        | 53.8     |
|    critic_loss       | 3.43     |
|    ent_coef          | 0.041    |
|    ent_coef_loss     | 0.557    |
|    learning_rate     | 0.0003   |
|    n_updates         | 2270220  |
|    noise_critic_loss | 12.6     |
-----------------------------------
-----------------------------------
| rollout/             |          |
|    ep_len_mean       | 75       |
|    ep_rew_mean       | -96.8    |
| time/                |          |
|    episodes          | 4040     |
|    fps               | 1        |
|    time_elapsed      | 165435   |
|    total_timesteps   | 303000   |
| train/               |          |
|    actor_loss        | 53.2     |
|    critic_loss       | 3.32     |
|    ent_coef          | 0.0403   |
|    ent_coef_loss     | 0.339    |
|    learning_rate     | 0.0003   |
|    n_updates         | 2272470  |
|    noise_critic_loss | 12.3     |
-----------------------------------
-----------------------------------
| rollout/             |          |
|    ep_len_mean       | 75       |
|    ep_rew_mean       | -95.4    |
| time/                |          |
|    episodes          | 4044     |
|    fps               | 1        |
|    time_elapsed      | 165551   |
|    total_timesteps   | 303300   |
| train/               |          |
|    actor_loss        | 52.9     |
|    critic_loss       | 3.26     |
|    ent_coef          | 0.0404   |
|    ent_coef_loss     | 0.0081   |
|    learning_rate     | 0.0003   |
|    n_updates         | 2274720  |
|    noise_critic_loss | 12.2     |
-----------------------------------
-----------------------------------
| rollout/             |          |
|    ep_len_mean       | 75       |
|    ep_rew_mean       | -94.3    |
| time/                |          |
|    episodes          | 4048     |
|    fps               | 1        |
|    time_elapsed      | 165667   |
|    total_timesteps   | 303600   |
| train/               |          |
|    actor_loss        | 52.9     |
|    critic_loss       | 3.21     |
|    ent_coef          | 0.0407   |
|    ent_coef_loss     | 0.554    |
|    learning_rate     | 0.0003   |
|    n_updates         | 2276970  |
|    noise_critic_loss | 13.1     |
-----------------------------------
-----------------------------------
| rollout/             |          |
|    ep_len_mean       | 75       |
|    ep_rew_mean       | -95      |
| time/                |          |
|    episodes          | 4052     |
|    fps               | 1        |
|    time_elapsed      | 165782   |
|    total_timesteps   | 303900   |
| train/               |          |
|    actor_loss        | 53       |
|    critic_loss       | 3.73     |
|    ent_coef          | 0.0415   |
|    ent_coef_loss     | 0.0738   |
|    learning_rate     | 0.0003   |
|    n_updates         | 2279220  |
|    noise_critic_loss | 11.8     |
-----------------------------------
-----------------------------------
| rollout/             |          |
|    ep_len_mean       | 75       |
|    ep_rew_mean       | -94.7    |
| time/                |          |
|    episodes          | 4056     |
|    fps               | 1        |
|    time_elapsed      | 165898   |
|    total_timesteps   | 304200   |
| train/               |          |
|    actor_loss        | 53.2     |
|    critic_loss       | 3.47     |
|    ent_coef          | 0.0416   |
|    ent_coef_loss     | 0.271    |
|    learning_rate     | 0.0003   |
|    n_updates         | 2281470  |
|    noise_critic_loss | 11.5     |
-----------------------------------
-----------------------------------
| rollout/             |          |
|    ep_len_mean       | 75       |
|    ep_rew_mean       | -93.5    |
| time/                |          |
|    episodes          | 4060     |
|    fps               | 1        |
|    time_elapsed      | 166013   |
|    total_timesteps   | 304500   |
| train/               |          |
|    actor_loss        | 53.1     |
|    critic_loss       | 3.27     |
|    ent_coef          | 0.0411   |
|    ent_coef_loss     | 0.745    |
|    learning_rate     | 0.0003   |
|    n_updates         | 2283720  |
|    noise_critic_loss | 12.3     |
-----------------------------------
-----------------------------------
| rollout/             |          |
|    ep_len_mean       | 75       |
|    ep_rew_mean       | -94.3    |
| time/                |          |
|    episodes          | 4064     |
|    fps               | 1        |
|    time_elapsed      | 166128   |
|    total_timesteps   | 304800   |
| train/               |          |
|    actor_loss        | 53.2     |
|    critic_loss       | 3.29     |
|    ent_coef          | 0.0407   |
|    ent_coef_loss     | 0.341    |
|    learning_rate     | 0.0003   |
|    n_updates         | 2285970  |
|    noise_critic_loss | 12.7     |
-----------------------------------
-----------------------------------
| rollout/             |          |
|    ep_len_mean       | 75       |
|    ep_rew_mean       | -91      |
| time/                |          |
|    episodes          | 4068     |
|    fps               | 1        |
|    time_elapsed      | 166244   |
|    total_timesteps   | 305100   |
| train/               |          |
|    actor_loss        | 53.2     |
|    critic_loss       | 3.49     |
|    ent_coef          | 0.0405   |
|    ent_coef_loss     | 0.0338   |
|    learning_rate     | 0.0003   |
|    n_updates         | 2288220  |
|    noise_critic_loss | 12.4     |
-----------------------------------
-----------------------------------
| rollout/             |          |
|    ep_len_mean       | 75       |
|    ep_rew_mean       | -90.6    |
| time/                |          |
|    episodes          | 4072     |
|    fps               | 1        |
|    time_elapsed      | 166358   |
|    total_timesteps   | 305400   |
| train/               |          |
|    actor_loss        | 53.1     |
|    critic_loss       | 3.32     |
|    ent_coef          | 0.0406   |
|    ent_coef_loss     | 0.874    |
|    learning_rate     | 0.0003   |
|    n_updates         | 2290470  |
|    noise_critic_loss | 11.8     |
-----------------------------------
-----------------------------------
| rollout/             |          |
|    ep_len_mean       | 75       |
|    ep_rew_mean       | -89.6    |
| time/                |          |
|    episodes          | 4076     |
|    fps               | 1        |
|    time_elapsed      | 166474   |
|    total_timesteps   | 305700   |
| train/               |          |
|    actor_loss        | 52.4     |
|    critic_loss       | 3.5      |
|    ent_coef          | 0.0405   |
|    ent_coef_loss     | -0.18    |
|    learning_rate     | 0.0003   |
|    n_updates         | 2292720  |
|    noise_critic_loss | 11.6     |
-----------------------------------
-----------------------------------
| rollout/             |          |
|    ep_len_mean       | 75       |
|    ep_rew_mean       | -88.8    |
| time/                |          |
|    episodes          | 4080     |
|    fps               | 1        |
|    time_elapsed      | 166588   |
|    total_timesteps   | 306000   |
| train/               |          |
|    actor_loss        | 52.7     |
|    critic_loss       | 3.23     |
|    ent_coef          | 0.041    |
|    ent_coef_loss     | 0.396    |
|    learning_rate     | 0.0003   |
|    n_updates         | 2294970  |
|    noise_critic_loss | 12       |
-----------------------------------
-----------------------------------
| rollout/             |          |
|    ep_len_mean       | 75       |
|    ep_rew_mean       | -87.1    |
| time/                |          |
|    episodes          | 4084     |
|    fps               | 1        |
|    time_elapsed      | 166705   |
|    total_timesteps   | 306300   |
| train/               |          |
|    actor_loss        | 53.5     |
|    critic_loss       | 3.61     |
|    ent_coef          | 0.0409   |
|    ent_coef_loss     | 0.559    |
|    learning_rate     | 0.0003   |
|    n_updates         | 2297220  |
|    noise_critic_loss | 12.9     |
-----------------------------------
-----------------------------------
| rollout/             |          |
|    ep_len_mean       | 75       |
|    ep_rew_mean       | -86.9    |
| time/                |          |
|    episodes          | 4088     |
|    fps               | 1        |
|    time_elapsed      | 166819   |
|    total_timesteps   | 306600   |
| train/               |          |
|    actor_loss        | 52.5     |
|    critic_loss       | 3.17     |
|    ent_coef          | 0.0409   |
|    ent_coef_loss     | -0.0018  |
|    learning_rate     | 0.0003   |
|    n_updates         | 2299470  |
|    noise_critic_loss | 11.7     |
-----------------------------------
-----------------------------------
| rollout/             |          |
|    ep_len_mean       | 75       |
|    ep_rew_mean       | -87.8    |
| time/                |          |
|    episodes          | 4092     |
|    fps               | 1        |
|    time_elapsed      | 166933   |
|    total_timesteps   | 306900   |
| train/               |          |
|    actor_loss        | 53.1     |
|    critic_loss       | 3.41     |
|    ent_coef          | 0.0411   |
|    ent_coef_loss     | -1.02    |
|    learning_rate     | 0.0003   |
|    n_updates         | 2301720  |
|    noise_critic_loss | 12.7     |
-----------------------------------
-----------------------------------
| rollout/             |          |
|    ep_len_mean       | 75       |
|    ep_rew_mean       | -87.4    |
| time/                |          |
|    episodes          | 4096     |
|    fps               | 1        |
|    time_elapsed      | 167049   |
|    total_timesteps   | 307200   |
| train/               |          |
|    actor_loss        | 52.4     |
|    critic_loss       | 3.29     |
|    ent_coef          | 0.0404   |
|    ent_coef_loss     | -0.609   |
|    learning_rate     | 0.0003   |
|    n_updates         | 2303970  |
|    noise_critic_loss | 11.8     |
-----------------------------------
-----------------------------------
| rollout/             |          |
|    ep_len_mean       | 75       |
|    ep_rew_mean       | -87.8    |
| time/                |          |
|    episodes          | 4100     |
|    fps               | 1        |
|    time_elapsed      | 167165   |
|    total_timesteps   | 307500   |
| train/               |          |
|    actor_loss        | 52.3     |
|    critic_loss       | 3.28     |
|    ent_coef          | 0.041    |
|    ent_coef_loss     | 1.09     |
|    learning_rate     | 0.0003   |
|    n_updates         | 2306220  |
|    noise_critic_loss | 11.5     |
-----------------------------------
-----------------------------------
| rollout/             |          |
|    ep_len_mean       | 75       |
|    ep_rew_mean       | -86.9    |
| time/                |          |
|    episodes          | 4104     |
|    fps               | 1        |
|    time_elapsed      | 167280   |
|    total_timesteps   | 307800   |
| train/               |          |
|    actor_loss        | 52.8     |
|    critic_loss       | 3.38     |
|    ent_coef          | 0.0412   |
|    ent_coef_loss     | 1.13     |
|    learning_rate     | 0.0003   |
|    n_updates         | 2308470  |
|    noise_critic_loss | 12.9     |
-----------------------------------
-----------------------------------
| rollout/             |          |
|    ep_len_mean       | 75       |
|    ep_rew_mean       | -87.5    |
| time/                |          |
|    episodes          | 4108     |
|    fps               | 1        |
|    time_elapsed      | 167396   |
|    total_timesteps   | 308100   |
| train/               |          |
|    actor_loss        | 52.7     |
|    critic_loss       | 3.24     |
|    ent_coef          | 0.041    |
|    ent_coef_loss     | -0.437   |
|    learning_rate     | 0.0003   |
|    n_updates         | 2310720  |
|    noise_critic_loss | 12.3     |
-----------------------------------
-----------------------------------
| rollout/             |          |
|    ep_len_mean       | 75       |
|    ep_rew_mean       | -89.8    |
| time/                |          |
|    episodes          | 4112     |
|    fps               | 1        |
|    time_elapsed      | 167511   |
|    total_timesteps   | 308400   |
| train/               |          |
|    actor_loss        | 52.1     |
|    critic_loss       | 3.2      |
|    ent_coef          | 0.0407   |
|    ent_coef_loss     | -0.0972  |
|    learning_rate     | 0.0003   |
|    n_updates         | 2312970  |
|    noise_critic_loss | 12       |
-----------------------------------
-----------------------------------
| rollout/             |          |
|    ep_len_mean       | 75       |
|    ep_rew_mean       | -88.8    |
| time/                |          |
|    episodes          | 4116     |
|    fps               | 1        |
|    time_elapsed      | 167626   |
|    total_timesteps   | 308700   |
| train/               |          |
|    actor_loss        | 52.4     |
|    critic_loss       | 3.32     |
|    ent_coef          | 0.0408   |
|    ent_coef_loss     | 0.341    |
|    learning_rate     | 0.0003   |
|    n_updates         | 2315220  |
|    noise_critic_loss | 12.3     |
-----------------------------------
-----------------------------------
| rollout/             |          |
|    ep_len_mean       | 75       |
|    ep_rew_mean       | -87      |
| time/                |          |
|    episodes          | 4120     |
|    fps               | 1        |
|    time_elapsed      | 167741   |
|    total_timesteps   | 309000   |
| train/               |          |
|    actor_loss        | 52.1     |
|    critic_loss       | 3.22     |
|    ent_coef          | 0.0407   |
|    ent_coef_loss     | 1.05     |
|    learning_rate     | 0.0003   |
|    n_updates         | 2317470  |
|    noise_critic_loss | 12.2     |
-----------------------------------
-----------------------------------
| rollout/             |          |
|    ep_len_mean       | 75       |
|    ep_rew_mean       | -89.2    |
| time/                |          |
|    episodes          | 4124     |
|    fps               | 1        |
|    time_elapsed      | 167856   |
|    total_timesteps   | 309300   |
| train/               |          |
|    actor_loss        | 52.3     |
|    critic_loss       | 3.13     |
|    ent_coef          | 0.0404   |
|    ent_coef_loss     | 0.253    |
|    learning_rate     | 0.0003   |
|    n_updates         | 2319720  |
|    noise_critic_loss | 12       |
-----------------------------------
-----------------------------------
| rollout/             |          |
|    ep_len_mean       | 75       |
|    ep_rew_mean       | -90.7    |
| time/                |          |
|    episodes          | 4128     |
|    fps               | 1        |
|    time_elapsed      | 167970   |
|    total_timesteps   | 309600   |
| train/               |          |
|    actor_loss        | 52.1     |
|    critic_loss       | 3.17     |
|    ent_coef          | 0.0411   |
|    ent_coef_loss     | -0.854   |
|    learning_rate     | 0.0003   |
|    n_updates         | 2321970  |
|    noise_critic_loss | 12.3     |
-----------------------------------
-----------------------------------
| rollout/             |          |
|    ep_len_mean       | 75       |
|    ep_rew_mean       | -92.7    |
| time/                |          |
|    episodes          | 4132     |
|    fps               | 1        |
|    time_elapsed      | 168086   |
|    total_timesteps   | 309900   |
| train/               |          |
|    actor_loss        | 52       |
|    critic_loss       | 3.14     |
|    ent_coef          | 0.041    |
|    ent_coef_loss     | -0.349   |
|    learning_rate     | 0.0003   |
|    n_updates         | 2324220  |
|    noise_critic_loss | 12.2     |
-----------------------------------
-----------------------------------
| rollout/             |          |
|    ep_len_mean       | 75       |
|    ep_rew_mean       | -92.7    |
| time/                |          |
|    episodes          | 4136     |
|    fps               | 1        |
|    time_elapsed      | 168200   |
|    total_timesteps   | 310200   |
| train/               |          |
|    actor_loss        | 52.3     |
|    critic_loss       | 3.23     |
|    ent_coef          | 0.0406   |
|    ent_coef_loss     | -0.121   |
|    learning_rate     | 0.0003   |
|    n_updates         | 2326470  |
|    noise_critic_loss | 11.8     |
-----------------------------------
-----------------------------------
| rollout/             |          |
|    ep_len_mean       | 75       |
|    ep_rew_mean       | -92.5    |
| time/                |          |
|    episodes          | 4140     |
|    fps               | 1        |
|    time_elapsed      | 168316   |
|    total_timesteps   | 310500   |
| train/               |          |
|    actor_loss        | 51.8     |
|    critic_loss       | 3.21     |
|    ent_coef          | 0.0408   |
|    ent_coef_loss     | -0.851   |
|    learning_rate     | 0.0003   |
|    n_updates         | 2328720  |
|    noise_critic_loss | 11.2     |
-----------------------------------
-----------------------------------
| rollout/             |          |
|    ep_len_mean       | 75       |
|    ep_rew_mean       | -90.6    |
| time/                |          |
|    episodes          | 4144     |
|    fps               | 1        |
|    time_elapsed      | 168432   |
|    total_timesteps   | 310800   |
| train/               |          |
|    actor_loss        | 51.7     |
|    critic_loss       | 3.18     |
|    ent_coef          | 0.0405   |
|    ent_coef_loss     | -0.156   |
|    learning_rate     | 0.0003   |
|    n_updates         | 2330970  |
|    noise_critic_loss | 11.3     |
-----------------------------------
-----------------------------------
| rollout/             |          |
|    ep_len_mean       | 75       |
|    ep_rew_mean       | -94.3    |
| time/                |          |
|    episodes          | 4148     |
|    fps               | 1        |
|    time_elapsed      | 168548   |
|    total_timesteps   | 311100   |
| train/               |          |
|    actor_loss        | 52.5     |
|    critic_loss       | 3.56     |
|    ent_coef          | 0.0402   |
|    ent_coef_loss     | -0.178   |
|    learning_rate     | 0.0003   |
|    n_updates         | 2333220  |
|    noise_critic_loss | 11.7     |
-----------------------------------
-----------------------------------
| rollout/             |          |
|    ep_len_mean       | 75       |
|    ep_rew_mean       | -93.6    |
| time/                |          |
|    episodes          | 4152     |
|    fps               | 1        |
|    time_elapsed      | 168663   |
|    total_timesteps   | 311400   |
| train/               |          |
|    actor_loss        | 52.5     |
|    critic_loss       | 3.72     |
|    ent_coef          | 0.0406   |
|    ent_coef_loss     | 0.617    |
|    learning_rate     | 0.0003   |
|    n_updates         | 2335470  |
|    noise_critic_loss | 12.9     |
-----------------------------------
slurmstepd-node206: error: *** JOB 91452 ON node206 CANCELLED AT 2026-02-06T14:47:40 ***
