========================================
DSRL + RoboReward VLM Training
========================================
Job ID: 91539
Node: node220
Start time: Sat Feb  7 08:42:48 CET 2026
========================================
=== GPU Check (outside container) ===
Sat Feb  7 08:42:50 2026       
+-----------------------------------------------------------------------------------------+
| NVIDIA-SMI 560.35.03              Driver Version: 560.35.03      CUDA Version: 12.6     |
|-----------------------------------------+------------------------+----------------------+
| GPU  Name                 Persistence-M | Bus-Id          Disp.A | Volatile Uncorr. ECC |
| Fan  Temp   Perf          Pwr:Usage/Cap |           Memory-Usage | GPU-Util  Compute M. |
|                                         |                        |               MIG M. |
|=========================================+========================+======================|
|   0  NVIDIA TITAN RTX               Off |   00000000:02:00.0 Off |                  N/A |
| 32%   48C    P0             68W /  280W |       1MiB /  24576MiB |      0%      Default |
|                                         |                        |                  N/A |
+-----------------------------------------+------------------------+----------------------+
|   1  NVIDIA TITAN RTX               Off |   00000000:82:00.0 Off |                  N/A |
| 30%   32C    P0             57W /  280W |       1MiB /  24576MiB |      0%      Default |
|                                         |                        |                  N/A |
+-----------------------------------------+------------------------+----------------------+
                                                                                         
+-----------------------------------------------------------------------------------------+
| Processes:                                                                              |
|  GPU   GI   CI        PID   Type   Process name                              GPU Memory |
|        ID   ID                                                               Usage      |
|=========================================================================================|
|  No running processes found                                                             |
+-----------------------------------------------------------------------------------------+
CUDA_VISIBLE_DEVICES: 0,1
LD_LIBRARY_PATH: /cm/shared/apps/cuda12.6/toolkit/12.6/extras/CUPTI/lib64:/cm/local/apps/cuda-driver/libs/current/lib64:/cm/shared/apps/cuda12.6/toolkit/12.6/targets/x86_64-linux/lib:/opt/ohpc/pub/mpi/libfabric/1.19.0/lib:/opt/ohpc/pub/mpi/ucx-ohpc/1.15.0/lib:/opt/ohpc/pub/libs/hwloc/lib:/opt/ohpc/pub/mpi/openmpi4-gnu12/4.1.6/lib:/opt/ohpc/pub/compiler/gcc/12.4.0/lib64
=== GPU Check (inside container) ===
Sat Feb  7 08:42:52 2026       
+-----------------------------------------------------------------------------------------+
| NVIDIA-SMI 560.35.03              Driver Version: 560.35.03      CUDA Version: 12.6     |
|-----------------------------------------+------------------------+----------------------+
| GPU  Name                 Persistence-M | Bus-Id          Disp.A | Volatile Uncorr. ECC |
| Fan  Temp   Perf          Pwr:Usage/Cap |           Memory-Usage | GPU-Util  Compute M. |
|                                         |                        |               MIG M. |
|=========================================+========================+======================|
|   0  NVIDIA TITAN RTX               Off |   00000000:02:00.0 Off |                  N/A |
| 44%   47C    P0             67W /  280W |       1MiB /  24576MiB |      0%      Default |
|                                         |                        |                  N/A |
+-----------------------------------------+------------------------+----------------------+
|   1  NVIDIA TITAN RTX               Off |   00000000:82:00.0 Off |                  N/A |
| 45%   33C    P0             61W /  280W |       1MiB /  24576MiB |      0%      Default |
|                                         |                        |                  N/A |
+-----------------------------------------+------------------------+----------------------+
                                                                                         
+-----------------------------------------------------------------------------------------+
| Processes:                                                                              |
|  GPU   GI   CI        PID   Type   Process name                              GPU Memory |
|        ID   ID                                                               Usage      |
|=========================================================================================|
|  No running processes found                                                             |
+-----------------------------------------------------------------------------------------+
PyTorch CUDA available: True
GPU count: 2
GPU 0: NVIDIA TITAN RTX
GPU 1: NVIDIA TITAN RTX
Gym has been unmaintained since 2022 and does not support NumPy 2.0 amongst other critical functionality.
Please upgrade to Gymnasium, the maintained drop-in replacement of Gym, or contact the authors of your software and request that they upgrade.
See the migration guide at https://gymnasium.farama.org/introduction/migration_guide/ for additional information.
/opt/conda/envs/dsrl_env/lib/python3.9/site-packages/matplotlib/_fontconfig_pattern.py:88: PyparsingDeprecationWarning: 'parseString' deprecated - use 'parse_string'
  parse = parser.parseString(pattern)
/opt/conda/envs/dsrl_env/lib/python3.9/site-packages/matplotlib/_fontconfig_pattern.py:92: PyparsingDeprecationWarning: 'resetCache' deprecated - use 'reset_cache'
  parser.resetCache()
/opt/conda/envs/dsrl_env/lib/python3.9/site-packages/matplotlib/_mathtext.py:30: PyparsingDeprecationWarning: 'enablePackrat' deprecated - use 'enable_packrat'
  ParserElement.enablePackrat()

============================================================
🤖 DSRL + RoboReward VLM Training (2 GPU Mode)
============================================================
   GPU 0 (cuda:0): DSRL Policy (Diffusion + SAC)
   GPU 1 (cuda:1): RoboReward-8B VLM
============================================================
🤖 Loading RoboReward-8B from /var/scratch/pkarageo/hf_cache/models--teetone--RoboReward-8B/snapshots/3a185b4fce2b1253643105be1f234ae618b9732f...
   Target device: cuda:1
   Using 4-bit quantization (NF4)
Loading checkpoint shards:   0%|          | 0/4 [00:00<?, ?it/s]Loading checkpoint shards:  25%|██▌       | 1/4 [00:03<00:10,  3.49s/it]Loading checkpoint shards:  50%|█████     | 2/4 [00:06<00:06,  3.47s/it]Loading checkpoint shards:  75%|███████▌  | 3/4 [00:10<00:03,  3.43s/it]Loading checkpoint shards: 100%|██████████| 4/4 [00:11<00:00,  2.57s/it]Loading checkpoint shards: 100%|██████████| 4/4 [00:11<00:00,  2.90s/it]
wandb: Currently logged in as: karageorgisplatonas (nlp-squad). Use `wandb login --relogin` to force relogin
/opt/conda/envs/dsrl_env/lib/python3.9/site-packages/wandb/analytics/sentry.py:262: DeprecationWarning: The `Scope.user` setter is deprecated in favor of `Scope.set_user()`.
  scope.user = {"email": email}  # noqa
/opt/conda/envs/dsrl_env/lib/python3.9/site-packages/wandb/analytics/sentry.py:262: DeprecationWarning: The `Scope.user` setter is deprecated in favor of `Scope.set_user()`.
  scope.user = {"email": email}  # noqa
wandb: wandb version 0.24.2 is available!  To upgrade, please run:
wandb:  $ pip install wandb --upgrade
wandb: Tracking run with wandb version 0.17.7
wandb: Run data is saved locally in /home/pkarageo/master-thesis/dsrl/wandb/run-20260207_084330-upvlqnzh
wandb: Run `wandb offline` to turn off syncing.
wandb: Syncing run robomimic_lift_dsrl_vlm_2026-02-07_08-43-06_1_vlm
wandb: ⭐️ View project at https://wandb.ai/nlp-squad/dsrl_roboreward
wandb: 🚀 View run at https://wandb.ai/nlp-squad/dsrl_roboreward/runs/upvlqnzh
✅ RoboReward-8B loaded on cuda:1!
Task: lift
Task instruction: Pick up the red cube from the table
============================================================

[2026-02-07 08:43:34,457][root][INFO] - Number of network parameters: 573516
[2026-02-07 08:43:34,796][root][INFO] - Actor weights not found. Using pre-trained weights!
[2026-02-07 08:43:34,797][root][INFO] - Loaded base policy weights from ./dppo/log/robomimic-pretrain/lift/lift_pre_diffusion_mlp_ta4_td20/2024-06-28_14-47-58/checkpoint/state_5000.pt
/opt/conda/envs/dsrl_env/lib/python3.9/site-packages/Cython/Distutils/old_build_ext.py:15: DeprecationWarning: dep_util is Deprecated. Use functions from setuptools instead.
  from distutils.dep_util import newer, newer_group
/opt/conda/envs/dsrl_env/lib/python3.9/site-packages/pkg_resources/__init__.py:3148: DeprecationWarning: Deprecated call to `pkg_resources.declare_namespace('mpl_toolkits')`.
Implementing implicit namespace packages (as specified in PEP 420) is preferred to `pkg_resources.declare_namespace`. See https://setuptools.pypa.io/en/latest/references/keywords.html#keyword-namespace-packages
  declare_namespace(pkg)
[2026-02-07 08:43:36,191][root][INFO] - Command '['/opt/conda/envs/dsrl_env/lib/python3.9/site-packages/egl_probe/build/test_device', '0']' returned non-zero exit status 1.
[2026-02-07 08:43:36,191][root][INFO] - Device 0 is not available for rendering
[2026-02-07 08:43:36,230][root][INFO] - Command '['/opt/conda/envs/dsrl_env/lib/python3.9/site-packages/egl_probe/build/test_device', '1']' returned non-zero exit status 1.
[2026-02-07 08:43:36,230][root][INFO] - Device 1 is not available for rendering
[2026-02-07 08:43:36,268][root][INFO] - Command '['/opt/conda/envs/dsrl_env/lib/python3.9/site-packages/egl_probe/build/test_device', '2']' returned non-zero exit status 1.
[2026-02-07 08:43:36,269][root][INFO] - Device 2 is not available for rendering
Created environment with name Lift
Action size is 7
env class: <class 'env_utils.ActionChunkWrapper'>
gymnasium.Env class: <class 'gymnasium.core.Env'>
MRO: (<class 'env_utils.ActionChunkWrapper'>, <class 'gymnasium.core.Env'>, <class 'typing.Generic'>, <class 'object'>)
Is instance: True
env class: <class 'stable_baselines3.common.monitor.Monitor'>
gymnasium.Env class: <class 'gymnasium.core.Env'>
MRO: (<class 'stable_baselines3.common.monitor.Monitor'>, <class 'gymnasium.core.Wrapper'>, <class 'gymnasium.core.Env'>, <class 'typing.Generic'>, <class 'object'>)
Is instance: True
[2026-02-07 08:43:38,072][root][INFO] - Command '['/opt/conda/envs/dsrl_env/lib/python3.9/site-packages/egl_probe/build/test_device', '0']' returned non-zero exit status 1.
[2026-02-07 08:43:38,073][root][INFO] - Device 0 is not available for rendering
[2026-02-07 08:43:38,116][root][INFO] - Command '['/opt/conda/envs/dsrl_env/lib/python3.9/site-packages/egl_probe/build/test_device', '1']' returned non-zero exit status 1.
[2026-02-07 08:43:38,117][root][INFO] - Device 1 is not available for rendering
[2026-02-07 08:43:38,158][root][INFO] - Command '['/opt/conda/envs/dsrl_env/lib/python3.9/site-packages/egl_probe/build/test_device', '2']' returned non-zero exit status 1.
[2026-02-07 08:43:38,159][root][INFO] - Device 2 is not available for rendering
Created environment with name Lift
Action size is 7
env class: <class 'env_utils.ActionChunkWrapper'>
gymnasium.Env class: <class 'gymnasium.core.Env'>
MRO: (<class 'env_utils.ActionChunkWrapper'>, <class 'gymnasium.core.Env'>, <class 'typing.Generic'>, <class 'object'>)
Is instance: True
env class: <class 'stable_baselines3.common.monitor.Monitor'>
gymnasium.Env class: <class 'gymnasium.core.Env'>
MRO: (<class 'stable_baselines3.common.monitor.Monitor'>, <class 'gymnasium.core.Wrapper'>, <class 'gymnasium.core.Env'>, <class 'typing.Generic'>, <class 'object'>)
Is instance: True
[2026-02-07 08:43:39,462][root][INFO] - Command '['/opt/conda/envs/dsrl_env/lib/python3.9/site-packages/egl_probe/build/test_device', '0']' returned non-zero exit status 1.
[2026-02-07 08:43:39,462][root][INFO] - Device 0 is not available for rendering
[2026-02-07 08:43:39,507][root][INFO] - Command '['/opt/conda/envs/dsrl_env/lib/python3.9/site-packages/egl_probe/build/test_device', '1']' returned non-zero exit status 1.
[2026-02-07 08:43:39,508][root][INFO] - Device 1 is not available for rendering
[2026-02-07 08:43:39,550][root][INFO] - Command '['/opt/conda/envs/dsrl_env/lib/python3.9/site-packages/egl_probe/build/test_device', '2']' returned non-zero exit status 1.
[2026-02-07 08:43:39,551][root][INFO] - Device 2 is not available for rendering
Created environment with name Lift
Action size is 7
env class: <class 'env_utils.ActionChunkWrapper'>
gymnasium.Env class: <class 'gymnasium.core.Env'>
MRO: (<class 'env_utils.ActionChunkWrapper'>, <class 'gymnasium.core.Env'>, <class 'typing.Generic'>, <class 'object'>)
Is instance: True
env class: <class 'stable_baselines3.common.monitor.Monitor'>
gymnasium.Env class: <class 'gymnasium.core.Env'>
MRO: (<class 'stable_baselines3.common.monitor.Monitor'>, <class 'gymnasium.core.Wrapper'>, <class 'gymnasium.core.Env'>, <class 'typing.Generic'>, <class 'object'>)
Is instance: True
[2026-02-07 08:43:40,555][root][INFO] - Command '['/opt/conda/envs/dsrl_env/lib/python3.9/site-packages/egl_probe/build/test_device', '0']' returned non-zero exit status 1.
[2026-02-07 08:43:40,556][root][INFO] - Device 0 is not available for rendering
[2026-02-07 08:43:40,605][root][INFO] - Command '['/opt/conda/envs/dsrl_env/lib/python3.9/site-packages/egl_probe/build/test_device', '1']' returned non-zero exit status 1.
[2026-02-07 08:43:40,605][root][INFO] - Device 1 is not available for rendering
[2026-02-07 08:43:40,648][root][INFO] - Command '['/opt/conda/envs/dsrl_env/lib/python3.9/site-packages/egl_probe/build/test_device', '2']' returned non-zero exit status 1.
[2026-02-07 08:43:40,649][root][INFO] - Device 2 is not available for rendering
Created environment with name Lift
Action size is 7
env class: <class 'env_utils.ActionChunkWrapper'>
gymnasium.Env class: <class 'gymnasium.core.Env'>
MRO: (<class 'env_utils.ActionChunkWrapper'>, <class 'gymnasium.core.Env'>, <class 'typing.Generic'>, <class 'object'>)
Is instance: True
env class: <class 'stable_baselines3.common.monitor.Monitor'>
gymnasium.Env class: <class 'gymnasium.core.Env'>
MRO: (<class 'stable_baselines3.common.monitor.Monitor'>, <class 'gymnasium.core.Wrapper'>, <class 'gymnasium.core.Env'>, <class 'typing.Generic'>, <class 'object'>)
Is instance: True
Using cuda device
[2026-02-07 08:43:42,669][root][INFO] - Command '['/opt/conda/envs/dsrl_env/lib/python3.9/site-packages/egl_probe/build/test_device', '0']' returned non-zero exit status 1.
[2026-02-07 08:43:42,670][root][INFO] - Device 0 is not available for rendering
[2026-02-07 08:43:42,717][root][INFO] - Command '['/opt/conda/envs/dsrl_env/lib/python3.9/site-packages/egl_probe/build/test_device', '1']' returned non-zero exit status 1.
[2026-02-07 08:43:42,718][root][INFO] - Device 1 is not available for rendering
[2026-02-07 08:43:42,764][root][INFO] - Command '['/opt/conda/envs/dsrl_env/lib/python3.9/site-packages/egl_probe/build/test_device', '2']' returned non-zero exit status 1.
[2026-02-07 08:43:42,765][root][INFO] - Device 2 is not available for rendering
Created environment with name Lift
Action size is 7
env class: <class 'env_utils.ActionChunkWrapper'>
gymnasium.Env class: <class 'gymnasium.core.Env'>
MRO: (<class 'env_utils.ActionChunkWrapper'>, <class 'gymnasium.core.Env'>, <class 'typing.Generic'>, <class 'object'>)
Is instance: True
env class: <class 'stable_baselines3.common.monitor.Monitor'>
gymnasium.Env class: <class 'gymnasium.core.Env'>
MRO: (<class 'stable_baselines3.common.monitor.Monitor'>, <class 'gymnasium.core.Wrapper'>, <class 'gymnasium.core.Env'>, <class 'typing.Generic'>, <class 'object'>)
Is instance: True
[2026-02-07 08:43:43,769][root][INFO] - Command '['/opt/conda/envs/dsrl_env/lib/python3.9/site-packages/egl_probe/build/test_device', '0']' returned non-zero exit status 1.
[2026-02-07 08:43:43,769][root][INFO] - Device 0 is not available for rendering
[2026-02-07 08:43:43,817][root][INFO] - Command '['/opt/conda/envs/dsrl_env/lib/python3.9/site-packages/egl_probe/build/test_device', '1']' returned non-zero exit status 1.
[2026-02-07 08:43:43,818][root][INFO] - Device 1 is not available for rendering
[2026-02-07 08:43:43,867][root][INFO] - Command '['/opt/conda/envs/dsrl_env/lib/python3.9/site-packages/egl_probe/build/test_device', '2']' returned non-zero exit status 1.
[2026-02-07 08:43:43,868][root][INFO] - Device 2 is not available for rendering
Created environment with name Lift
Action size is 7
env class: <class 'env_utils.ActionChunkWrapper'>
gymnasium.Env class: <class 'gymnasium.core.Env'>
MRO: (<class 'env_utils.ActionChunkWrapper'>, <class 'gymnasium.core.Env'>, <class 'typing.Generic'>, <class 'object'>)
Is instance: True
env class: <class 'stable_baselines3.common.monitor.Monitor'>
gymnasium.Env class: <class 'gymnasium.core.Env'>
MRO: (<class 'stable_baselines3.common.monitor.Monitor'>, <class 'gymnasium.core.Wrapper'>, <class 'gymnasium.core.Env'>, <class 'typing.Generic'>, <class 'object'>)
Is instance: True
[2026-02-07 08:43:45,299][root][INFO] - Command '['/opt/conda/envs/dsrl_env/lib/python3.9/site-packages/egl_probe/build/test_device', '0']' returned non-zero exit status 1.
[2026-02-07 08:43:45,299][root][INFO] - Device 0 is not available for rendering
[2026-02-07 08:43:45,353][root][INFO] - Command '['/opt/conda/envs/dsrl_env/lib/python3.9/site-packages/egl_probe/build/test_device', '1']' returned non-zero exit status 1.
[2026-02-07 08:43:45,353][root][INFO] - Device 1 is not available for rendering
[2026-02-07 08:43:45,402][root][INFO] - Command '['/opt/conda/envs/dsrl_env/lib/python3.9/site-packages/egl_probe/build/test_device', '2']' returned non-zero exit status 1.
[2026-02-07 08:43:45,403][root][INFO] - Device 2 is not available for rendering
Created environment with name Lift
Action size is 7
env class: <class 'env_utils.ActionChunkWrapper'>
gymnasium.Env class: <class 'gymnasium.core.Env'>
MRO: (<class 'env_utils.ActionChunkWrapper'>, <class 'gymnasium.core.Env'>, <class 'typing.Generic'>, <class 'object'>)
Is instance: True
env class: <class 'stable_baselines3.common.monitor.Monitor'>
gymnasium.Env class: <class 'gymnasium.core.Env'>
MRO: (<class 'stable_baselines3.common.monitor.Monitor'>, <class 'gymnasium.core.Wrapper'>, <class 'gymnasium.core.Env'>, <class 'typing.Generic'>, <class 'object'>)
Is instance: True
[2026-02-07 08:43:46,406][root][INFO] - Command '['/opt/conda/envs/dsrl_env/lib/python3.9/site-packages/egl_probe/build/test_device', '0']' returned non-zero exit status 1.
[2026-02-07 08:43:46,407][root][INFO] - Device 0 is not available for rendering
[2026-02-07 08:43:46,459][root][INFO] - Command '['/opt/conda/envs/dsrl_env/lib/python3.9/site-packages/egl_probe/build/test_device', '1']' returned non-zero exit status 1.
[2026-02-07 08:43:46,460][root][INFO] - Device 1 is not available for rendering
[2026-02-07 08:43:46,510][root][INFO] - Command '['/opt/conda/envs/dsrl_env/lib/python3.9/site-packages/egl_probe/build/test_device', '2']' returned non-zero exit status 1.
[2026-02-07 08:43:46,511][root][INFO] - Device 2 is not available for rendering
/opt/conda/envs/dsrl_env/lib/python3.9/site-packages/gym/core.py:43: DeprecationWarning: [33mWARN: The argument mode in render method is deprecated; use render_mode during environment initialization instead.
See here for more information: https://www.gymlibrary.ml/content/api/[0m
  deprecation(
The following generation flags are not valid and may be ignored: ['temperature', 'top_p', 'top_k']. Set `TRANSFORMERS_VERBOSITY=info` for more details.
Created environment with name Lift
Action size is 7
env class: <class 'env_utils.ActionChunkWrapper'>
gymnasium.Env class: <class 'gymnasium.core.Env'>
MRO: (<class 'env_utils.ActionChunkWrapper'>, <class 'gymnasium.core.Env'>, <class 'typing.Generic'>, <class 'object'>)
Is instance: True
env class: <class 'stable_baselines3.common.monitor.Monitor'>
gymnasium.Env class: <class 'gymnasium.core.Env'>
MRO: (<class 'stable_baselines3.common.monitor.Monitor'>, <class 'gymnasium.core.Wrapper'>, <class 'gymnasium.core.Env'>, <class 'typing.Generic'>, <class 'object'>)
Is instance: True
Eval episode 0 at timestep 0
Eval episode 1 at timestep 0
Eval episode 2 at timestep 0
Eval episode 3 at timestep 0
Eval episode 4 at timestep 0
Eval episode 5 at timestep 0
Eval episode 6 at timestep 0
Eval episode 7 at timestep 0
Eval episode 8 at timestep 0
Eval episode 9 at timestep 0
Eval episode 10 at timestep 0
Eval episode 11 at timestep 0
Eval episode 12 at timestep 0
Eval episode 13 at timestep 0
Eval episode 14 at timestep 0
Eval episode 15 at timestep 0
Eval episode 16 at timestep 0
Eval episode 17 at timestep 0
Eval episode 18 at timestep 0
Eval episode 19 at timestep 0
Eval episode 20 at timestep 0
Eval episode 21 at timestep 0
Eval episode 22 at timestep 0
Eval episode 23 at timestep 0
Eval episode 24 at timestep 0
Eval episode 25 at timestep 0
Eval episode 26 at timestep 0
Eval episode 27 at timestep 0
Eval episode 28 at timestep 0
Eval episode 29 at timestep 0
Eval episode 30 at timestep 0
Eval episode 31 at timestep 0
Eval episode 32 at timestep 0
Eval episode 33 at timestep 0
Eval episode 34 at timestep 0
Eval episode 35 at timestep 0
Eval episode 36 at timestep 0
Eval episode 37 at timestep 0
Eval episode 38 at timestep 0
Eval episode 39 at timestep 0
Eval episode 40 at timestep 0
Eval episode 41 at timestep 0
Eval episode 42 at timestep 0
Eval episode 43 at timestep 0
Eval episode 44 at timestep 0
Eval episode 45 at timestep 0
Eval episode 46 at timestep 0
Eval episode 47 at timestep 0
Eval episode 48 at timestep 0
Eval episode 49 at timestep 0
[VLM #1] Task: Pick up the red cube from the table
    Frames: 62, Raw output: .2 seconds><14.2 seconds><15.2 seconds>Task: Pick up the red cube from the table
assistant
ANSWER: 5
    Parsed discrete score: 5/5 → Reward: 0.00
[VLM #2] Task: Pick up the red cube from the table
    Frames: 62, Raw output: .2 seconds><14.2 seconds><15.2 seconds>Task: Pick up the red cube from the table
assistant
ANSWER: 2
    Parsed discrete score: 2/5 → Reward: -0.75
[VLM #3] Task: Pick up the red cube from the table
    Frames: 62, Raw output: .2 seconds><14.2 seconds><15.2 seconds>Task: Pick up the red cube from the table
assistant
ANSWER: 2
    Parsed discrete score: 2/5 → Reward: -0.75
[VLM #4] Task: Pick up the red cube from the table
    Frames: 62, Raw output: .2 seconds><14.2 seconds><15.2 seconds>Task: Pick up the red cube from the table
assistant
ANSWER: 2
    Parsed discrete score: 2/5 → Reward: -0.75
[VLM #5] Task: Pick up the red cube from the table
    Frames: 62, Raw output: .2 seconds><14.2 seconds><15.2 seconds>Task: Pick up the red cube from the table
assistant
ANSWER: 5
    Parsed discrete score: 5/5 → Reward: 0.00
[VLM #50] Task: Pick up the red cube from the table
    Frames: 62, Raw output: .2 seconds><14.2 seconds><15.2 seconds>Task: Pick up the red cube from the table
assistant
ANSWER: 5
    Parsed discrete score: 5/5 → Reward: 0.00
[VLM #100] Task: Pick up the red cube from the table
    Frames: 62, Raw output: .2 seconds><14.2 seconds><15.2 seconds>Task: Pick up the red cube from the table
assistant
ANSWER: 5
    Parsed discrete score: 5/5 → Reward: 0.00
[VLM #150] Task: Pick up the red cube from the table
    Frames: 62, Raw output: .2 seconds><14.2 seconds><15.2 seconds>Task: Pick up the red cube from the table
assistant
ANSWER: 2
    Parsed discrete score: 2/5 → Reward: -0.75
[VLM #200] Task: Pick up the red cube from the table
    Frames: 62, Raw output: .2 seconds><14.2 seconds><15.2 seconds>Task: Pick up the red cube from the table
assistant
ANSWER: 2
    Parsed discrete score: 2/5 → Reward: -0.75
[VLM #250] Task: Pick up the red cube from the table
    Frames: 62, Raw output: .2 seconds><14.2 seconds><15.2 seconds>Task: Pick up the red cube from the table
assistant
ANSWER: 2
    Parsed discrete score: 2/5 → Reward: -0.75
[VLM #300] Task: Pick up the red cube from the table
    Frames: 62, Raw output: .2 seconds><14.2 seconds><15.2 seconds>Task: Pick up the red cube from the table
assistant
ANSWER: 5
    Parsed discrete score: 5/5 → Reward: 0.00
[VLM #350] Task: Pick up the red cube from the table
    Frames: 62, Raw output: .2 seconds><14.2 seconds><15.2 seconds>Task: Pick up the red cube from the table
assistant
ANSWER: 2
    Parsed discrete score: 2/5 → Reward: -0.75
[VLM #400] Task: Pick up the red cube from the table
    Frames: 62, Raw output: .2 seconds><14.2 seconds><15.2 seconds>Task: Pick up the red cube from the table
assistant
ANSWER: 2
    Parsed discrete score: 2/5 → Reward: -0.75
[VLM #450] Task: Pick up the red cube from the table
    Frames: 62, Raw output: .2 seconds><14.2 seconds><15.2 seconds>Task: Pick up the red cube from the table
assistant
ANSWER: 5
    Parsed discrete score: 5/5 → Reward: 0.00
[VLM #500] Task: Pick up the red cube from the table
    Frames: 62, Raw output: .2 seconds><14.2 seconds><15.2 seconds>Task: Pick up the red cube from the table
assistant
ANSWER: 2
    Parsed discrete score: 2/5 → Reward: -0.75
[VLM #550] Task: Pick up the red cube from the table
    Frames: 62, Raw output: .2 seconds><14.2 seconds><15.2 seconds>Task: Pick up the red cube from the table
assistant
ANSWER: 2
    Parsed discrete score: 2/5 → Reward: -0.75
[VLM #600] Task: Pick up the red cube from the table
    Frames: 62, Raw output: .2 seconds><14.2 seconds><15.2 seconds>Task: Pick up the red cube from the table
assistant
ANSWER: 5
    Parsed discrete score: 5/5 → Reward: 0.00
[VLM #650] Task: Pick up the red cube from the table
    Frames: 62, Raw output: .2 seconds><14.2 seconds><15.2 seconds>Task: Pick up the red cube from the table
assistant
ANSWER: 2
    Parsed discrete score: 2/5 → Reward: -0.75
[VLM #700] Task: Pick up the red cube from the table
    Frames: 62, Raw output: .2 seconds><14.2 seconds><15.2 seconds>Task: Pick up the red cube from the table
assistant
ANSWER: 2
    Parsed discrete score: 2/5 → Reward: -0.75
[VLM #750] Task: Pick up the red cube from the table
    Frames: 62, Raw output: .2 seconds><14.2 seconds><15.2 seconds>Task: Pick up the red cube from the table
assistant
ANSWER: 2
    Parsed discrete score: 2/5 → Reward: -0.75
[VLM #800] Task: Pick up the red cube from the table
    Frames: 62, Raw output: .2 seconds><14.2 seconds><15.2 seconds>Task: Pick up the red cube from the table
assistant
ANSWER: 5
    Parsed discrete score: 5/5 → Reward: 0.00
[VLM #850] Task: Pick up the red cube from the table
    Frames: 62, Raw output: .2 seconds><14.2 seconds><15.2 seconds>Task: Pick up the red cube from the table
assistant
ANSWER: 5
    Parsed discrete score: 5/5 → Reward: 0.00
[VLM #900] Task: Pick up the red cube from the table
    Frames: 62, Raw output: .2 seconds><14.2 seconds><15.2 seconds>Task: Pick up the red cube from the table
assistant
ANSWER: 5
    Parsed discrete score: 5/5 → Reward: 0.00
[VLM #950] Task: Pick up the red cube from the table
    Frames: 62, Raw output: .2 seconds><14.2 seconds><15.2 seconds>Task: Pick up the red cube from the table
assistant
ANSWER: 5
    Parsed discrete score: 5/5 → Reward: 0.00
[VLM #1000] Task: Pick up the red cube from the table
    Frames: 62, Raw output: .2 seconds><14.2 seconds><15.2 seconds>Task: Pick up the red cube from the table
assistant
ANSWER: 5
    Parsed discrete score: 5/5 → Reward: 0.00
[VLM #1050] Task: Pick up the red cube from the table
    Frames: 62, Raw output: .2 seconds><14.2 seconds><15.2 seconds>Task: Pick up the red cube from the table
assistant
ANSWER: 5
    Parsed discrete score: 5/5 → Reward: 0.00
[VLM #1100] Task: Pick up the red cube from the table
    Frames: 62, Raw output: .2 seconds><14.2 seconds><15.2 seconds>Task: Pick up the red cube from the table
assistant
ANSWER: 5
    Parsed discrete score: 5/5 → Reward: 0.00
[VLM #1150] Task: Pick up the red cube from the table
    Frames: 62, Raw output: .2 seconds><14.2 seconds><15.2 seconds>Task: Pick up the red cube from the table
assistant
ANSWER: 5
    Parsed discrete score: 5/5 → Reward: 0.00
[VLM #1200] Task: Pick up the red cube from the table
    Frames: 62, Raw output: .2 seconds><14.2 seconds><15.2 seconds>Task: Pick up the red cube from the table
assistant
ANSWER: 2
    Parsed discrete score: 2/5 → Reward: -0.75
[VLM #1250] Task: Pick up the red cube from the table
    Frames: 62, Raw output: .2 seconds><14.2 seconds><15.2 seconds>Task: Pick up the red cube from the table
assistant
ANSWER: 2
    Parsed discrete score: 2/5 → Reward: -0.75

============================================================
🚀 Starting DSRL Training
   Algorithm: dsrl_na
   Reward: RoboReward VLM
   Environment: lift
   Parallel envs: 4
============================================================

Logging to /var/scratch/pkarageo/dsrl_logs/robomimic-dsrl-vlm/robomimic_lift_dsrl_vlm_2026-02-07_08-43-06_1/2026-02-07_08-43-06_1/SAC_1
[Step 97200] VLM Score: 4.25, VLM Success: 75.0%, Sim Success: 75.0%
-----------------------------------
| rollout/             |          |
|    ep_len_mean       | 75       |
|    ep_rew_mean       | 4.25     |
| time/                |          |
|    episodes          | 4        |
|    fps               | 2        |
|    time_elapsed      | 136      |
|    total_timesteps   | 300      |
| train/               |          |
|    actor_loss        | -155     |
|    critic_loss       | 187      |
|    ent_coef          | 0.515    |
|    ent_coef_loss     | -12.5    |
|    learning_rate     | 0.0003   |
|    n_updates         | 2220     |
|    noise_critic_loss | 13.1     |
-----------------------------------
[Step 98400] VLM Score: 3.25, VLM Success: 50.0%, Sim Success: 0.0%
-----------------------------------
| rollout/             |          |
|    ep_len_mean       | 75       |
|    ep_rew_mean       | 3.75     |
| time/                |          |
|    episodes          | 8        |
|    fps               | 2        |
|    time_elapsed      | 273      |
|    total_timesteps   | 600      |
| train/               |          |
|    actor_loss        | -183     |
|    critic_loss       | 186      |
|    ent_coef          | 0.268    |
|    ent_coef_loss     | -21.1    |
|    learning_rate     | 0.0003   |
|    n_updates         | 4470     |
|    noise_critic_loss | 28.9     |
-----------------------------------
[Step 99600] VLM Score: 4.25, VLM Success: 75.0%, Sim Success: 25.0%
-----------------------------------
| rollout/             |          |
|    ep_len_mean       | 75       |
|    ep_rew_mean       | 3.92     |
| time/                |          |
|    episodes          | 12       |
|    fps               | 2        |
|    time_elapsed      | 410      |
|    total_timesteps   | 900      |
| train/               |          |
|    actor_loss        | -175     |
|    critic_loss       | 164      |
|    ent_coef          | 0.148    |
|    ent_coef_loss     | -21      |
|    learning_rate     | 0.0003   |
|    n_updates         | 6720     |
|    noise_critic_loss | 40.8     |
-----------------------------------
[Step 100800] VLM Score: 4.25, VLM Success: 100.0%, Sim Success: 25.0%
-----------------------------------
| rollout/             |          |
|    ep_len_mean       | 75       |
|    ep_rew_mean       | 4        |
| time/                |          |
|    episodes          | 16       |
|    fps               | 2        |
|    time_elapsed      | 548      |
|    total_timesteps   | 1200     |
| train/               |          |
|    actor_loss        | -151     |
|    critic_loss       | 78.5     |
|    ent_coef          | 0.0905   |
|    ent_coef_loss     | -13.6    |
|    learning_rate     | 0.0003   |
|    n_updates         | 8970     |
|    noise_critic_loss | 38.6     |
-----------------------------------
[VLM #1300] Task: Pick up the red cube from the table
    Frames: 62, Raw output: .2 seconds><14.2 seconds><15.2 seconds>Task: Pick up the red cube from the table
assistant
ANSWER: 4
    Parsed discrete score: 4/5 → Reward: -0.25
[Step 102000] VLM Score: 4.25, VLM Success: 100.0%, Sim Success: 25.0%
-----------------------------------
| rollout/             |          |
|    ep_len_mean       | 75       |
|    ep_rew_mean       | 4.05     |
| time/                |          |
|    episodes          | 20       |
|    fps               | 2        |
|    time_elapsed      | 686      |
|    total_timesteps   | 1500     |
| train/               |          |
|    actor_loss        | -124     |
|    critic_loss       | 47.5     |
|    ent_coef          | 0.0694   |
|    ent_coef_loss     | 3.14     |
|    learning_rate     | 0.0003   |
|    n_updates         | 11220    |
|    noise_critic_loss | 49.1     |
-----------------------------------
[Step 103200] VLM Score: 2.75, VLM Success: 25.0%, Sim Success: 0.0%
-----------------------------------
| rollout/             |          |
|    ep_len_mean       | 75       |
|    ep_rew_mean       | 3.83     |
| time/                |          |
|    episodes          | 24       |
|    fps               | 2        |
|    time_elapsed      | 822      |
|    total_timesteps   | 1800     |
| train/               |          |
|    actor_loss        | -105     |
|    critic_loss       | 45.8     |
|    ent_coef          | 0.0653   |
|    ent_coef_loss     | 3.14     |
|    learning_rate     | 0.0003   |
|    n_updates         | 13470    |
|    noise_critic_loss | 52.4     |
-----------------------------------
[Step 104400] VLM Score: 2.50, VLM Success: 0.0%, Sim Success: 0.0%
-----------------------------------
| rollout/             |          |
|    ep_len_mean       | 75       |
|    ep_rew_mean       | 3.64     |
| time/                |          |
|    episodes          | 28       |
|    fps               | 2        |
|    time_elapsed      | 956      |
|    total_timesteps   | 2100     |
| train/               |          |
|    actor_loss        | -86.4    |
|    critic_loss       | 32.4     |
|    ent_coef          | 0.0659   |
|    ent_coef_loss     | 6.14     |
|    learning_rate     | 0.0003   |
|    n_updates         | 15720    |
|    noise_critic_loss | 86.1     |
-----------------------------------
[Step 105600] VLM Score: 3.25, VLM Success: 50.0%, Sim Success: 0.0%
-----------------------------------
| rollout/             |          |
|    ep_len_mean       | 75       |
|    ep_rew_mean       | 3.59     |
| time/                |          |
|    episodes          | 32       |
|    fps               | 2        |
|    time_elapsed      | 1091     |
|    total_timesteps   | 2400     |
| train/               |          |
|    actor_loss        | -74.1    |
|    critic_loss       | 25.4     |
|    ent_coef          | 0.0647   |
|    ent_coef_loss     | -2.71    |
|    learning_rate     | 0.0003   |
|    n_updates         | 17970    |
|    noise_critic_loss | 76.4     |
-----------------------------------
[Step 106800] VLM Score: 4.25, VLM Success: 100.0%, Sim Success: 25.0%
-----------------------------------
| rollout/             |          |
|    ep_len_mean       | 75       |
|    ep_rew_mean       | 3.67     |
| time/                |          |
|    episodes          | 36       |
|    fps               | 2        |
|    time_elapsed      | 1228     |
|    total_timesteps   | 2700     |
| train/               |          |
|    actor_loss        | -63.5    |
|    critic_loss       | 21.6     |
|    ent_coef          | 0.0602   |
|    ent_coef_loss     | -1.87    |
|    learning_rate     | 0.0003   |
|    n_updates         | 20220    |
|    noise_critic_loss | 74.8     |
-----------------------------------
[Step 108000] VLM Score: 3.25, VLM Success: 50.0%, Sim Success: 0.0%
-----------------------------------
| rollout/             |          |
|    ep_len_mean       | 75       |
|    ep_rew_mean       | 3.62     |
| time/                |          |
|    episodes          | 40       |
|    fps               | 2        |
|    time_elapsed      | 1363     |
|    total_timesteps   | 3000     |
| train/               |          |
|    actor_loss        | -53.3    |
|    critic_loss       | 15.4     |
|    ent_coef          | 0.0545   |
|    ent_coef_loss     | 3.07     |
|    learning_rate     | 0.0003   |
|    n_updates         | 22470    |
|    noise_critic_loss | 45.8     |
-----------------------------------
[Step 109200] VLM Score: 2.50, VLM Success: 0.0%, Sim Success: 0.0%
-----------------------------------
| rollout/             |          |
|    ep_len_mean       | 75       |
|    ep_rew_mean       | 3.52     |
| time/                |          |
|    episodes          | 44       |
|    fps               | 2        |
|    time_elapsed      | 1497     |
|    total_timesteps   | 3300     |
| train/               |          |
|    actor_loss        | -46.3    |
|    critic_loss       | 16.6     |
|    ent_coef          | 0.0496   |
|    ent_coef_loss     | -4.24    |
|    learning_rate     | 0.0003   |
|    n_updates         | 24720    |
|    noise_critic_loss | 44.9     |
-----------------------------------
[Step 110400] VLM Score: 2.50, VLM Success: 25.0%, Sim Success: 0.0%
-----------------------------------
| rollout/             |          |
|    ep_len_mean       | 75       |
|    ep_rew_mean       | 3.44     |
| time/                |          |
|    episodes          | 48       |
|    fps               | 2        |
|    time_elapsed      | 1632     |
|    total_timesteps   | 3600     |
| train/               |          |
|    actor_loss        | -41.2    |
|    critic_loss       | 9.47     |
|    ent_coef          | 0.0472   |
|    ent_coef_loss     | -4.16    |
|    learning_rate     | 0.0003   |
|    n_updates         | 26970    |
|    noise_critic_loss | 28.1     |
-----------------------------------
[Step 111600] VLM Score: 2.25, VLM Success: 0.0%, Sim Success: 0.0%
-----------------------------------
| rollout/             |          |
|    ep_len_mean       | 75       |
|    ep_rew_mean       | 3.35     |
| time/                |          |
|    episodes          | 52       |
|    fps               | 2        |
|    time_elapsed      | 1767     |
|    total_timesteps   | 3900     |
| train/               |          |
|    actor_loss        | -35.8    |
|    critic_loss       | 8.16     |
|    ent_coef          | 0.0434   |
|    ent_coef_loss     | -4.24    |
|    learning_rate     | 0.0003   |
|    n_updates         | 29220    |
|    noise_critic_loss | 24.1     |
-----------------------------------
[Step 112800] VLM Score: 3.50, VLM Success: 50.0%, Sim Success: 0.0%
-----------------------------------
| rollout/             |          |
|    ep_len_mean       | 75       |
|    ep_rew_mean       | 3.36     |
| time/                |          |
|    episodes          | 56       |
|    fps               | 2        |
|    time_elapsed      | 1902     |
|    total_timesteps   | 4200     |
| train/               |          |
|    actor_loss        | -33.4    |
|    critic_loss       | 8.59     |
|    ent_coef          | 0.041    |
|    ent_coef_loss     | 0.643    |
|    learning_rate     | 0.0003   |
|    n_updates         | 31470    |
|    noise_critic_loss | 23.6     |
-----------------------------------
[Step 114000] VLM Score: 3.50, VLM Success: 50.0%, Sim Success: 0.0%
-----------------------------------
| rollout/             |          |
|    ep_len_mean       | 75       |
|    ep_rew_mean       | 3.37     |
| time/                |          |
|    episodes          | 60       |
|    fps               | 2        |
|    time_elapsed      | 2038     |
|    total_timesteps   | 4500     |
| train/               |          |
|    actor_loss        | -30.3    |
|    critic_loss       | 4.75     |
|    ent_coef          | 0.0352   |
|    ent_coef_loss     | -1.05    |
|    learning_rate     | 0.0003   |
|    n_updates         | 33720    |
|    noise_critic_loss | 17.7     |
-----------------------------------
[Step 115200] VLM Score: 2.75, VLM Success: 25.0%, Sim Success: 0.0%
-----------------------------------
| rollout/             |          |
|    ep_len_mean       | 75       |
|    ep_rew_mean       | 3.33     |
| time/                |          |
|    episodes          | 64       |
|    fps               | 2        |
|    time_elapsed      | 2173     |
|    total_timesteps   | 4800     |
| train/               |          |
|    actor_loss        | -27.9    |
|    critic_loss       | 4.34     |
|    ent_coef          | 0.0306   |
|    ent_coef_loss     | -0.0299  |
|    learning_rate     | 0.0003   |
|    n_updates         | 35970    |
|    noise_critic_loss | 14.1     |
-----------------------------------
[Step 116400] VLM Score: 3.50, VLM Success: 50.0%, Sim Success: 0.0%
-----------------------------------
| rollout/             |          |
|    ep_len_mean       | 75       |
|    ep_rew_mean       | 3.34     |
| time/                |          |
|    episodes          | 68       |
|    fps               | 2        |
|    time_elapsed      | 2309     |
|    total_timesteps   | 5100     |
| train/               |          |
|    actor_loss        | -26.2    |
|    critic_loss       | 3.83     |
|    ent_coef          | 0.0271   |
|    ent_coef_loss     | 1.65     |
|    learning_rate     | 0.0003   |
|    n_updates         | 38220    |
|    noise_critic_loss | 13       |
-----------------------------------
[VLM #1350] Task: Pick up the red cube from the table
    Frames: 62, Raw output: .2 seconds><14.2 seconds><15.2 seconds>Task: Pick up the red cube from the table
assistant
ANSWER: 4
    Parsed discrete score: 4/5 → Reward: -0.25
[Step 117600] VLM Score: 3.00, VLM Success: 25.0%, Sim Success: 0.0%
-----------------------------------
| rollout/             |          |
|    ep_len_mean       | 75       |
|    ep_rew_mean       | 3.32     |
| time/                |          |
|    episodes          | 72       |
|    fps               | 2        |
|    time_elapsed      | 2446     |
|    total_timesteps   | 5400     |
| train/               |          |
|    actor_loss        | -22.7    |
|    critic_loss       | 2.61     |
|    ent_coef          | 0.0235   |
|    ent_coef_loss     | 3.14     |
|    learning_rate     | 0.0003   |
|    n_updates         | 40470    |
|    noise_critic_loss | 9.02     |
-----------------------------------
[Step 118800] VLM Score: 3.50, VLM Success: 50.0%, Sim Success: 0.0%
-----------------------------------
| rollout/             |          |
|    ep_len_mean       | 75       |
|    ep_rew_mean       | 3.33     |
| time/                |          |
|    episodes          | 76       |
|    fps               | 2        |
|    time_elapsed      | 2582     |
|    total_timesteps   | 5700     |
| train/               |          |
|    actor_loss        | -19.5    |
|    critic_loss       | 2.62     |
|    ent_coef          | 0.0209   |
|    ent_coef_loss     | -4.16    |
|    learning_rate     | 0.0003   |
|    n_updates         | 42720    |
|    noise_critic_loss | 10.1     |
-----------------------------------
[Step 120000] VLM Score: 4.25, VLM Success: 100.0%, Sim Success: 0.0%
-----------------------------------
| rollout/             |          |
|    ep_len_mean       | 75       |
|    ep_rew_mean       | 3.38     |
| time/                |          |
|    episodes          | 80       |
|    fps               | 2        |
|    time_elapsed      | 2717     |
|    total_timesteps   | 6000     |
| train/               |          |
|    actor_loss        | -17.7    |
|    critic_loss       | 1.75     |
|    ent_coef          | 0.0177   |
|    ent_coef_loss     | -0.958   |
|    learning_rate     | 0.0003   |
|    n_updates         | 44970    |
|    noise_critic_loss | 6.61     |
-----------------------------------
[Step 121200] VLM Score: 2.75, VLM Success: 25.0%, Sim Success: 0.0%
-----------------------------------
| rollout/             |          |
|    ep_len_mean       | 75       |
|    ep_rew_mean       | 3.35     |
| time/                |          |
|    episodes          | 84       |
|    fps               | 2        |
|    time_elapsed      | 2853     |
|    total_timesteps   | 6300     |
| train/               |          |
|    actor_loss        | -15.3    |
|    critic_loss       | 1.56     |
|    ent_coef          | 0.0155   |
|    ent_coef_loss     | -2.21    |
|    learning_rate     | 0.0003   |
|    n_updates         | 47220    |
|    noise_critic_loss | 5.14     |
-----------------------------------
[Step 122400] VLM Score: 2.75, VLM Success: 0.0%, Sim Success: 0.0%
-----------------------------------
| rollout/             |          |
|    ep_len_mean       | 75       |
|    ep_rew_mean       | 3.32     |
| time/                |          |
|    episodes          | 88       |
|    fps               | 2        |
|    time_elapsed      | 2988     |
|    total_timesteps   | 6600     |
| train/               |          |
|    actor_loss        | -14.2    |
|    critic_loss       | 1.56     |
|    ent_coef          | 0.015    |
|    ent_coef_loss     | 0.657    |
|    learning_rate     | 0.0003   |
|    n_updates         | 49470    |
|    noise_critic_loss | 4.48     |
-----------------------------------
[Step 123600] VLM Score: 2.75, VLM Success: 0.0%, Sim Success: 0.0%
-----------------------------------
| rollout/             |          |
|    ep_len_mean       | 75       |
|    ep_rew_mean       | 3.29     |
| time/                |          |
|    episodes          | 92       |
|    fps               | 2        |
|    time_elapsed      | 3124     |
|    total_timesteps   | 6900     |
| train/               |          |
|    actor_loss        | -13      |
|    critic_loss       | 0.924    |
|    ent_coef          | 0.0131   |
|    ent_coef_loss     | 0.577    |
|    learning_rate     | 0.0003   |
|    n_updates         | 51720    |
|    noise_critic_loss | 3.11     |
-----------------------------------
[Step 124800] VLM Score: 3.50, VLM Success: 75.0%, Sim Success: 0.0%
-----------------------------------
| rollout/             |          |
|    ep_len_mean       | 75       |
|    ep_rew_mean       | 3.3      |
| time/                |          |
|    episodes          | 96       |
|    fps               | 2        |
|    time_elapsed      | 3260     |
|    total_timesteps   | 7200     |
| train/               |          |
|    actor_loss        | -11.7    |
|    critic_loss       | 0.829    |
|    ent_coef          | 0.0118   |
|    ent_coef_loss     | -2.23    |
|    learning_rate     | 0.0003   |
|    n_updates         | 53970    |
|    noise_critic_loss | 2.75     |
-----------------------------------
[Step 126000] VLM Score: 3.00, VLM Success: 25.0%, Sim Success: 0.0%
-----------------------------------
| rollout/             |          |
|    ep_len_mean       | 75       |
|    ep_rew_mean       | 3.29     |
| time/                |          |
|    episodes          | 100      |
|    fps               | 2        |
|    time_elapsed      | 3395     |
|    total_timesteps   | 7500     |
| train/               |          |
|    actor_loss        | -10.7    |
|    critic_loss       | 0.527    |
|    ent_coef          | 0.0103   |
|    ent_coef_loss     | -4.78    |
|    learning_rate     | 0.0003   |
|    n_updates         | 56220    |
|    noise_critic_loss | 1.98     |
-----------------------------------
[Step 127200] VLM Score: 3.25, VLM Success: 50.0%, Sim Success: 25.0%
-----------------------------------
| rollout/             |          |
|    ep_len_mean       | 75       |
|    ep_rew_mean       | 3.25     |
| time/                |          |
|    episodes          | 104      |
|    fps               | 2        |
|    time_elapsed      | 3531     |
|    total_timesteps   | 7800     |
| train/               |          |
|    actor_loss        | -10.1    |
|    critic_loss       | 0.477    |
|    ent_coef          | 0.00914  |
|    ent_coef_loss     | 2.87     |
|    learning_rate     | 0.0003   |
|    n_updates         | 58470    |
|    noise_critic_loss | 1.87     |
-----------------------------------
[Step 128400] VLM Score: 3.00, VLM Success: 25.0%, Sim Success: 0.0%
-----------------------------------
| rollout/             |          |
|    ep_len_mean       | 75       |
|    ep_rew_mean       | 3.24     |
| time/                |          |
|    episodes          | 108      |
|    fps               | 2        |
|    time_elapsed      | 3670     |
|    total_timesteps   | 8100     |
| train/               |          |
|    actor_loss        | -9.1     |
|    critic_loss       | 0.455    |
|    ent_coef          | 0.00895  |
|    ent_coef_loss     | -5.11    |
|    learning_rate     | 0.0003   |
|    n_updates         | 60720    |
|    noise_critic_loss | 1.59     |
-----------------------------------
[Step 129600] VLM Score: 3.50, VLM Success: 50.0%, Sim Success: 50.0%
-----------------------------------
| rollout/             |          |
|    ep_len_mean       | 75       |
|    ep_rew_mean       | 3.21     |
| time/                |          |
|    episodes          | 112      |
|    fps               | 2        |
|    time_elapsed      | 3806     |
|    total_timesteps   | 8400     |
| train/               |          |
|    actor_loss        | -8.74    |
|    critic_loss       | 0.505    |
|    ent_coef          | 0.00812  |
|    ent_coef_loss     | 6.49     |
|    learning_rate     | 0.0003   |
|    n_updates         | 62970    |
|    noise_critic_loss | 1.43     |
-----------------------------------
[Step 130800] VLM Score: 2.75, VLM Success: 25.0%, Sim Success: 25.0%
-----------------------------------
| rollout/             |          |
|    ep_len_mean       | 75       |
|    ep_rew_mean       | 3.15     |
| time/                |          |
|    episodes          | 116      |
|    fps               | 2        |
|    time_elapsed      | 3943     |
|    total_timesteps   | 8700     |
| train/               |          |
|    actor_loss        | -8.44    |
|    critic_loss       | 0.536    |
|    ent_coef          | 0.00705  |
|    ent_coef_loss     | -2.29    |
|    learning_rate     | 0.0003   |
|    n_updates         | 65220    |
|    noise_critic_loss | 0.952    |
-----------------------------------
[VLM #1400] Task: Pick up the red cube from the table
    Frames: 62, Raw output: .2 seconds><14.2 seconds><15.2 seconds>Task: Pick up the red cube from the table
assistant
ANSWER: 4
    Parsed discrete score: 4/5 → Reward: -0.25
[Step 132000] VLM Score: 3.25, VLM Success: 50.0%, Sim Success: 0.0%
-----------------------------------
| rollout/             |          |
|    ep_len_mean       | 75       |
|    ep_rew_mean       | 3.11     |
| time/                |          |
|    episodes          | 120      |
|    fps               | 2        |
|    time_elapsed      | 4079     |
|    total_timesteps   | 9000     |
| train/               |          |
|    actor_loss        | -7.46    |
|    critic_loss       | 0.359    |
|    ent_coef          | 0.00635  |
|    ent_coef_loss     | -0.574   |
|    learning_rate     | 0.0003   |
|    n_updates         | 67470    |
|    noise_critic_loss | 0.851    |
-----------------------------------
[Step 133200] VLM Score: 3.25, VLM Success: 25.0%, Sim Success: 25.0%
-----------------------------------
| rollout/             |          |
|    ep_len_mean       | 75       |
|    ep_rew_mean       | 3.13     |
| time/                |          |
|    episodes          | 124      |
|    fps               | 2        |
|    time_elapsed      | 4216     |
|    total_timesteps   | 9300     |
| train/               |          |
|    actor_loss        | -6.96    |
|    critic_loss       | 0.21     |
|    ent_coef          | 0.00627  |
|    ent_coef_loss     | -3.1     |
|    learning_rate     | 0.0003   |
|    n_updates         | 69720    |
|    noise_critic_loss | 0.781    |
-----------------------------------
[Step 134400] VLM Score: 4.25, VLM Success: 75.0%, Sim Success: 50.0%
-----------------------------------
| rollout/             |          |
|    ep_len_mean       | 75       |
|    ep_rew_mean       | 3.2      |
| time/                |          |
|    episodes          | 128      |
|    fps               | 2        |
|    time_elapsed      | 4352     |
|    total_timesteps   | 9600     |
| train/               |          |
|    actor_loss        | -6.6     |
|    critic_loss       | 0.256    |
|    ent_coef          | 0.0057   |
|    ent_coef_loss     | -3.33    |
|    learning_rate     | 0.0003   |
|    n_updates         | 71970    |
|    noise_critic_loss | 0.777    |
-----------------------------------
[Step 135600] VLM Score: 2.25, VLM Success: 0.0%, Sim Success: 25.0%
-----------------------------------
| rollout/             |          |
|    ep_len_mean       | 75       |
|    ep_rew_mean       | 3.16     |
| time/                |          |
|    episodes          | 132      |
|    fps               | 2        |
|    time_elapsed      | 4487     |
|    total_timesteps   | 9900     |
| train/               |          |
|    actor_loss        | -6.17    |
|    critic_loss       | 0.133    |
|    ent_coef          | 0.00501  |
|    ent_coef_loss     | -7.29    |
|    learning_rate     | 0.0003   |
|    n_updates         | 74220    |
|    noise_critic_loss | 0.525    |
-----------------------------------
[Step 136800] VLM Score: 2.00, VLM Success: 0.0%, Sim Success: 0.0%
-----------------------------------
| rollout/             |          |
|    ep_len_mean       | 75       |
|    ep_rew_mean       | 3.07     |
| time/                |          |
|    episodes          | 136      |
|    fps               | 2        |
|    time_elapsed      | 4628     |
|    total_timesteps   | 10200    |
| train/               |          |
|    actor_loss        | -5.78    |
|    critic_loss       | 0.183    |
|    ent_coef          | 0.00433  |
|    ent_coef_loss     | -1.87    |
|    learning_rate     | 0.0003   |
|    n_updates         | 76470    |
|    noise_critic_loss | 0.608    |
-----------------------------------
[Step 138000] VLM Score: 3.00, VLM Success: 25.0%, Sim Success: 0.0%
-----------------------------------
| rollout/             |          |
|    ep_len_mean       | 75       |
|    ep_rew_mean       | 3.06     |
| time/                |          |
|    episodes          | 140      |
|    fps               | 2        |
|    time_elapsed      | 4765     |
|    total_timesteps   | 10500    |
| train/               |          |
|    actor_loss        | -5.53    |
|    critic_loss       | 0.245    |
|    ent_coef          | 0.00387  |
|    ent_coef_loss     | -4.03    |
|    learning_rate     | 0.0003   |
|    n_updates         | 78720    |
|    noise_critic_loss | 0.554    |
-----------------------------------
[Step 139200] VLM Score: 2.25, VLM Success: 0.0%, Sim Success: 0.0%
-----------------------------------
| rollout/             |          |
|    ep_len_mean       | 75       |
|    ep_rew_mean       | 3.05     |
| time/                |          |
|    episodes          | 144      |
|    fps               | 2        |
|    time_elapsed      | 4904     |
|    total_timesteps   | 10800    |
| train/               |          |
|    actor_loss        | -5.34    |
|    critic_loss       | 0.0825   |
|    ent_coef          | 0.0036   |
|    ent_coef_loss     | -5.25    |
|    learning_rate     | 0.0003   |
|    n_updates         | 80970    |
|    noise_critic_loss | 0.424    |
-----------------------------------
[Step 140400] VLM Score: 2.25, VLM Success: 0.0%, Sim Success: 0.0%
-----------------------------------
| rollout/             |          |
|    ep_len_mean       | 75       |
|    ep_rew_mean       | 3.04     |
| time/                |          |
|    episodes          | 148      |
|    fps               | 2        |
|    time_elapsed      | 5042     |
|    total_timesteps   | 11100    |
| train/               |          |
|    actor_loss        | -4.78    |
|    critic_loss       | 0.128    |
|    ent_coef          | 0.00312  |
|    ent_coef_loss     | -5.68    |
|    learning_rate     | 0.0003   |
|    n_updates         | 83220    |
|    noise_critic_loss | 0.391    |
-----------------------------------
[Step 141600] VLM Score: 2.00, VLM Success: 0.0%, Sim Success: 0.0%
-----------------------------------
| rollout/             |          |
|    ep_len_mean       | 75       |
|    ep_rew_mean       | 3.03     |
| time/                |          |
|    episodes          | 152      |
|    fps               | 2        |
|    time_elapsed      | 5180     |
|    total_timesteps   | 11400    |
| train/               |          |
|    actor_loss        | -4.83    |
|    critic_loss       | 0.0891   |
|    ent_coef          | 0.00298  |
|    ent_coef_loss     | -8.76    |
|    learning_rate     | 0.0003   |
|    n_updates         | 85470    |
|    noise_critic_loss | 0.257    |
-----------------------------------
[Step 142800] VLM Score: 2.00, VLM Success: 0.0%, Sim Success: 0.0%
-----------------------------------
| rollout/             |          |
|    ep_len_mean       | 75       |
|    ep_rew_mean       | 2.97     |
| time/                |          |
|    episodes          | 156      |
|    fps               | 2        |
|    time_elapsed      | 5319     |
|    total_timesteps   | 11700    |
| train/               |          |
|    actor_loss        | -4.43    |
|    critic_loss       | 0.0823   |
|    ent_coef          | 0.00268  |
|    ent_coef_loss     | -2.15    |
|    learning_rate     | 0.0003   |
|    n_updates         | 87720    |
|    noise_critic_loss | 0.376    |
-----------------------------------
[Step 144000] VLM Score: 2.00, VLM Success: 0.0%, Sim Success: 0.0%
Eval episode 0 at timestep 144000
Eval episode 1 at timestep 144000
Eval episode 2 at timestep 144000
Eval episode 3 at timestep 144000
Eval episode 4 at timestep 144000
Eval episode 5 at timestep 144000
Eval episode 6 at timestep 144000
Eval episode 7 at timestep 144000
Eval episode 8 at timestep 144000
Eval episode 9 at timestep 144000
Eval episode 10 at timestep 144000
Eval episode 11 at timestep 144000
Eval episode 12 at timestep 144000
Eval episode 13 at timestep 144000
Eval episode 14 at timestep 144000
Eval episode 15 at timestep 144000
Eval episode 16 at timestep 144000
Eval episode 17 at timestep 144000
Eval episode 18 at timestep 144000
Eval episode 19 at timestep 144000
Eval episode 20 at timestep 144000
Eval episode 21 at timestep 144000
Eval episode 22 at timestep 144000
Eval episode 23 at timestep 144000
Eval episode 24 at timestep 144000
Eval episode 25 at timestep 144000
Eval episode 26 at timestep 144000
Eval episode 27 at timestep 144000
Eval episode 28 at timestep 144000
Eval episode 29 at timestep 144000
Eval episode 30 at timestep 144000
Eval episode 31 at timestep 144000
Eval episode 32 at timestep 144000
Eval episode 33 at timestep 144000
Eval episode 34 at timestep 144000
Eval episode 35 at timestep 144000
Eval episode 36 at timestep 144000
Eval episode 37 at timestep 144000
Eval episode 38 at timestep 144000
Eval episode 39 at timestep 144000
Eval episode 40 at timestep 144000
Eval episode 41 at timestep 144000
Eval episode 42 at timestep 144000
Eval episode 43 at timestep 144000
Eval episode 44 at timestep 144000
Eval episode 45 at timestep 144000
Eval episode 46 at timestep 144000
Eval episode 47 at timestep 144000
Eval episode 48 at timestep 144000
Eval episode 49 at timestep 144000
-----------------------------------
| rollout/             |          |
|    ep_len_mean       | 75       |
|    ep_rew_mean       | 2.91     |
| time/                |          |
|    episodes          | 160      |
|    fps               | 1        |
|    time_elapsed      | 7237     |
|    total_timesteps   | 12000    |
| train/               |          |
|    actor_loss        | -4.43    |
|    critic_loss       | 0.0655   |
|    ent_coef          | 0.0025   |
|    ent_coef_loss     | 3.97     |
|    learning_rate     | 0.0003   |
|    n_updates         | 89970    |
|    noise_critic_loss | 0.254    |
-----------------------------------
[Step 145200] VLM Score: 2.00, VLM Success: 0.0%, Sim Success: 0.0%
-----------------------------------
| rollout/             |          |
|    ep_len_mean       | 75       |
|    ep_rew_mean       | 2.88     |
| time/                |          |
|    episodes          | 164      |
|    fps               | 1        |
|    time_elapsed      | 7378     |
|    total_timesteps   | 12300    |
| train/               |          |
|    actor_loss        | -4.16    |
|    critic_loss       | 0.0638   |
|    ent_coef          | 0.00219  |
|    ent_coef_loss     | 3.1      |
|    learning_rate     | 0.0003   |
|    n_updates         | 92220    |
|    noise_critic_loss | 0.22     |
-----------------------------------
[Step 146400] VLM Score: 2.75, VLM Success: 25.0%, Sim Success: 25.0%
-----------------------------------
| rollout/             |          |
|    ep_len_mean       | 75       |
|    ep_rew_mean       | 2.85     |
| time/                |          |
|    episodes          | 168      |
|    fps               | 1        |
|    time_elapsed      | 7518     |
|    total_timesteps   | 12600    |
| train/               |          |
|    actor_loss        | -3.92    |
|    critic_loss       | 0.0536   |
|    ent_coef          | 0.00205  |
|    ent_coef_loss     | -6.1     |
|    learning_rate     | 0.0003   |
|    n_updates         | 94470    |
|    noise_critic_loss | 0.167    |
-----------------------------------
[VLM #1450] Task: Pick up the red cube from the table
    Frames: 62, Raw output: .2 seconds><14.2 seconds><15.2 seconds>Task: Pick up the red cube from the table
assistant
ANSWER: 5
    Parsed discrete score: 5/5 → Reward: 0.00
[Step 147600] VLM Score: 2.75, VLM Success: 25.0%, Sim Success: 25.0%
-----------------------------------
| rollout/             |          |
|    ep_len_mean       | 75       |
|    ep_rew_mean       | 2.84     |
| time/                |          |
|    episodes          | 172      |
|    fps               | 1        |
|    time_elapsed      | 7657     |
|    total_timesteps   | 12900    |
| train/               |          |
|    actor_loss        | -3.76    |
|    critic_loss       | 0.0599   |
|    ent_coef          | 0.00185  |
|    ent_coef_loss     | 1.48     |
|    learning_rate     | 0.0003   |
|    n_updates         | 96720    |
|    noise_critic_loss | 0.144    |
-----------------------------------
[Step 148800] VLM Score: 3.25, VLM Success: 50.0%, Sim Success: 25.0%
-----------------------------------
| rollout/             |          |
|    ep_len_mean       | 75       |
|    ep_rew_mean       | 2.83     |
| time/                |          |
|    episodes          | 176      |
|    fps               | 1        |
|    time_elapsed      | 7795     |
|    total_timesteps   | 13200    |
| train/               |          |
|    actor_loss        | -3.63    |
|    critic_loss       | 0.0445   |
|    ent_coef          | 0.0018   |
|    ent_coef_loss     | -1.41    |
|    learning_rate     | 0.0003   |
|    n_updates         | 98970    |
|    noise_critic_loss | 0.115    |
-----------------------------------
[Step 150000] VLM Score: 3.50, VLM Success: 50.0%, Sim Success: 50.0%
-----------------------------------
| rollout/             |          |
|    ep_len_mean       | 75       |
|    ep_rew_mean       | 2.8      |
| time/                |          |
|    episodes          | 180      |
|    fps               | 1        |
|    time_elapsed      | 7933     |
|    total_timesteps   | 13500    |
| train/               |          |
|    actor_loss        | -3.53    |
|    critic_loss       | 0.0537   |
|    ent_coef          | 0.00168  |
|    ent_coef_loss     | 1.19     |
|    learning_rate     | 0.0003   |
|    n_updates         | 101220   |
|    noise_critic_loss | 0.121    |
-----------------------------------
[Step 151200] VLM Score: 2.75, VLM Success: 25.0%, Sim Success: 100.0%
-----------------------------------
| rollout/             |          |
|    ep_len_mean       | 75       |
|    ep_rew_mean       | 2.8      |
| time/                |          |
|    episodes          | 184      |
|    fps               | 1        |
|    time_elapsed      | 8071     |
|    total_timesteps   | 13800    |
| train/               |          |
|    actor_loss        | -3.39    |
|    critic_loss       | 0.0428   |
|    ent_coef          | 0.00151  |
|    ent_coef_loss     | -0.934   |
|    learning_rate     | 0.0003   |
|    n_updates         | 103470   |
|    noise_critic_loss | 0.142    |
-----------------------------------
[Step 152400] VLM Score: 3.25, VLM Success: 50.0%, Sim Success: 50.0%
-----------------------------------
| rollout/             |          |
|    ep_len_mean       | 75       |
|    ep_rew_mean       | 2.82     |
| time/                |          |
|    episodes          | 188      |
|    fps               | 1        |
|    time_elapsed      | 8208     |
|    total_timesteps   | 14100    |
| train/               |          |
|    actor_loss        | -3.23    |
|    critic_loss       | 0.0339   |
|    ent_coef          | 0.0015   |
|    ent_coef_loss     | 13.9     |
|    learning_rate     | 0.0003   |
|    n_updates         | 105720   |
|    noise_critic_loss | 0.0991   |
-----------------------------------
[Step 153600] VLM Score: 3.00, VLM Success: 50.0%, Sim Success: 0.0%
-----------------------------------
| rollout/             |          |
|    ep_len_mean       | 75       |
|    ep_rew_mean       | 2.83     |
| time/                |          |
|    episodes          | 192      |
|    fps               | 1        |
|    time_elapsed      | 8347     |
|    total_timesteps   | 14400    |
| train/               |          |
|    actor_loss        | -3.11    |
|    critic_loss       | 0.0378   |
|    ent_coef          | 0.00144  |
|    ent_coef_loss     | 1.82     |
|    learning_rate     | 0.0003   |
|    n_updates         | 107970   |
|    noise_critic_loss | 0.12     |
-----------------------------------
[Step 154800] VLM Score: 2.00, VLM Success: 0.0%, Sim Success: 50.0%
-----------------------------------
| rollout/             |          |
|    ep_len_mean       | 75       |
|    ep_rew_mean       | 2.77     |
| time/                |          |
|    episodes          | 196      |
|    fps               | 1        |
|    time_elapsed      | 8486     |
|    total_timesteps   | 14700    |
| train/               |          |
|    actor_loss        | -3.1     |
|    critic_loss       | 0.0335   |
|    ent_coef          | 0.00146  |
|    ent_coef_loss     | 0.788    |
|    learning_rate     | 0.0003   |
|    n_updates         | 110220   |
|    noise_critic_loss | 0.105    |
-----------------------------------
[Step 156000] VLM Score: 3.25, VLM Success: 50.0%, Sim Success: 50.0%
-----------------------------------
| rollout/             |          |
|    ep_len_mean       | 75       |
|    ep_rew_mean       | 2.78     |
| time/                |          |
|    episodes          | 200      |
|    fps               | 1        |
|    time_elapsed      | 8623     |
|    total_timesteps   | 15000    |
| train/               |          |
|    actor_loss        | -2.97    |
|    critic_loss       | 0.0485   |
|    ent_coef          | 0.00157  |
|    ent_coef_loss     | 4.02     |
|    learning_rate     | 0.0003   |
|    n_updates         | 112470   |
|    noise_critic_loss | 0.129    |
-----------------------------------
[Step 157200] VLM Score: 2.00, VLM Success: 0.0%, Sim Success: 0.0%
-----------------------------------
| rollout/             |          |
|    ep_len_mean       | 75       |
|    ep_rew_mean       | 2.73     |
| time/                |          |
|    episodes          | 204      |
|    fps               | 1        |
|    time_elapsed      | 8762     |
|    total_timesteps   | 15300    |
| train/               |          |
|    actor_loss        | -2.86    |
|    critic_loss       | 0.031    |
|    ent_coef          | 0.00148  |
|    ent_coef_loss     | 0.367    |
|    learning_rate     | 0.0003   |
|    n_updates         | 114720   |
|    noise_critic_loss | 0.096    |
-----------------------------------
[Step 158400] VLM Score: 2.50, VLM Success: 25.0%, Sim Success: 100.0%
-----------------------------------
| rollout/             |          |
|    ep_len_mean       | 75       |
|    ep_rew_mean       | 2.71     |
| time/                |          |
|    episodes          | 208      |
|    fps               | 1        |
|    time_elapsed      | 8900     |
|    total_timesteps   | 15600    |
| train/               |          |
|    actor_loss        | -2.76    |
|    critic_loss       | 0.0369   |
|    ent_coef          | 0.00142  |
|    ent_coef_loss     | 6.28     |
|    learning_rate     | 0.0003   |
|    n_updates         | 116970   |
|    noise_critic_loss | 0.0945   |
-----------------------------------
[Step 159600] VLM Score: 3.50, VLM Success: 50.0%, Sim Success: 25.0%
-----------------------------------
| rollout/             |          |
|    ep_len_mean       | 75       |
|    ep_rew_mean       | 2.71     |
| time/                |          |
|    episodes          | 212      |
|    fps               | 1        |
|    time_elapsed      | 9038     |
|    total_timesteps   | 15900    |
| train/               |          |
|    actor_loss        | -2.78    |
|    critic_loss       | 0.0705   |
|    ent_coef          | 0.00142  |
|    ent_coef_loss     | -3.91    |
|    learning_rate     | 0.0003   |
|    n_updates         | 119220   |
|    noise_critic_loss | 0.156    |
-----------------------------------
[Step 160800] VLM Score: 3.25, VLM Success: 50.0%, Sim Success: 50.0%
-----------------------------------
| rollout/             |          |
|    ep_len_mean       | 75       |
|    ep_rew_mean       | 2.73     |
| time/                |          |
|    episodes          | 216      |
|    fps               | 1        |
|    time_elapsed      | 9177     |
|    total_timesteps   | 16200    |
| train/               |          |
|    actor_loss        | -2.59    |
|    critic_loss       | 0.0378   |
|    ent_coef          | 0.00158  |
|    ent_coef_loss     | -6.89    |
|    learning_rate     | 0.0003   |
|    n_updates         | 121470   |
|    noise_critic_loss | 0.147    |
-----------------------------------
[VLM #1500] Task: Pick up the red cube from the table
    Frames: 62, Raw output: .2 seconds><14.2 seconds><15.2 seconds>Task: Pick up the red cube from the table
assistant
ANSWER: 1
    Parsed discrete score: 1/5 → Reward: -1.00
[Step 162000] VLM Score: 2.50, VLM Success: 25.0%, Sim Success: 75.0%
-----------------------------------
| rollout/             |          |
|    ep_len_mean       | 75       |
|    ep_rew_mean       | 2.7      |
| time/                |          |
|    episodes          | 220      |
|    fps               | 1        |
|    time_elapsed      | 9315     |
|    total_timesteps   | 16500    |
| train/               |          |
|    actor_loss        | -2.62    |
|    critic_loss       | 0.0256   |
|    ent_coef          | 0.00148  |
|    ent_coef_loss     | -6.85    |
|    learning_rate     | 0.0003   |
|    n_updates         | 123720   |
|    noise_critic_loss | 0.0909   |
-----------------------------------
[Step 163200] VLM Score: 2.75, VLM Success: 25.0%, Sim Success: 50.0%
-----------------------------------
| rollout/             |          |
|    ep_len_mean       | 75       |
|    ep_rew_mean       | 2.68     |
| time/                |          |
|    episodes          | 224      |
|    fps               | 1        |
|    time_elapsed      | 9454     |
|    total_timesteps   | 16800    |
| train/               |          |
|    actor_loss        | -2.57    |
|    critic_loss       | 0.0282   |
|    ent_coef          | 0.00142  |
|    ent_coef_loss     | 7.52     |
|    learning_rate     | 0.0003   |
|    n_updates         | 125970   |
|    noise_critic_loss | 0.0935   |
-----------------------------------
[Step 164400] VLM Score: 3.50, VLM Success: 50.0%, Sim Success: 75.0%
-----------------------------------
| rollout/             |          |
|    ep_len_mean       | 75       |
|    ep_rew_mean       | 2.65     |
| time/                |          |
|    episodes          | 228      |
|    fps               | 1        |
|    time_elapsed      | 9592     |
|    total_timesteps   | 17100    |
| train/               |          |
|    actor_loss        | -2.63    |
|    critic_loss       | 0.0257   |
|    ent_coef          | 0.0013   |
|    ent_coef_loss     | 3.32     |
|    learning_rate     | 0.0003   |
|    n_updates         | 128220   |
|    noise_critic_loss | 0.0995   |
-----------------------------------
[Step 165600] VLM Score: 2.00, VLM Success: 0.0%, Sim Success: 75.0%
-----------------------------------
| rollout/             |          |
|    ep_len_mean       | 75       |
|    ep_rew_mean       | 2.64     |
| time/                |          |
|    episodes          | 232      |
|    fps               | 1        |
|    time_elapsed      | 9731     |
|    total_timesteps   | 17400    |
| train/               |          |
|    actor_loss        | -2.6     |
|    critic_loss       | 0.0247   |
|    ent_coef          | 0.00143  |
|    ent_coef_loss     | 0.661    |
|    learning_rate     | 0.0003   |
|    n_updates         | 130470   |
|    noise_critic_loss | 0.0864   |
-----------------------------------
[Step 166800] VLM Score: 4.00, VLM Success: 75.0%, Sim Success: 25.0%
-----------------------------------
| rollout/             |          |
|    ep_len_mean       | 75       |
|    ep_rew_mean       | 2.72     |
| time/                |          |
|    episodes          | 236      |
|    fps               | 1        |
|    time_elapsed      | 9868     |
|    total_timesteps   | 17700    |
| train/               |          |
|    actor_loss        | -2.63    |
|    critic_loss       | 0.0262   |
|    ent_coef          | 0.00134  |
|    ent_coef_loss     | 1.53     |
|    learning_rate     | 0.0003   |
|    n_updates         | 132720   |
|    noise_critic_loss | 0.0791   |
-----------------------------------
[Step 168000] VLM Score: 2.75, VLM Success: 25.0%, Sim Success: 0.0%
-----------------------------------
| rollout/             |          |
|    ep_len_mean       | 75       |
|    ep_rew_mean       | 2.71     |
| time/                |          |
|    episodes          | 240      |
|    fps               | 1        |
|    time_elapsed      | 10006    |
|    total_timesteps   | 18000    |
| train/               |          |
|    actor_loss        | -2.7     |
|    critic_loss       | 0.0276   |
|    ent_coef          | 0.00138  |
|    ent_coef_loss     | -3.19    |
|    learning_rate     | 0.0003   |
|    n_updates         | 134970   |
|    noise_critic_loss | 0.0864   |
-----------------------------------
[Step 169200] VLM Score: 2.75, VLM Success: 25.0%, Sim Success: 0.0%
-----------------------------------
| rollout/             |          |
|    ep_len_mean       | 75       |
|    ep_rew_mean       | 2.73     |
| time/                |          |
|    episodes          | 244      |
|    fps               | 1        |
|    time_elapsed      | 10142    |
|    total_timesteps   | 18300    |
| train/               |          |
|    actor_loss        | -2.71    |
|    critic_loss       | 0.0233   |
|    ent_coef          | 0.00132  |
|    ent_coef_loss     | 0.935    |
|    learning_rate     | 0.0003   |
|    n_updates         | 137220   |
|    noise_critic_loss | 0.0855   |
-----------------------------------
[Step 170400] VLM Score: 3.50, VLM Success: 50.0%, Sim Success: 25.0%
-----------------------------------
| rollout/             |          |
|    ep_len_mean       | 75       |
|    ep_rew_mean       | 2.78     |
| time/                |          |
|    episodes          | 248      |
|    fps               | 1        |
|    time_elapsed      | 10279    |
|    total_timesteps   | 18600    |
| train/               |          |
|    actor_loss        | -2.74    |
|    critic_loss       | 0.0232   |
|    ent_coef          | 0.00138  |
|    ent_coef_loss     | 1.92     |
|    learning_rate     | 0.0003   |
|    n_updates         | 139470   |
|    noise_critic_loss | 0.0814   |
-----------------------------------
[Step 171600] VLM Score: 2.00, VLM Success: 0.0%, Sim Success: 50.0%
-----------------------------------
| rollout/             |          |
|    ep_len_mean       | 75       |
|    ep_rew_mean       | 2.78     |
| time/                |          |
|    episodes          | 252      |
|    fps               | 1        |
|    time_elapsed      | 10418    |
|    total_timesteps   | 18900    |
| train/               |          |
|    actor_loss        | -2.7     |
|    critic_loss       | 0.0232   |
|    ent_coef          | 0.00134  |
|    ent_coef_loss     | 4.78     |
|    learning_rate     | 0.0003   |
|    n_updates         | 141720   |
|    noise_critic_loss | 0.0755   |
-----------------------------------
[Step 172800] VLM Score: 3.00, VLM Success: 25.0%, Sim Success: 25.0%
-----------------------------------
| rollout/             |          |
|    ep_len_mean       | 75       |
|    ep_rew_mean       | 2.82     |
| time/                |          |
|    episodes          | 256      |
|    fps               | 1        |
|    time_elapsed      | 10555    |
|    total_timesteps   | 19200    |
| train/               |          |
|    actor_loss        | -2.79    |
|    critic_loss       | 0.0217   |
|    ent_coef          | 0.00138  |
|    ent_coef_loss     | 4.2      |
|    learning_rate     | 0.0003   |
|    n_updates         | 143970   |
|    noise_critic_loss | 0.0773   |
-----------------------------------
[Step 174000] VLM Score: 2.75, VLM Success: 25.0%, Sim Success: 25.0%
-----------------------------------
| rollout/             |          |
|    ep_len_mean       | 75       |
|    ep_rew_mean       | 2.85     |
| time/                |          |
|    episodes          | 260      |
|    fps               | 1        |
|    time_elapsed      | 10694    |
|    total_timesteps   | 19500    |
| train/               |          |
|    actor_loss        | -2.76    |
|    critic_loss       | 0.0235   |
|    ent_coef          | 0.00137  |
|    ent_coef_loss     | 1.08     |
|    learning_rate     | 0.0003   |
|    n_updates         | 146220   |
|    noise_critic_loss | 0.0764   |
-----------------------------------
[Step 175200] VLM Score: 2.75, VLM Success: 25.0%, Sim Success: 50.0%
-----------------------------------
| rollout/             |          |
|    ep_len_mean       | 75       |
|    ep_rew_mean       | 2.88     |
| time/                |          |
|    episodes          | 264      |
|    fps               | 1        |
|    time_elapsed      | 10833    |
|    total_timesteps   | 19800    |
| train/               |          |
|    actor_loss        | -2.83    |
|    critic_loss       | 0.0227   |
|    ent_coef          | 0.00136  |
|    ent_coef_loss     | -3.41    |
|    learning_rate     | 0.0003   |
|    n_updates         | 148470   |
|    noise_critic_loss | 0.0701   |
-----------------------------------
[Step 176400] VLM Score: 3.50, VLM Success: 50.0%, Sim Success: 50.0%
-----------------------------------
| rollout/             |          |
|    ep_len_mean       | 75       |
|    ep_rew_mean       | 2.91     |
| time/                |          |
|    episodes          | 268      |
|    fps               | 1        |
|    time_elapsed      | 10970    |
|    total_timesteps   | 20100    |
| train/               |          |
|    actor_loss        | -2.8     |
|    critic_loss       | 0.0204   |
|    ent_coef          | 0.00133  |
|    ent_coef_loss     | 0.864    |
|    learning_rate     | 0.0003   |
|    n_updates         | 150720   |
|    noise_critic_loss | 0.0681   |
-----------------------------------
[VLM #1550] Task: Pick up the red cube from the table
    Frames: 62, Raw output: .2 seconds><14.2 seconds><15.2 seconds>Task: Pick up the red cube from the table
assistant
ANSWER: 5
    Parsed discrete score: 5/5 → Reward: 0.00
[Step 177600] VLM Score: 3.25, VLM Success: 50.0%, Sim Success: 25.0%
-----------------------------------
| rollout/             |          |
|    ep_len_mean       | 75       |
|    ep_rew_mean       | 2.93     |
| time/                |          |
|    episodes          | 272      |
|    fps               | 1        |
|    time_elapsed      | 11106    |
|    total_timesteps   | 20400    |
| train/               |          |
|    actor_loss        | -2.77    |
|    critic_loss       | 0.022    |
|    ent_coef          | 0.00131  |
|    ent_coef_loss     | -1.16    |
|    learning_rate     | 0.0003   |
|    n_updates         | 152970   |
|    noise_critic_loss | 0.0596   |
-----------------------------------
[Step 178800] VLM Score: 3.00, VLM Success: 25.0%, Sim Success: 25.0%
-----------------------------------
| rollout/             |          |
|    ep_len_mean       | 75       |
|    ep_rew_mean       | 2.92     |
| time/                |          |
|    episodes          | 276      |
|    fps               | 1        |
|    time_elapsed      | 11243    |
|    total_timesteps   | 20700    |
| train/               |          |
|    actor_loss        | -2.85    |
|    critic_loss       | 0.0199   |
|    ent_coef          | 0.00133  |
|    ent_coef_loss     | -3.45    |
|    learning_rate     | 0.0003   |
|    n_updates         | 155220   |
|    noise_critic_loss | 0.0703   |
-----------------------------------
[Step 180000] VLM Score: 2.75, VLM Success: 25.0%, Sim Success: 100.0%
-----------------------------------
| rollout/             |          |
|    ep_len_mean       | 75       |
|    ep_rew_mean       | 2.89     |
| time/                |          |
|    episodes          | 280      |
|    fps               | 1        |
|    time_elapsed      | 11383    |
|    total_timesteps   | 21000    |
| train/               |          |
|    actor_loss        | -2.81    |
|    critic_loss       | 0.0169   |
|    ent_coef          | 0.00133  |
|    ent_coef_loss     | -1.72    |
|    learning_rate     | 0.0003   |
|    n_updates         | 157470   |
|    noise_critic_loss | 0.0562   |
-----------------------------------
[Step 181200] VLM Score: 3.50, VLM Success: 50.0%, Sim Success: 75.0%
-----------------------------------
| rollout/             |          |
|    ep_len_mean       | 75       |
|    ep_rew_mean       | 2.92     |
| time/                |          |
|    episodes          | 284      |
|    fps               | 1        |
|    time_elapsed      | 11520    |
|    total_timesteps   | 21300    |
| train/               |          |
|    actor_loss        | -2.83    |
|    critic_loss       | 0.0175   |
|    ent_coef          | 0.00131  |
|    ent_coef_loss     | 0.746    |
|    learning_rate     | 0.0003   |
|    n_updates         | 159720   |
|    noise_critic_loss | 0.0655   |
-----------------------------------
[Step 182400] VLM Score: 2.50, VLM Success: 25.0%, Sim Success: 75.0%
-----------------------------------
| rollout/             |          |
|    ep_len_mean       | 75       |
|    ep_rew_mean       | 2.89     |
| time/                |          |
|    episodes          | 288      |
|    fps               | 1        |
|    time_elapsed      | 11658    |
|    total_timesteps   | 21600    |
| train/               |          |
|    actor_loss        | -2.88    |
|    critic_loss       | 0.0184   |
|    ent_coef          | 0.0013   |
|    ent_coef_loss     | -0.233   |
|    learning_rate     | 0.0003   |
|    n_updates         | 161970   |
|    noise_critic_loss | 0.0599   |
-----------------------------------
[Step 183600] VLM Score: 4.25, VLM Success: 75.0%, Sim Success: 25.0%
-----------------------------------
| rollout/             |          |
|    ep_len_mean       | 75       |
|    ep_rew_mean       | 2.94     |
| time/                |          |
|    episodes          | 292      |
|    fps               | 1        |
|    time_elapsed      | 11795    |
|    total_timesteps   | 21900    |
| train/               |          |
|    actor_loss        | -2.92    |
|    critic_loss       | 0.0158   |
|    ent_coef          | 0.00128  |
|    ent_coef_loss     | -0.993   |
|    learning_rate     | 0.0003   |
|    n_updates         | 164220   |
|    noise_critic_loss | 0.0607   |
-----------------------------------
[Step 184800] VLM Score: 3.25, VLM Success: 50.0%, Sim Success: 100.0%
-----------------------------------
| rollout/             |          |
|    ep_len_mean       | 75       |
|    ep_rew_mean       | 2.99     |
| time/                |          |
|    episodes          | 296      |
|    fps               | 1        |
|    time_elapsed      | 11932    |
|    total_timesteps   | 22200    |
| train/               |          |
|    actor_loss        | -2.93    |
|    critic_loss       | 0.015    |
|    ent_coef          | 0.00124  |
|    ent_coef_loss     | 1.82     |
|    learning_rate     | 0.0003   |
|    n_updates         | 166470   |
|    noise_critic_loss | 0.0533   |
-----------------------------------
[Step 186000] VLM Score: 4.00, VLM Success: 75.0%, Sim Success: 75.0%
-----------------------------------
| rollout/             |          |
|    ep_len_mean       | 75       |
|    ep_rew_mean       | 3.02     |
| time/                |          |
|    episodes          | 300      |
|    fps               | 1        |
|    time_elapsed      | 12069    |
|    total_timesteps   | 22500    |
| train/               |          |
|    actor_loss        | -2.94    |
|    critic_loss       | 0.0156   |
|    ent_coef          | 0.00121  |
|    ent_coef_loss     | -0.829   |
|    learning_rate     | 0.0003   |
|    n_updates         | 168720   |
|    noise_critic_loss | 0.0491   |
-----------------------------------
[Step 187200] VLM Score: 2.00, VLM Success: 0.0%, Sim Success: 50.0%
-----------------------------------
| rollout/             |          |
|    ep_len_mean       | 75       |
|    ep_rew_mean       | 3.02     |
| time/                |          |
|    episodes          | 304      |
|    fps               | 1        |
|    time_elapsed      | 12207    |
|    total_timesteps   | 22800    |
| train/               |          |
|    actor_loss        | -2.96    |
|    critic_loss       | 0.0149   |
|    ent_coef          | 0.00118  |
|    ent_coef_loss     | 2.1      |
|    learning_rate     | 0.0003   |
|    n_updates         | 170970   |
|    noise_critic_loss | 0.0486   |
-----------------------------------
[Step 188400] VLM Score: 3.75, VLM Success: 50.0%, Sim Success: 50.0%
-----------------------------------
| rollout/             |          |
|    ep_len_mean       | 75       |
|    ep_rew_mean       | 3.07     |
| time/                |          |
|    episodes          | 308      |
|    fps               | 1        |
|    time_elapsed      | 12344    |
|    total_timesteps   | 23100    |
| train/               |          |
|    actor_loss        | -3       |
|    critic_loss       | 0.015    |
|    ent_coef          | 0.00113  |
|    ent_coef_loss     | 2.69     |
|    learning_rate     | 0.0003   |
|    n_updates         | 173220   |
|    noise_critic_loss | 0.0523   |
-----------------------------------
[Step 189600] VLM Score: 2.75, VLM Success: 25.0%, Sim Success: 75.0%
-----------------------------------
| rollout/             |          |
|    ep_len_mean       | 75       |
|    ep_rew_mean       | 3.04     |
| time/                |          |
|    episodes          | 312      |
|    fps               | 1        |
|    time_elapsed      | 12482    |
|    total_timesteps   | 23400    |
| train/               |          |
|    actor_loss        | -2.93    |
|    critic_loss       | 0.0138   |
|    ent_coef          | 0.00116  |
|    ent_coef_loss     | -1.58    |
|    learning_rate     | 0.0003   |
|    n_updates         | 175470   |
|    noise_critic_loss | 0.0453   |
-----------------------------------
[Step 190800] VLM Score: 3.50, VLM Success: 50.0%, Sim Success: 25.0%
-----------------------------------
| rollout/             |          |
|    ep_len_mean       | 75       |
|    ep_rew_mean       | 3.05     |
| time/                |          |
|    episodes          | 316      |
|    fps               | 1        |
|    time_elapsed      | 12620    |
|    total_timesteps   | 23700    |
| train/               |          |
|    actor_loss        | -2.86    |
|    critic_loss       | 0.0141   |
|    ent_coef          | 0.00111  |
|    ent_coef_loss     | 0.375    |
|    learning_rate     | 0.0003   |
|    n_updates         | 177720   |
|    noise_critic_loss | 0.0525   |
-----------------------------------
[VLM #1600] Task: Pick up the red cube from the table
    Frames: 62, Raw output: .2 seconds><14.2 seconds><15.2 seconds>Task: Pick up the red cube from the table
assistant
ANSWER: 5
    Parsed discrete score: 5/5 → Reward: 0.00
[Step 192000] VLM Score: 3.25, VLM Success: 50.0%, Sim Success: 100.0%
Eval episode 0 at timestep 192000
Eval episode 1 at timestep 192000
Eval episode 2 at timestep 192000
Eval episode 3 at timestep 192000
Eval episode 4 at timestep 192000
Eval episode 5 at timestep 192000
Eval episode 6 at timestep 192000
Eval episode 7 at timestep 192000
Eval episode 8 at timestep 192000
Eval episode 9 at timestep 192000
Eval episode 10 at timestep 192000
Eval episode 11 at timestep 192000
Eval episode 12 at timestep 192000
Eval episode 13 at timestep 192000
Eval episode 14 at timestep 192000
Eval episode 15 at timestep 192000
Eval episode 16 at timestep 192000
Eval episode 17 at timestep 192000
Eval episode 18 at timestep 192000
Eval episode 19 at timestep 192000
Eval episode 20 at timestep 192000
Eval episode 21 at timestep 192000
Eval episode 22 at timestep 192000
Eval episode 23 at timestep 192000
Eval episode 24 at timestep 192000
Eval episode 25 at timestep 192000
Eval episode 26 at timestep 192000
Eval episode 27 at timestep 192000
Eval episode 28 at timestep 192000
Eval episode 29 at timestep 192000
Eval episode 30 at timestep 192000
Eval episode 31 at timestep 192000
Eval episode 32 at timestep 192000
Eval episode 33 at timestep 192000
Eval episode 34 at timestep 192000
Eval episode 35 at timestep 192000
Eval episode 36 at timestep 192000
Eval episode 37 at timestep 192000
Eval episode 38 at timestep 192000
Eval episode 39 at timestep 192000
Eval episode 40 at timestep 192000
Eval episode 41 at timestep 192000
Eval episode 42 at timestep 192000
Eval episode 43 at timestep 192000
Eval episode 44 at timestep 192000
Eval episode 45 at timestep 192000
Eval episode 46 at timestep 192000
Eval episode 47 at timestep 192000
Eval episode 48 at timestep 192000
Eval episode 49 at timestep 192000
-----------------------------------
| rollout/             |          |
|    ep_len_mean       | 75       |
|    ep_rew_mean       | 3.08     |
| time/                |          |
|    episodes          | 320      |
|    fps               | 1        |
|    time_elapsed      | 14551    |
|    total_timesteps   | 24000    |
| train/               |          |
|    actor_loss        | -2.93    |
|    critic_loss       | 0.0125   |
|    ent_coef          | 0.00112  |
|    ent_coef_loss     | -4.98    |
|    learning_rate     | 0.0003   |
|    n_updates         | 179970   |
|    noise_critic_loss | 0.0485   |
-----------------------------------
[Step 193200] VLM Score: 3.25, VLM Success: 50.0%, Sim Success: 75.0%
-----------------------------------
| rollout/             |          |
|    ep_len_mean       | 75       |
|    ep_rew_mean       | 3.1      |
| time/                |          |
|    episodes          | 324      |
|    fps               | 1        |
|    time_elapsed      | 14689    |
|    total_timesteps   | 24300    |
| train/               |          |
|    actor_loss        | -2.99    |
|    critic_loss       | 0.0127   |
|    ent_coef          | 0.00115  |
|    ent_coef_loss     | 3.42     |
|    learning_rate     | 0.0003   |
|    n_updates         | 182220   |
|    noise_critic_loss | 0.048    |
-----------------------------------
[Step 194400] VLM Score: 2.75, VLM Success: 25.0%, Sim Success: 25.0%
-----------------------------------
| rollout/             |          |
|    ep_len_mean       | 75       |
|    ep_rew_mean       | 3.07     |
| time/                |          |
|    episodes          | 328      |
|    fps               | 1        |
|    time_elapsed      | 14827    |
|    total_timesteps   | 24600    |
| train/               |          |
|    actor_loss        | -2.93    |
|    critic_loss       | 0.0127   |
|    ent_coef          | 0.00114  |
|    ent_coef_loss     | 1.56     |
|    learning_rate     | 0.0003   |
|    n_updates         | 184470   |
|    noise_critic_loss | 0.0455   |
-----------------------------------
[Step 195600] VLM Score: 3.00, VLM Success: 25.0%, Sim Success: 75.0%
-----------------------------------
| rollout/             |          |
|    ep_len_mean       | 75       |
|    ep_rew_mean       | 3.11     |
| time/                |          |
|    episodes          | 332      |
|    fps               | 1        |
|    time_elapsed      | 14963    |
|    total_timesteps   | 24900    |
| train/               |          |
|    actor_loss        | -2.9     |
|    critic_loss       | 0.013    |
|    ent_coef          | 0.00111  |
|    ent_coef_loss     | -2.16    |
|    learning_rate     | 0.0003   |
|    n_updates         | 186720   |
|    noise_critic_loss | 0.0472   |
-----------------------------------
[Step 196800] VLM Score: 3.25, VLM Success: 50.0%, Sim Success: 75.0%
-----------------------------------
| rollout/             |          |
|    ep_len_mean       | 75       |
|    ep_rew_mean       | 3.08     |
| time/                |          |
|    episodes          | 336      |
|    fps               | 1        |
|    time_elapsed      | 15100    |
|    total_timesteps   | 25200    |
| train/               |          |
|    actor_loss        | -2.96    |
|    critic_loss       | 0.0128   |
|    ent_coef          | 0.00113  |
|    ent_coef_loss     | 3.07     |
|    learning_rate     | 0.0003   |
|    n_updates         | 188970   |
|    noise_critic_loss | 0.0435   |
-----------------------------------
[Step 198000] VLM Score: 2.75, VLM Success: 25.0%, Sim Success: 50.0%
-----------------------------------
| rollout/             |          |
|    ep_len_mean       | 75       |
|    ep_rew_mean       | 3.08     |
| time/                |          |
|    episodes          | 340      |
|    fps               | 1        |
|    time_elapsed      | 15239    |
|    total_timesteps   | 25500    |
| train/               |          |
|    actor_loss        | -3.01    |
|    critic_loss       | 0.0134   |
|    ent_coef          | 0.00109  |
|    ent_coef_loss     | 0.103    |
|    learning_rate     | 0.0003   |
|    n_updates         | 191220   |
|    noise_critic_loss | 0.0448   |
-----------------------------------
[Step 199200] VLM Score: 4.25, VLM Success: 75.0%, Sim Success: 100.0%
-----------------------------------
| rollout/             |          |
|    ep_len_mean       | 75       |
|    ep_rew_mean       | 3.14     |
| time/                |          |
|    episodes          | 344      |
|    fps               | 1        |
|    time_elapsed      | 15375    |
|    total_timesteps   | 25800    |
| train/               |          |
|    actor_loss        | -2.93    |
|    critic_loss       | 0.0144   |
|    ent_coef          | 0.00104  |
|    ent_coef_loss     | -2.3     |
|    learning_rate     | 0.0003   |
|    n_updates         | 193470   |
|    noise_critic_loss | 0.046    |
-----------------------------------
[Step 200400] VLM Score: 3.50, VLM Success: 50.0%, Sim Success: 75.0%
-----------------------------------
| rollout/             |          |
|    ep_len_mean       | 75       |
|    ep_rew_mean       | 3.14     |
| time/                |          |
|    episodes          | 348      |
|    fps               | 1        |
|    time_elapsed      | 15512    |
|    total_timesteps   | 26100    |
| train/               |          |
|    actor_loss        | -2.95    |
|    critic_loss       | 0.0123   |
|    ent_coef          | 0.00106  |
|    ent_coef_loss     | -2.17    |
|    learning_rate     | 0.0003   |
|    n_updates         | 195720   |
|    noise_critic_loss | 0.0428   |
-----------------------------------
[Step 201600] VLM Score: 3.75, VLM Success: 50.0%, Sim Success: 75.0%
-----------------------------------
| rollout/             |          |
|    ep_len_mean       | 75       |
|    ep_rew_mean       | 3.21     |
| time/                |          |
|    episodes          | 352      |
|    fps               | 1        |
|    time_elapsed      | 15648    |
|    total_timesteps   | 26400    |
| train/               |          |
|    actor_loss        | -2.86    |
|    critic_loss       | 0.0124   |
|    ent_coef          | 0.00111  |
|    ent_coef_loss     | -4.27    |
|    learning_rate     | 0.0003   |
|    n_updates         | 197970   |
|    noise_critic_loss | 0.0488   |
-----------------------------------
[Step 202800] VLM Score: 2.75, VLM Success: 25.0%, Sim Success: 100.0%
-----------------------------------
| rollout/             |          |
|    ep_len_mean       | 75       |
|    ep_rew_mean       | 3.2      |
| time/                |          |
|    episodes          | 356      |
|    fps               | 1        |
|    time_elapsed      | 15786    |
|    total_timesteps   | 26700    |
| train/               |          |
|    actor_loss        | -2.99    |
|    critic_loss       | 0.0129   |
|    ent_coef          | 0.00106  |
|    ent_coef_loss     | 0.0266   |
|    learning_rate     | 0.0003   |
|    n_updates         | 200220   |
|    noise_critic_loss | 0.0457   |
-----------------------------------
[Step 204000] VLM Score: 3.50, VLM Success: 50.0%, Sim Success: 75.0%
-----------------------------------
| rollout/             |          |
|    ep_len_mean       | 75       |
|    ep_rew_mean       | 3.23     |
| time/                |          |
|    episodes          | 360      |
|    fps               | 1        |
|    time_elapsed      | 15923    |
|    total_timesteps   | 27000    |
| train/               |          |
|    actor_loss        | -2.9     |
|    critic_loss       | 0.0124   |
|    ent_coef          | 0.00107  |
|    ent_coef_loss     | -1.48    |
|    learning_rate     | 0.0003   |
|    n_updates         | 202470   |
|    noise_critic_loss | 0.0442   |
-----------------------------------
[Step 205200] VLM Score: 3.75, VLM Success: 50.0%, Sim Success: 25.0%
-----------------------------------
| rollout/             |          |
|    ep_len_mean       | 75       |
|    ep_rew_mean       | 3.27     |
| time/                |          |
|    episodes          | 364      |
|    fps               | 1        |
|    time_elapsed      | 16060    |
|    total_timesteps   | 27300    |
| train/               |          |
|    actor_loss        | -2.92    |
|    critic_loss       | 0.012    |
|    ent_coef          | 0.00109  |
|    ent_coef_loss     | -5.8     |
|    learning_rate     | 0.0003   |
|    n_updates         | 204720   |
|    noise_critic_loss | 0.0417   |
-----------------------------------
[Step 206400] VLM Score: 2.75, VLM Success: 25.0%, Sim Success: 50.0%
-----------------------------------
| rollout/             |          |
|    ep_len_mean       | 75       |
|    ep_rew_mean       | 3.24     |
| time/                |          |
|    episodes          | 368      |
|    fps               | 1        |
|    time_elapsed      | 16196    |
|    total_timesteps   | 27600    |
| train/               |          |
|    actor_loss        | -2.91    |
|    critic_loss       | 0.0123   |
|    ent_coef          | 0.00106  |
|    ent_coef_loss     | -0.598   |
|    learning_rate     | 0.0003   |
|    n_updates         | 206970   |
|    noise_critic_loss | 0.0428   |
-----------------------------------
[VLM #1650] Task: Pick up the red cube from the table
    Frames: 62, Raw output: .2 seconds><14.2 seconds><15.2 seconds>Task: Pick up the red cube from the table
assistant
ANSWER: 5
    Parsed discrete score: 5/5 → Reward: 0.00
[Step 207600] VLM Score: 2.75, VLM Success: 25.0%, Sim Success: 100.0%
-----------------------------------
| rollout/             |          |
|    ep_len_mean       | 75       |
|    ep_rew_mean       | 3.22     |
| time/                |          |
|    episodes          | 372      |
|    fps               | 1        |
|    time_elapsed      | 16333    |
|    total_timesteps   | 27900    |
| train/               |          |
|    actor_loss        | -2.93    |
|    critic_loss       | 0.0117   |
|    ent_coef          | 0.00102  |
|    ent_coef_loss     | 0.984    |
|    learning_rate     | 0.0003   |
|    n_updates         | 209220   |
|    noise_critic_loss | 0.0444   |
-----------------------------------
[Step 208800] VLM Score: 3.75, VLM Success: 50.0%, Sim Success: 75.0%
-----------------------------------
| rollout/             |          |
|    ep_len_mean       | 75       |
|    ep_rew_mean       | 3.25     |
| time/                |          |
|    episodes          | 376      |
|    fps               | 1        |
|    time_elapsed      | 16470    |
|    total_timesteps   | 28200    |
| train/               |          |
|    actor_loss        | -2.99    |
|    critic_loss       | 0.0133   |
|    ent_coef          | 0.00107  |
|    ent_coef_loss     | -1.21    |
|    learning_rate     | 0.0003   |
|    n_updates         | 211470   |
|    noise_critic_loss | 0.0443   |
-----------------------------------
[Step 210000] VLM Score: 4.00, VLM Success: 75.0%, Sim Success: 50.0%
-----------------------------------
| rollout/             |          |
|    ep_len_mean       | 75       |
|    ep_rew_mean       | 3.3      |
| time/                |          |
|    episodes          | 380      |
|    fps               | 1        |
|    time_elapsed      | 16607    |
|    total_timesteps   | 28500    |
| train/               |          |
|    actor_loss        | -2.96    |
|    critic_loss       | 0.0124   |
|    ent_coef          | 0.00106  |
|    ent_coef_loss     | 0.00971  |
|    learning_rate     | 0.0003   |
|    n_updates         | 213720   |
|    noise_critic_loss | 0.0395   |
-----------------------------------
[Step 211200] VLM Score: 3.25, VLM Success: 50.0%, Sim Success: 50.0%
-----------------------------------
| rollout/             |          |
|    ep_len_mean       | 75       |
|    ep_rew_mean       | 3.29     |
| time/                |          |
|    episodes          | 384      |
|    fps               | 1        |
|    time_elapsed      | 16743    |
|    total_timesteps   | 28800    |
| train/               |          |
|    actor_loss        | -2.99    |
|    critic_loss       | 0.0127   |
|    ent_coef          | 0.00103  |
|    ent_coef_loss     | 1.62     |
|    learning_rate     | 0.0003   |
|    n_updates         | 215970   |
|    noise_critic_loss | 0.0413   |
-----------------------------------
[Step 212400] VLM Score: 3.50, VLM Success: 50.0%, Sim Success: 0.0%
-----------------------------------
| rollout/             |          |
|    ep_len_mean       | 75       |
|    ep_rew_mean       | 3.33     |
| time/                |          |
|    episodes          | 388      |
|    fps               | 1        |
|    time_elapsed      | 16880    |
|    total_timesteps   | 29100    |
| train/               |          |
|    actor_loss        | -2.88    |
|    critic_loss       | 0.0117   |
|    ent_coef          | 0.00108  |
|    ent_coef_loss     | -0.037   |
|    learning_rate     | 0.0003   |
|    n_updates         | 218220   |
|    noise_critic_loss | 0.0438   |
-----------------------------------
[Step 213600] VLM Score: 3.25, VLM Success: 50.0%, Sim Success: 50.0%
-----------------------------------
| rollout/             |          |
|    ep_len_mean       | 75       |
|    ep_rew_mean       | 3.29     |
| time/                |          |
|    episodes          | 392      |
|    fps               | 1        |
|    time_elapsed      | 17017    |
|    total_timesteps   | 29400    |
| train/               |          |
|    actor_loss        | -2.98    |
|    critic_loss       | 0.0118   |
|    ent_coef          | 0.00108  |
|    ent_coef_loss     | 0.485    |
|    learning_rate     | 0.0003   |
|    n_updates         | 220470   |
|    noise_critic_loss | 0.0407   |
-----------------------------------
[Step 214800] VLM Score: 2.75, VLM Success: 25.0%, Sim Success: 75.0%
-----------------------------------
| rollout/             |          |
|    ep_len_mean       | 75       |
|    ep_rew_mean       | 3.27     |
| time/                |          |
|    episodes          | 396      |
|    fps               | 1        |
|    time_elapsed      | 17155    |
|    total_timesteps   | 29700    |
| train/               |          |
|    actor_loss        | -2.94    |
|    critic_loss       | 0.0113   |
|    ent_coef          | 0.00109  |
|    ent_coef_loss     | 3.18     |
|    learning_rate     | 0.0003   |
|    n_updates         | 222720   |
|    noise_critic_loss | 0.0399   |
-----------------------------------
[Step 216000] VLM Score: 3.50, VLM Success: 50.0%, Sim Success: 50.0%
-----------------------------------
| rollout/             |          |
|    ep_len_mean       | 75       |
|    ep_rew_mean       | 3.25     |
| time/                |          |
|    episodes          | 400      |
|    fps               | 1        |
|    time_elapsed      | 17291    |
|    total_timesteps   | 30000    |
| train/               |          |
|    actor_loss        | -2.93    |
|    critic_loss       | 0.0106   |
|    ent_coef          | 0.00106  |
|    ent_coef_loss     | -0.906   |
|    learning_rate     | 0.0003   |
|    n_updates         | 224970   |
|    noise_critic_loss | 0.0404   |
-----------------------------------
[Step 217200] VLM Score: 3.25, VLM Success: 25.0%, Sim Success: 50.0%
-----------------------------------
| rollout/             |          |
|    ep_len_mean       | 75       |
|    ep_rew_mean       | 3.3      |
| time/                |          |
|    episodes          | 404      |
|    fps               | 1        |
|    time_elapsed      | 17427    |
|    total_timesteps   | 30300    |
| train/               |          |
|    actor_loss        | -3       |
|    critic_loss       | 0.0114   |
|    ent_coef          | 0.00109  |
|    ent_coef_loss     | -5.42    |
|    learning_rate     | 0.0003   |
|    n_updates         | 227220   |
|    noise_critic_loss | 0.0399   |
-----------------------------------
[Step 218400] VLM Score: 3.50, VLM Success: 50.0%, Sim Success: 25.0%
-----------------------------------
| rollout/             |          |
|    ep_len_mean       | 75       |
|    ep_rew_mean       | 3.29     |
| time/                |          |
|    episodes          | 408      |
|    fps               | 1        |
|    time_elapsed      | 17563    |
|    total_timesteps   | 30600    |
| train/               |          |
|    actor_loss        | -3       |
|    critic_loss       | 0.0111   |
|    ent_coef          | 0.00105  |
|    ent_coef_loss     | -1.67    |
|    learning_rate     | 0.0003   |
|    n_updates         | 229470   |
|    noise_critic_loss | 0.0383   |
-----------------------------------
[Step 219600] VLM Score: 2.75, VLM Success: 25.0%, Sim Success: 50.0%
-----------------------------------
| rollout/             |          |
|    ep_len_mean       | 75       |
|    ep_rew_mean       | 3.29     |
| time/                |          |
|    episodes          | 412      |
|    fps               | 1        |
|    time_elapsed      | 17699    |
|    total_timesteps   | 30900    |
| train/               |          |
|    actor_loss        | -3.01    |
|    critic_loss       | 0.0108   |
|    ent_coef          | 0.00106  |
|    ent_coef_loss     | -0.861   |
|    learning_rate     | 0.0003   |
|    n_updates         | 231720   |
|    noise_critic_loss | 0.0379   |
-----------------------------------
[Step 220800] VLM Score: 3.00, VLM Success: 25.0%, Sim Success: 25.0%
-----------------------------------
| rollout/             |          |
|    ep_len_mean       | 75       |
|    ep_rew_mean       | 3.27     |
| time/                |          |
|    episodes          | 416      |
|    fps               | 1        |
|    time_elapsed      | 17835    |
|    total_timesteps   | 31200    |
| train/               |          |
|    actor_loss        | -2.96    |
|    critic_loss       | 0.0101   |
|    ent_coef          | 0.00104  |
|    ent_coef_loss     | 0.627    |
|    learning_rate     | 0.0003   |
|    n_updates         | 233970   |
|    noise_critic_loss | 0.0376   |
-----------------------------------
[VLM #1700] Task: Pick up the red cube from the table
    Frames: 62, Raw output: .2 seconds><14.2 seconds><15.2 seconds>Task: Pick up the red cube from the table
assistant
ANSWER: 5
    Parsed discrete score: 5/5 → Reward: 0.00
[Step 222000] VLM Score: 3.50, VLM Success: 50.0%, Sim Success: 100.0%
-----------------------------------
| rollout/             |          |
|    ep_len_mean       | 75       |
|    ep_rew_mean       | 3.28     |
| time/                |          |
|    episodes          | 420      |
|    fps               | 1        |
|    time_elapsed      | 17971    |
|    total_timesteps   | 31500    |
| train/               |          |
|    actor_loss        | -3.02    |
|    critic_loss       | 0.0101   |
|    ent_coef          | 0.00101  |
|    ent_coef_loss     | 3.9      |
|    learning_rate     | 0.0003   |
|    n_updates         | 236220   |
|    noise_critic_loss | 0.0334   |
-----------------------------------
[Step 223200] VLM Score: 5.00, VLM Success: 100.0%, Sim Success: 100.0%
-----------------------------------
| rollout/             |          |
|    ep_len_mean       | 75       |
|    ep_rew_mean       | 3.35     |
| time/                |          |
|    episodes          | 424      |
|    fps               | 1        |
|    time_elapsed      | 18107    |
|    total_timesteps   | 31800    |
| train/               |          |
|    actor_loss        | -3.04    |
|    critic_loss       | 0.0102   |
|    ent_coef          | 0.00101  |
|    ent_coef_loss     | 2.92     |
|    learning_rate     | 0.0003   |
|    n_updates         | 238470   |
|    noise_critic_loss | 0.0319   |
-----------------------------------
[Step 224400] VLM Score: 5.00, VLM Success: 100.0%, Sim Success: 50.0%
-----------------------------------
| rollout/             |          |
|    ep_len_mean       | 75       |
|    ep_rew_mean       | 3.44     |
| time/                |          |
|    episodes          | 428      |
|    fps               | 1        |
|    time_elapsed      | 18242    |
|    total_timesteps   | 32100    |
| train/               |          |
|    actor_loss        | -2.96    |
|    critic_loss       | 0.00965  |
|    ent_coef          | 0.000962 |
|    ent_coef_loss     | 0.85     |
|    learning_rate     | 0.0003   |
|    n_updates         | 240720   |
|    noise_critic_loss | 0.035    |
-----------------------------------
[Step 225600] VLM Score: 4.25, VLM Success: 75.0%, Sim Success: 75.0%
-----------------------------------
| rollout/             |          |
|    ep_len_mean       | 75       |
|    ep_rew_mean       | 3.49     |
| time/                |          |
|    episodes          | 432      |
|    fps               | 1        |
|    time_elapsed      | 18379    |
|    total_timesteps   | 32400    |
| train/               |          |
|    actor_loss        | -3.01    |
|    critic_loss       | 0.00987  |
|    ent_coef          | 0.000966 |
|    ent_coef_loss     | -0.275   |
|    learning_rate     | 0.0003   |
|    n_updates         | 242970   |
|    noise_critic_loss | 0.0335   |
-----------------------------------
[Step 226800] VLM Score: 3.00, VLM Success: 25.0%, Sim Success: 75.0%
-----------------------------------
| rollout/             |          |
|    ep_len_mean       | 75       |
|    ep_rew_mean       | 3.48     |
| time/                |          |
|    episodes          | 436      |
|    fps               | 1        |
|    time_elapsed      | 18517    |
|    total_timesteps   | 32700    |
| train/               |          |
|    actor_loss        | -3       |
|    critic_loss       | 0.0108   |
|    ent_coef          | 0.000948 |
|    ent_coef_loss     | 0.549    |
|    learning_rate     | 0.0003   |
|    n_updates         | 245220   |
|    noise_critic_loss | 0.0327   |
-----------------------------------
[Step 228000] VLM Score: 3.00, VLM Success: 25.0%, Sim Success: 50.0%
-----------------------------------
| rollout/             |          |
|    ep_len_mean       | 75       |
|    ep_rew_mean       | 3.49     |
| time/                |          |
|    episodes          | 440      |
|    fps               | 1        |
|    time_elapsed      | 18653    |
|    total_timesteps   | 33000    |
| train/               |          |
|    actor_loss        | -3.04    |
|    critic_loss       | 0.00943  |
|    ent_coef          | 0.000983 |
|    ent_coef_loss     | -6.43    |
|    learning_rate     | 0.0003   |
|    n_updates         | 247470   |
|    noise_critic_loss | 0.0334   |
-----------------------------------
[Step 229200] VLM Score: 3.25, VLM Success: 50.0%, Sim Success: 50.0%
-----------------------------------
| rollout/             |          |
|    ep_len_mean       | 75       |
|    ep_rew_mean       | 3.45     |
| time/                |          |
|    episodes          | 444      |
|    fps               | 1        |
|    time_elapsed      | 18791    |
|    total_timesteps   | 33300    |
| train/               |          |
|    actor_loss        | -3.03    |
|    critic_loss       | 0.00928  |
|    ent_coef          | 0.000966 |
|    ent_coef_loss     | -2.11    |
|    learning_rate     | 0.0003   |
|    n_updates         | 249720   |
|    noise_critic_loss | 0.0349   |
-----------------------------------
[Step 230400] VLM Score: 2.00, VLM Success: 0.0%, Sim Success: 75.0%
-----------------------------------
| rollout/             |          |
|    ep_len_mean       | 75       |
|    ep_rew_mean       | 3.39     |
| time/                |          |
|    episodes          | 448      |
|    fps               | 1        |
|    time_elapsed      | 18929    |
|    total_timesteps   | 33600    |
| train/               |          |
|    actor_loss        | -3.04    |
|    critic_loss       | 0.00887  |
|    ent_coef          | 0.000972 |
|    ent_coef_loss     | -2.36    |
|    learning_rate     | 0.0003   |
|    n_updates         | 251970   |
|    noise_critic_loss | 0.0316   |
-----------------------------------
[Step 231600] VLM Score: 3.00, VLM Success: 50.0%, Sim Success: 75.0%
-----------------------------------
| rollout/             |          |
|    ep_len_mean       | 75       |
|    ep_rew_mean       | 3.36     |
| time/                |          |
|    episodes          | 452      |
|    fps               | 1        |
|    time_elapsed      | 19066    |
|    total_timesteps   | 33900    |
| train/               |          |
|    actor_loss        | -2.99    |
|    critic_loss       | 0.00913  |
|    ent_coef          | 0.000938 |
|    ent_coef_loss     | -1.58    |
|    learning_rate     | 0.0003   |
|    n_updates         | 254220   |
|    noise_critic_loss | 0.0301   |
-----------------------------------
[Step 232800] VLM Score: 2.00, VLM Success: 0.0%, Sim Success: 100.0%
-----------------------------------
| rollout/             |          |
|    ep_len_mean       | 75       |
|    ep_rew_mean       | 3.33     |
| time/                |          |
|    episodes          | 456      |
|    fps               | 1        |
|    time_elapsed      | 19204    |
|    total_timesteps   | 34200    |
| train/               |          |
|    actor_loss        | -2.99    |
|    critic_loss       | 0.00888  |
|    ent_coef          | 0.000973 |
|    ent_coef_loss     | -1.83    |
|    learning_rate     | 0.0003   |
|    n_updates         | 256470   |
|    noise_critic_loss | 0.0327   |
-----------------------------------
[Step 234000] VLM Score: 2.75, VLM Success: 25.0%, Sim Success: 100.0%
-----------------------------------
| rollout/             |          |
|    ep_len_mean       | 75       |
|    ep_rew_mean       | 3.3      |
| time/                |          |
|    episodes          | 460      |
|    fps               | 1        |
|    time_elapsed      | 19341    |
|    total_timesteps   | 34500    |
| train/               |          |
|    actor_loss        | -3       |
|    critic_loss       | 0.0084   |
|    ent_coef          | 0.000938 |
|    ent_coef_loss     | 2.14     |
|    learning_rate     | 0.0003   |
|    n_updates         | 258720   |
|    noise_critic_loss | 0.0327   |
-----------------------------------
[Step 235200] VLM Score: 2.75, VLM Success: 25.0%, Sim Success: 75.0%
-----------------------------------
| rollout/             |          |
|    ep_len_mean       | 75       |
|    ep_rew_mean       | 3.26     |
| time/                |          |
|    episodes          | 464      |
|    fps               | 1        |
|    time_elapsed      | 19479    |
|    total_timesteps   | 34800    |
| train/               |          |
|    actor_loss        | -2.99    |
|    critic_loss       | 0.00836  |
|    ent_coef          | 0.000967 |
|    ent_coef_loss     | 1.7      |
|    learning_rate     | 0.0003   |
|    n_updates         | 260970   |
|    noise_critic_loss | 0.0295   |
-----------------------------------
[Step 236400] VLM Score: 3.75, VLM Success: 50.0%, Sim Success: 50.0%
-----------------------------------
| rollout/             |          |
|    ep_len_mean       | 75       |
|    ep_rew_mean       | 3.3      |
| time/                |          |
|    episodes          | 468      |
|    fps               | 1        |
|    time_elapsed      | 19614    |
|    total_timesteps   | 35100    |
| train/               |          |
|    actor_loss        | -2.99    |
|    critic_loss       | 0.00926  |
|    ent_coef          | 0.000949 |
|    ent_coef_loss     | 5.87     |
|    learning_rate     | 0.0003   |
|    n_updates         | 263220   |
|    noise_critic_loss | 0.0336   |
-----------------------------------
[VLM #1750] Task: Pick up the red cube from the table
    Frames: 62, Raw output: .2 seconds><14.2 seconds><15.2 seconds>Task: Pick up the red cube from the table
assistant
ANSWER: 4
    Parsed discrete score: 4/5 → Reward: -0.25
[Step 237600] VLM Score: 4.25, VLM Success: 75.0%, Sim Success: 75.0%
-----------------------------------
| rollout/             |          |
|    ep_len_mean       | 75       |
|    ep_rew_mean       | 3.36     |
| time/                |          |
|    episodes          | 472      |
|    fps               | 1        |
|    time_elapsed      | 19751    |
|    total_timesteps   | 35400    |
| train/               |          |
|    actor_loss        | -2.98    |
|    critic_loss       | 0.00887  |
|    ent_coef          | 0.000971 |
|    ent_coef_loss     | -0.579   |
|    learning_rate     | 0.0003   |
|    n_updates         | 265470   |
|    noise_critic_loss | 0.0296   |
-----------------------------------
[Step 238800] VLM Score: 5.00, VLM Success: 100.0%, Sim Success: 75.0%
-----------------------------------
| rollout/             |          |
|    ep_len_mean       | 75       |
|    ep_rew_mean       | 3.41     |
| time/                |          |
|    episodes          | 476      |
|    fps               | 1        |
|    time_elapsed      | 19887    |
|    total_timesteps   | 35700    |
| train/               |          |
|    actor_loss        | -2.96    |
|    critic_loss       | 0.00844  |
|    ent_coef          | 0.00099  |
|    ent_coef_loss     | -2.86    |
|    learning_rate     | 0.0003   |
|    n_updates         | 267720   |
|    noise_critic_loss | 0.0319   |
-----------------------------------
[Step 240000] VLM Score: 4.25, VLM Success: 75.0%, Sim Success: 50.0%
Eval episode 0 at timestep 240000
Eval episode 1 at timestep 240000
Eval episode 2 at timestep 240000
Eval episode 3 at timestep 240000
Eval episode 4 at timestep 240000
Eval episode 5 at timestep 240000
Eval episode 6 at timestep 240000
Eval episode 7 at timestep 240000
Eval episode 8 at timestep 240000
Eval episode 9 at timestep 240000
Eval episode 10 at timestep 240000
Eval episode 11 at timestep 240000
Eval episode 12 at timestep 240000
Eval episode 13 at timestep 240000
Eval episode 14 at timestep 240000
Eval episode 15 at timestep 240000
Eval episode 16 at timestep 240000
Eval episode 17 at timestep 240000
Eval episode 18 at timestep 240000
Eval episode 19 at timestep 240000
Eval episode 20 at timestep 240000
Eval episode 21 at timestep 240000
Eval episode 22 at timestep 240000
Eval episode 23 at timestep 240000
Eval episode 24 at timestep 240000
Eval episode 25 at timestep 240000
Eval episode 26 at timestep 240000
Eval episode 27 at timestep 240000
Eval episode 28 at timestep 240000
Eval episode 29 at timestep 240000
Eval episode 30 at timestep 240000
Eval episode 31 at timestep 240000
Eval episode 32 at timestep 240000
Eval episode 33 at timestep 240000
Eval episode 34 at timestep 240000
Eval episode 35 at timestep 240000
Eval episode 36 at timestep 240000
Eval episode 37 at timestep 240000
Eval episode 38 at timestep 240000
Eval episode 39 at timestep 240000
Eval episode 40 at timestep 240000
Eval episode 41 at timestep 240000
Eval episode 42 at timestep 240000
Eval episode 43 at timestep 240000
Eval episode 44 at timestep 240000
Eval episode 45 at timestep 240000
Eval episode 46 at timestep 240000
Eval episode 47 at timestep 240000
Eval episode 48 at timestep 240000
Eval episode 49 at timestep 240000
-----------------------------------
| rollout/             |          |
|    ep_len_mean       | 75       |
|    ep_rew_mean       | 3.42     |
| time/                |          |
|    episodes          | 480      |
|    fps               | 1        |
|    time_elapsed      | 21835    |
|    total_timesteps   | 36000    |
| train/               |          |
|    actor_loss        | -2.99    |
|    critic_loss       | 0.00859  |
|    ent_coef          | 0.000948 |
|    ent_coef_loss     | -2.8     |
|    learning_rate     | 0.0003   |
|    n_updates         | 269970   |
|    noise_critic_loss | 0.03     |
-----------------------------------
[Step 241200] VLM Score: 4.50, VLM Success: 75.0%, Sim Success: 50.0%
-----------------------------------
| rollout/             |          |
|    ep_len_mean       | 75       |
|    ep_rew_mean       | 3.47     |
| time/                |          |
|    episodes          | 484      |
|    fps               | 1        |
|    time_elapsed      | 21972    |
|    total_timesteps   | 36300    |
| train/               |          |
|    actor_loss        | -2.99    |
|    critic_loss       | 0.00919  |
|    ent_coef          | 0.00096  |
|    ent_coef_loss     | 0.453    |
|    learning_rate     | 0.0003   |
|    n_updates         | 272220   |
|    noise_critic_loss | 0.0311   |
-----------------------------------
[Step 242400] VLM Score: 3.25, VLM Success: 25.0%, Sim Success: 50.0%
-----------------------------------
| rollout/             |          |
|    ep_len_mean       | 75       |
|    ep_rew_mean       | 3.46     |
| time/                |          |
|    episodes          | 488      |
|    fps               | 1        |
|    time_elapsed      | 22108    |
|    total_timesteps   | 36600    |
| train/               |          |
|    actor_loss        | -2.97    |
|    critic_loss       | 0.00869  |
|    ent_coef          | 0.000927 |
|    ent_coef_loss     | 1.19     |
|    learning_rate     | 0.0003   |
|    n_updates         | 274470   |
|    noise_critic_loss | 0.0296   |
-----------------------------------
[Step 243600] VLM Score: 5.00, VLM Success: 100.0%, Sim Success: 50.0%
-----------------------------------
| rollout/             |          |
|    ep_len_mean       | 75       |
|    ep_rew_mean       | 3.53     |
| time/                |          |
|    episodes          | 492      |
|    fps               | 1        |
|    time_elapsed      | 22245    |
|    total_timesteps   | 36900    |
| train/               |          |
|    actor_loss        | -3.05    |
|    critic_loss       | 0.00943  |
|    ent_coef          | 0.000928 |
|    ent_coef_loss     | 2.03     |
|    learning_rate     | 0.0003   |
|    n_updates         | 276720   |
|    noise_critic_loss | 0.0311   |
-----------------------------------
[Step 244800] VLM Score: 3.25, VLM Success: 25.0%, Sim Success: 25.0%
-----------------------------------
| rollout/             |          |
|    ep_len_mean       | 75       |
|    ep_rew_mean       | 3.55     |
| time/                |          |
|    episodes          | 496      |
|    fps               | 1        |
|    time_elapsed      | 22380    |
|    total_timesteps   | 37200    |
| train/               |          |
|    actor_loss        | -3.04    |
|    critic_loss       | 0.00818  |
|    ent_coef          | 0.000939 |
|    ent_coef_loss     | 0.772    |
|    learning_rate     | 0.0003   |
|    n_updates         | 278970   |
|    noise_critic_loss | 0.0288   |
-----------------------------------
[Step 246000] VLM Score: 3.25, VLM Success: 50.0%, Sim Success: 50.0%
-----------------------------------
| rollout/             |          |
|    ep_len_mean       | 75       |
|    ep_rew_mean       | 3.54     |
| time/                |          |
|    episodes          | 500      |
|    fps               | 1        |
|    time_elapsed      | 22518    |
|    total_timesteps   | 37500    |
| train/               |          |
|    actor_loss        | -3.05    |
|    critic_loss       | 0.00876  |
|    ent_coef          | 0.000923 |
|    ent_coef_loss     | -0.911   |
|    learning_rate     | 0.0003   |
|    n_updates         | 281220   |
|    noise_critic_loss | 0.0309   |
-----------------------------------
[Step 247200] VLM Score: 3.75, VLM Success: 50.0%, Sim Success: 75.0%
-----------------------------------
| rollout/             |          |
|    ep_len_mean       | 75       |
|    ep_rew_mean       | 3.56     |
| time/                |          |
|    episodes          | 504      |
|    fps               | 1        |
|    time_elapsed      | 22656    |
|    total_timesteps   | 37800    |
| train/               |          |
|    actor_loss        | -3.05    |
|    critic_loss       | 0.00927  |
|    ent_coef          | 0.000926 |
|    ent_coef_loss     | 0.803    |
|    learning_rate     | 0.0003   |
|    n_updates         | 283470   |
|    noise_critic_loss | 0.0295   |
-----------------------------------
[Step 248400] VLM Score: 3.25, VLM Success: 25.0%, Sim Success: 25.0%
-----------------------------------
| rollout/             |          |
|    ep_len_mean       | 75       |
|    ep_rew_mean       | 3.55     |
| time/                |          |
|    episodes          | 508      |
|    fps               | 1        |
|    time_elapsed      | 22794    |
|    total_timesteps   | 38100    |
| train/               |          |
|    actor_loss        | -2.98    |
|    critic_loss       | 0.00872  |
|    ent_coef          | 0.000908 |
|    ent_coef_loss     | 3.4      |
|    learning_rate     | 0.0003   |
|    n_updates         | 285720   |
|    noise_critic_loss | 0.0301   |
-----------------------------------
[Step 249600] VLM Score: 2.25, VLM Success: 0.0%, Sim Success: 50.0%
-----------------------------------
| rollout/             |          |
|    ep_len_mean       | 75       |
|    ep_rew_mean       | 3.53     |
| time/                |          |
|    episodes          | 512      |
|    fps               | 1        |
|    time_elapsed      | 22931    |
|    total_timesteps   | 38400    |
| train/               |          |
|    actor_loss        | -3.01    |
|    critic_loss       | 0.00751  |
|    ent_coef          | 0.000929 |
|    ent_coef_loss     | 1.22     |
|    learning_rate     | 0.0003   |
|    n_updates         | 287970   |
|    noise_critic_loss | 0.0275   |
-----------------------------------
[Step 250800] VLM Score: 3.50, VLM Success: 50.0%, Sim Success: 100.0%
-----------------------------------
| rollout/             |          |
|    ep_len_mean       | 75       |
|    ep_rew_mean       | 3.55     |
| time/                |          |
|    episodes          | 516      |
|    fps               | 1        |
|    time_elapsed      | 23068    |
|    total_timesteps   | 38700    |
| train/               |          |
|    actor_loss        | -3.04    |
|    critic_loss       | 0.00813  |
|    ent_coef          | 0.000955 |
|    ent_coef_loss     | -0.211   |
|    learning_rate     | 0.0003   |
|    n_updates         | 290220   |
|    noise_critic_loss | 0.0263   |
-----------------------------------
[VLM #1800] Task: Pick up the red cube from the table
    Frames: 62, Raw output: .2 seconds><14.2 seconds><15.2 seconds>Task: Pick up the red cube from the table
assistant
ANSWER: 5
    Parsed discrete score: 5/5 → Reward: 0.00
[Step 252000] VLM Score: 4.25, VLM Success: 75.0%, Sim Success: 50.0%
-----------------------------------
| rollout/             |          |
|    ep_len_mean       | 75       |
|    ep_rew_mean       | 3.58     |
| time/                |          |
|    episodes          | 520      |
|    fps               | 1        |
|    time_elapsed      | 23205    |
|    total_timesteps   | 39000    |
| train/               |          |
|    actor_loss        | -3.01    |
|    critic_loss       | 0.00795  |
|    ent_coef          | 0.000939 |
|    ent_coef_loss     | -2.15    |
|    learning_rate     | 0.0003   |
|    n_updates         | 292470   |
|    noise_critic_loss | 0.0276   |
-----------------------------------
[Step 253200] VLM Score: 3.25, VLM Success: 25.0%, Sim Success: 25.0%
-----------------------------------
| rollout/             |          |
|    ep_len_mean       | 75       |
|    ep_rew_mean       | 3.51     |
| time/                |          |
|    episodes          | 524      |
|    fps               | 1        |
|    time_elapsed      | 23342    |
|    total_timesteps   | 39300    |
| train/               |          |
|    actor_loss        | -3       |
|    critic_loss       | 0.00768  |
|    ent_coef          | 0.000945 |
|    ent_coef_loss     | -0.329   |
|    learning_rate     | 0.0003   |
|    n_updates         | 294720   |
|    noise_critic_loss | 0.025    |
-----------------------------------
[Step 254400] VLM Score: 3.25, VLM Success: 25.0%, Sim Success: 50.0%
-----------------------------------
| rollout/             |          |
|    ep_len_mean       | 75       |
|    ep_rew_mean       | 3.44     |
| time/                |          |
|    episodes          | 528      |
|    fps               | 1        |
|    time_elapsed      | 23479    |
|    total_timesteps   | 39600    |
| train/               |          |
|    actor_loss        | -2.99    |
|    critic_loss       | 0.00947  |
|    ent_coef          | 0.000943 |
|    ent_coef_loss     | -1.29    |
|    learning_rate     | 0.0003   |
|    n_updates         | 296970   |
|    noise_critic_loss | 0.027    |
-----------------------------------
[Step 255600] VLM Score: 4.00, VLM Success: 75.0%, Sim Success: 75.0%
-----------------------------------
| rollout/             |          |
|    ep_len_mean       | 75       |
|    ep_rew_mean       | 3.43     |
| time/                |          |
|    episodes          | 532      |
|    fps               | 1        |
|    time_elapsed      | 23617    |
|    total_timesteps   | 39900    |
| train/               |          |
|    actor_loss        | -3.02    |
|    critic_loss       | 0.00763  |
|    ent_coef          | 0.000937 |
|    ent_coef_loss     | 4.02     |
|    learning_rate     | 0.0003   |
|    n_updates         | 299220   |
|    noise_critic_loss | 0.027    |
-----------------------------------
[Step 256800] VLM Score: 3.75, VLM Success: 50.0%, Sim Success: 75.0%
-----------------------------------
| rollout/             |          |
|    ep_len_mean       | 75       |
|    ep_rew_mean       | 3.46     |
| time/                |          |
|    episodes          | 536      |
|    fps               | 1        |
|    time_elapsed      | 23755    |
|    total_timesteps   | 40200    |
| train/               |          |
|    actor_loss        | -3.02    |
|    critic_loss       | 0.00799  |
|    ent_coef          | 0.000909 |
|    ent_coef_loss     | -0.0826  |
|    learning_rate     | 0.0003   |
|    n_updates         | 301470   |
|    noise_critic_loss | 0.0265   |
-----------------------------------
[Step 258000] VLM Score: 3.50, VLM Success: 50.0%, Sim Success: 50.0%
-----------------------------------
| rollout/             |          |
|    ep_len_mean       | 75       |
|    ep_rew_mean       | 3.48     |
| time/                |          |
|    episodes          | 540      |
|    fps               | 1        |
|    time_elapsed      | 23893    |
|    total_timesteps   | 40500    |
| train/               |          |
|    actor_loss        | -3.03    |
|    critic_loss       | 0.0079   |
|    ent_coef          | 0.000914 |
|    ent_coef_loss     | 0.891    |
|    learning_rate     | 0.0003   |
|    n_updates         | 303720   |
|    noise_critic_loss | 0.0251   |
-----------------------------------
[Step 259200] VLM Score: 2.50, VLM Success: 0.0%, Sim Success: 50.0%
-----------------------------------
| rollout/             |          |
|    ep_len_mean       | 75       |
|    ep_rew_mean       | 3.45     |
| time/                |          |
|    episodes          | 544      |
|    fps               | 1        |
|    time_elapsed      | 24029    |
|    total_timesteps   | 40800    |
| train/               |          |
|    actor_loss        | -3.01    |
|    critic_loss       | 0.00779  |
|    ent_coef          | 0.000918 |
|    ent_coef_loss     | 0.374    |
|    learning_rate     | 0.0003   |
|    n_updates         | 305970   |
|    noise_critic_loss | 0.0238   |
-----------------------------------
[Step 260400] VLM Score: 2.75, VLM Success: 25.0%, Sim Success: 100.0%
-----------------------------------
| rollout/             |          |
|    ep_len_mean       | 75       |
|    ep_rew_mean       | 3.48     |
| time/                |          |
|    episodes          | 548      |
|    fps               | 1        |
|    time_elapsed      | 24166    |
|    total_timesteps   | 41100    |
| train/               |          |
|    actor_loss        | -3.01    |
|    critic_loss       | 0.0075   |
|    ent_coef          | 0.000883 |
|    ent_coef_loss     | 0.0837   |
|    learning_rate     | 0.0003   |
|    n_updates         | 308220   |
|    noise_critic_loss | 0.0255   |
-----------------------------------
[Step 261600] VLM Score: 3.50, VLM Success: 50.0%, Sim Success: 75.0%
-----------------------------------
| rollout/             |          |
|    ep_len_mean       | 75       |
|    ep_rew_mean       | 3.5      |
| time/                |          |
|    episodes          | 552      |
|    fps               | 1        |
|    time_elapsed      | 24303    |
|    total_timesteps   | 41400    |
| train/               |          |
|    actor_loss        | -3.03    |
|    critic_loss       | 0.00729  |
|    ent_coef          | 0.000885 |
|    ent_coef_loss     | -1.94    |
|    learning_rate     | 0.0003   |
|    n_updates         | 310470   |
|    noise_critic_loss | 0.0269   |
-----------------------------------
[Step 262800] VLM Score: 2.75, VLM Success: 25.0%, Sim Success: 75.0%
-----------------------------------
| rollout/             |          |
|    ep_len_mean       | 75       |
|    ep_rew_mean       | 3.53     |
| time/                |          |
|    episodes          | 556      |
|    fps               | 1        |
|    time_elapsed      | 24440    |
|    total_timesteps   | 41700    |
| train/               |          |
|    actor_loss        | -3.05    |
|    critic_loss       | 0.00778  |
|    ent_coef          | 0.000938 |
|    ent_coef_loss     | -3.15    |
|    learning_rate     | 0.0003   |
|    n_updates         | 312720   |
|    noise_critic_loss | 0.0257   |
-----------------------------------
[Step 264000] VLM Score: 3.00, VLM Success: 50.0%, Sim Success: 25.0%
-----------------------------------
| rollout/             |          |
|    ep_len_mean       | 75       |
|    ep_rew_mean       | 3.54     |
| time/                |          |
|    episodes          | 560      |
|    fps               | 1        |
|    time_elapsed      | 24577    |
|    total_timesteps   | 42000    |
| train/               |          |
|    actor_loss        | -3.09    |
|    critic_loss       | 0.00798  |
|    ent_coef          | 0.000889 |
|    ent_coef_loss     | 4.69     |
|    learning_rate     | 0.0003   |
|    n_updates         | 314970   |
|    noise_critic_loss | 0.025    |
-----------------------------------
[Step 265200] VLM Score: 2.75, VLM Success: 25.0%, Sim Success: 100.0%
-----------------------------------
| rollout/             |          |
|    ep_len_mean       | 75       |
|    ep_rew_mean       | 3.54     |
| time/                |          |
|    episodes          | 564      |
|    fps               | 1        |
|    time_elapsed      | 24715    |
|    total_timesteps   | 42300    |
| train/               |          |
|    actor_loss        | -3.04    |
|    critic_loss       | 0.00693  |
|    ent_coef          | 0.000911 |
|    ent_coef_loss     | -0.335   |
|    learning_rate     | 0.0003   |
|    n_updates         | 317220   |
|    noise_critic_loss | 0.0232   |
-----------------------------------
[Step 266400] VLM Score: 3.50, VLM Success: 50.0%, Sim Success: 100.0%
-----------------------------------
| rollout/             |          |
|    ep_len_mean       | 75       |
|    ep_rew_mean       | 3.53     |
| time/                |          |
|    episodes          | 568      |
|    fps               | 1        |
|    time_elapsed      | 24853    |
|    total_timesteps   | 42600    |
| train/               |          |
|    actor_loss        | -3.04    |
|    critic_loss       | 0.00911  |
|    ent_coef          | 0.000911 |
|    ent_coef_loss     | -0.471   |
|    learning_rate     | 0.0003   |
|    n_updates         | 319470   |
|    noise_critic_loss | 0.0252   |
-----------------------------------
[VLM #1850] Task: Pick up the red cube from the table
    Frames: 62, Raw output: .2 seconds><14.2 seconds><15.2 seconds>Task: Pick up the red cube from the table
assistant
ANSWER: 2
    Parsed discrete score: 2/5 → Reward: -0.75
[Step 267600] VLM Score: 3.50, VLM Success: 50.0%, Sim Success: 75.0%
-----------------------------------
| rollout/             |          |
|    ep_len_mean       | 75       |
|    ep_rew_mean       | 3.5      |
| time/                |          |
|    episodes          | 572      |
|    fps               | 1        |
|    time_elapsed      | 24990    |
|    total_timesteps   | 42900    |
| train/               |          |
|    actor_loss        | -3       |
|    critic_loss       | 0.00672  |
|    ent_coef          | 0.000898 |
|    ent_coef_loss     | 0.0995   |
|    learning_rate     | 0.0003   |
|    n_updates         | 321720   |
|    noise_critic_loss | 0.0241   |
-----------------------------------
[Step 268800] VLM Score: 2.75, VLM Success: 25.0%, Sim Success: 100.0%
-----------------------------------
| rollout/             |          |
|    ep_len_mean       | 75       |
|    ep_rew_mean       | 3.41     |
| time/                |          |
|    episodes          | 576      |
|    fps               | 1        |
|    time_elapsed      | 25129    |
|    total_timesteps   | 43200    |
| train/               |          |
|    actor_loss        | -2.96    |
|    critic_loss       | 0.0073   |
|    ent_coef          | 0.000908 |
|    ent_coef_loss     | 3.14     |
|    learning_rate     | 0.0003   |
|    n_updates         | 323970   |
|    noise_critic_loss | 0.0265   |
-----------------------------------
[Step 270000] VLM Score: 3.25, VLM Success: 50.0%, Sim Success: 25.0%
-----------------------------------
| rollout/             |          |
|    ep_len_mean       | 75       |
|    ep_rew_mean       | 3.37     |
| time/                |          |
|    episodes          | 580      |
|    fps               | 1        |
|    time_elapsed      | 25266    |
|    total_timesteps   | 43500    |
| train/               |          |
|    actor_loss        | -3.04    |
|    critic_loss       | 0.00684  |
|    ent_coef          | 0.000895 |
|    ent_coef_loss     | 1.75     |
|    learning_rate     | 0.0003   |
|    n_updates         | 326220   |
|    noise_critic_loss | 0.0249   |
-----------------------------------
[Step 271200] VLM Score: 3.00, VLM Success: 25.0%, Sim Success: 0.0%
-----------------------------------
| rollout/             |          |
|    ep_len_mean       | 75       |
|    ep_rew_mean       | 3.31     |
| time/                |          |
|    episodes          | 584      |
|    fps               | 1        |
|    time_elapsed      | 25402    |
|    total_timesteps   | 43800    |
| train/               |          |
|    actor_loss        | -3       |
|    critic_loss       | 0.00708  |
|    ent_coef          | 0.000903 |
|    ent_coef_loss     | -0.379   |
|    learning_rate     | 0.0003   |
|    n_updates         | 328470   |
|    noise_critic_loss | 0.0232   |
-----------------------------------
[Step 272400] VLM Score: 2.00, VLM Success: 0.0%, Sim Success: 25.0%
-----------------------------------
| rollout/             |          |
|    ep_len_mean       | 75       |
|    ep_rew_mean       | 3.26     |
| time/                |          |
|    episodes          | 588      |
|    fps               | 1        |
|    time_elapsed      | 25539    |
|    total_timesteps   | 44100    |
| train/               |          |
|    actor_loss        | -2.98    |
|    critic_loss       | 0.00674  |
|    ent_coef          | 0.000904 |
|    ent_coef_loss     | -0.413   |
|    learning_rate     | 0.0003   |
|    n_updates         | 330720   |
|    noise_critic_loss | 0.0229   |
-----------------------------------
[Step 273600] VLM Score: 3.25, VLM Success: 50.0%, Sim Success: 100.0%
-----------------------------------
| rollout/             |          |
|    ep_len_mean       | 75       |
|    ep_rew_mean       | 3.19     |
| time/                |          |
|    episodes          | 592      |
|    fps               | 1        |
|    time_elapsed      | 25677    |
|    total_timesteps   | 44400    |
| train/               |          |
|    actor_loss        | -3.01    |
|    critic_loss       | 0.00744  |
|    ent_coef          | 0.000912 |
|    ent_coef_loss     | -4.79    |
|    learning_rate     | 0.0003   |
|    n_updates         | 332970   |
|    noise_critic_loss | 0.0241   |
-----------------------------------
[Step 274800] VLM Score: 3.75, VLM Success: 50.0%, Sim Success: 25.0%
-----------------------------------
| rollout/             |          |
|    ep_len_mean       | 75       |
|    ep_rew_mean       | 3.21     |
| time/                |          |
|    episodes          | 596      |
|    fps               | 1        |
|    time_elapsed      | 25814    |
|    total_timesteps   | 44700    |
| train/               |          |
|    actor_loss        | -3       |
|    critic_loss       | 0.00689  |
|    ent_coef          | 0.000913 |
|    ent_coef_loss     | 0.31     |
|    learning_rate     | 0.0003   |
|    n_updates         | 335220   |
|    noise_critic_loss | 0.0243   |
-----------------------------------
[Step 276000] VLM Score: 4.00, VLM Success: 75.0%, Sim Success: 50.0%
-----------------------------------
| rollout/             |          |
|    ep_len_mean       | 75       |
|    ep_rew_mean       | 3.24     |
| time/                |          |
|    episodes          | 600      |
|    fps               | 1        |
|    time_elapsed      | 25951    |
|    total_timesteps   | 45000    |
| train/               |          |
|    actor_loss        | -2.98    |
|    critic_loss       | 0.00817  |
|    ent_coef          | 0.000909 |
|    ent_coef_loss     | -1.69    |
|    learning_rate     | 0.0003   |
|    n_updates         | 337470   |
|    noise_critic_loss | 0.0245   |
-----------------------------------
[Step 277200] VLM Score: 3.00, VLM Success: 25.0%, Sim Success: 75.0%
-----------------------------------
| rollout/             |          |
|    ep_len_mean       | 75       |
|    ep_rew_mean       | 3.21     |
| time/                |          |
|    episodes          | 604      |
|    fps               | 1        |
|    time_elapsed      | 26088    |
|    total_timesteps   | 45300    |
| train/               |          |
|    actor_loss        | -2.97    |
|    critic_loss       | 0.0074   |
|    ent_coef          | 0.000924 |
|    ent_coef_loss     | -2.02    |
|    learning_rate     | 0.0003   |
|    n_updates         | 339720   |
|    noise_critic_loss | 0.0242   |
-----------------------------------
[Step 278400] VLM Score: 3.50, VLM Success: 50.0%, Sim Success: 50.0%
-----------------------------------
| rollout/             |          |
|    ep_len_mean       | 75       |
|    ep_rew_mean       | 3.22     |
| time/                |          |
|    episodes          | 608      |
|    fps               | 1        |
|    time_elapsed      | 26224    |
|    total_timesteps   | 45600    |
| train/               |          |
|    actor_loss        | -2.98    |
|    critic_loss       | 0.00776  |
|    ent_coef          | 0.000926 |
|    ent_coef_loss     | 1.3      |
|    learning_rate     | 0.0003   |
|    n_updates         | 341970   |
|    noise_critic_loss | 0.0251   |
-----------------------------------
[Step 279600] VLM Score: 3.75, VLM Success: 50.0%, Sim Success: 50.0%
-----------------------------------
| rollout/             |          |
|    ep_len_mean       | 75       |
|    ep_rew_mean       | 3.28     |
| time/                |          |
|    episodes          | 612      |
|    fps               | 1        |
|    time_elapsed      | 26361    |
|    total_timesteps   | 45900    |
| train/               |          |
|    actor_loss        | -2.99    |
|    critic_loss       | 0.00739  |
|    ent_coef          | 0.000906 |
|    ent_coef_loss     | 3.08     |
|    learning_rate     | 0.0003   |
|    n_updates         | 344220   |
|    noise_critic_loss | 0.0224   |
-----------------------------------
[Step 280800] VLM Score: 4.00, VLM Success: 75.0%, Sim Success: 50.0%
-----------------------------------
| rollout/             |          |
|    ep_len_mean       | 75       |
|    ep_rew_mean       | 3.3      |
| time/                |          |
|    episodes          | 616      |
|    fps               | 1        |
|    time_elapsed      | 26498    |
|    total_timesteps   | 46200    |
| train/               |          |
|    actor_loss        | -2.97    |
|    critic_loss       | 0.00648  |
|    ent_coef          | 0.000922 |
|    ent_coef_loss     | 1        |
|    learning_rate     | 0.0003   |
|    n_updates         | 346470   |
|    noise_critic_loss | 0.0224   |
-----------------------------------
[VLM #1900] Task: Pick up the red cube from the table
    Frames: 62, Raw output: .2 seconds><14.2 seconds><15.2 seconds>Task: Pick up the red cube from the table
assistant
ANSWER: 4
    Parsed discrete score: 4/5 → Reward: -0.25
[Step 282000] VLM Score: 3.50, VLM Success: 50.0%, Sim Success: 0.0%
-----------------------------------
| rollout/             |          |
|    ep_len_mean       | 75       |
|    ep_rew_mean       | 3.27     |
| time/                |          |
|    episodes          | 620      |
|    fps               | 1        |
|    time_elapsed      | 26635    |
|    total_timesteps   | 46500    |
| train/               |          |
|    actor_loss        | -2.99    |
|    critic_loss       | 0.00701  |
|    ent_coef          | 0.000917 |
|    ent_coef_loss     | -2.07    |
|    learning_rate     | 0.0003   |
|    n_updates         | 348720   |
|    noise_critic_loss | 0.0228   |
-----------------------------------
[Step 283200] VLM Score: 3.25, VLM Success: 25.0%, Sim Success: 25.0%
-----------------------------------
| rollout/             |          |
|    ep_len_mean       | 75       |
|    ep_rew_mean       | 3.27     |
| time/                |          |
|    episodes          | 624      |
|    fps               | 1        |
|    time_elapsed      | 26772    |
|    total_timesteps   | 46800    |
| train/               |          |
|    actor_loss        | -3.02    |
|    critic_loss       | 0.00669  |
|    ent_coef          | 0.000892 |
|    ent_coef_loss     | 1.8      |
|    learning_rate     | 0.0003   |
|    n_updates         | 350970   |
|    noise_critic_loss | 0.0241   |
-----------------------------------
[Step 284400] VLM Score: 2.25, VLM Success: 0.0%, Sim Success: 25.0%
-----------------------------------
| rollout/             |          |
|    ep_len_mean       | 75       |
|    ep_rew_mean       | 3.23     |
| time/                |          |
|    episodes          | 628      |
|    fps               | 1        |
|    time_elapsed      | 26908    |
|    total_timesteps   | 47100    |
| train/               |          |
|    actor_loss        | -3.02    |
|    critic_loss       | 0.00612  |
|    ent_coef          | 0.000893 |
|    ent_coef_loss     | 4.63     |
|    learning_rate     | 0.0003   |
|    n_updates         | 353220   |
|    noise_critic_loss | 0.0227   |
-----------------------------------
[Step 285600] VLM Score: 2.50, VLM Success: 25.0%, Sim Success: 50.0%
-----------------------------------
| rollout/             |          |
|    ep_len_mean       | 75       |
|    ep_rew_mean       | 3.17     |
| time/                |          |
|    episodes          | 632      |
|    fps               | 1        |
|    time_elapsed      | 27046    |
|    total_timesteps   | 47400    |
| train/               |          |
|    actor_loss        | -3.03    |
|    critic_loss       | 0.00642  |
|    ent_coef          | 0.000892 |
|    ent_coef_loss     | -1.49    |
|    learning_rate     | 0.0003   |
|    n_updates         | 355470   |
|    noise_critic_loss | 0.0212   |
-----------------------------------
[Step 286800] VLM Score: 4.25, VLM Success: 75.0%, Sim Success: 25.0%
-----------------------------------
| rollout/             |          |
|    ep_len_mean       | 75       |
|    ep_rew_mean       | 3.19     |
| time/                |          |
|    episodes          | 636      |
|    fps               | 1        |
|    time_elapsed      | 27182    |
|    total_timesteps   | 47700    |
| train/               |          |
|    actor_loss        | -2.99    |
|    critic_loss       | 0.00739  |
|    ent_coef          | 0.000914 |
|    ent_coef_loss     | -3.84    |
|    learning_rate     | 0.0003   |
|    n_updates         | 357720   |
|    noise_critic_loss | 0.0239   |
-----------------------------------
[Step 288000] VLM Score: 3.25, VLM Success: 50.0%, Sim Success: 75.0%
Eval episode 0 at timestep 288000
Eval episode 1 at timestep 288000
Eval episode 2 at timestep 288000
Eval episode 3 at timestep 288000
Eval episode 4 at timestep 288000
Eval episode 5 at timestep 288000
Eval episode 6 at timestep 288000
Eval episode 7 at timestep 288000
Eval episode 8 at timestep 288000
Eval episode 9 at timestep 288000
Eval episode 10 at timestep 288000
Eval episode 11 at timestep 288000
Eval episode 12 at timestep 288000
Eval episode 13 at timestep 288000
Eval episode 14 at timestep 288000
Eval episode 15 at timestep 288000
Eval episode 16 at timestep 288000
Eval episode 17 at timestep 288000
Eval episode 18 at timestep 288000
Eval episode 19 at timestep 288000
Eval episode 20 at timestep 288000
Eval episode 21 at timestep 288000
Eval episode 22 at timestep 288000
Eval episode 23 at timestep 288000
Eval episode 24 at timestep 288000
Eval episode 25 at timestep 288000
Eval episode 26 at timestep 288000
Eval episode 27 at timestep 288000
Eval episode 28 at timestep 288000
Eval episode 29 at timestep 288000
Eval episode 30 at timestep 288000
Eval episode 31 at timestep 288000
Eval episode 32 at timestep 288000
Eval episode 33 at timestep 288000
Eval episode 34 at timestep 288000
Eval episode 35 at timestep 288000
Eval episode 36 at timestep 288000
Eval episode 37 at timestep 288000
Eval episode 38 at timestep 288000
Eval episode 39 at timestep 288000
Eval episode 40 at timestep 288000
Eval episode 41 at timestep 288000
Eval episode 42 at timestep 288000
Eval episode 43 at timestep 288000
Eval episode 44 at timestep 288000
Eval episode 45 at timestep 288000
Eval episode 46 at timestep 288000
Eval episode 47 at timestep 288000
Eval episode 48 at timestep 288000
Eval episode 49 at timestep 288000
-----------------------------------
| rollout/             |          |
|    ep_len_mean       | 75       |
|    ep_rew_mean       | 3.18     |
| time/                |          |
|    episodes          | 640      |
|    fps               | 1        |
|    time_elapsed      | 29142    |
|    total_timesteps   | 48000    |
| train/               |          |
|    actor_loss        | -3.05    |
|    critic_loss       | 0.00632  |
|    ent_coef          | 0.000929 |
|    ent_coef_loss     | 0.0494   |
|    learning_rate     | 0.0003   |
|    n_updates         | 359970   |
|    noise_critic_loss | 0.0216   |
-----------------------------------
[Step 289200] VLM Score: 4.00, VLM Success: 50.0%, Sim Success: 25.0%
-----------------------------------
| rollout/             |          |
|    ep_len_mean       | 75       |
|    ep_rew_mean       | 3.24     |
| time/                |          |
|    episodes          | 644      |
|    fps               | 1        |
|    time_elapsed      | 29278    |
|    total_timesteps   | 48300    |
| train/               |          |
|    actor_loss        | -2.99    |
|    critic_loss       | 0.00667  |
|    ent_coef          | 0.00088  |
|    ent_coef_loss     | 1.01     |
|    learning_rate     | 0.0003   |
|    n_updates         | 362220   |
|    noise_critic_loss | 0.0243   |
-----------------------------------
[Step 290400] VLM Score: 2.00, VLM Success: 0.0%, Sim Success: 75.0%
-----------------------------------
| rollout/             |          |
|    ep_len_mean       | 75       |
|    ep_rew_mean       | 3.21     |
| time/                |          |
|    episodes          | 648      |
|    fps               | 1        |
|    time_elapsed      | 29417    |
|    total_timesteps   | 48600    |
| train/               |          |
|    actor_loss        | -3.08    |
|    critic_loss       | 0.0057   |
|    ent_coef          | 0.000857 |
|    ent_coef_loss     | 0.896    |
|    learning_rate     | 0.0003   |
|    n_updates         | 364470   |
|    noise_critic_loss | 0.021    |
-----------------------------------
[Step 291600] VLM Score: 2.25, VLM Success: 0.0%, Sim Success: 75.0%
-----------------------------------
| rollout/             |          |
|    ep_len_mean       | 75       |
|    ep_rew_mean       | 3.16     |
| time/                |          |
|    episodes          | 652      |
|    fps               | 1        |
|    time_elapsed      | 29555    |
|    total_timesteps   | 48900    |
| train/               |          |
|    actor_loss        | -3.02    |
|    critic_loss       | 0.00643  |
|    ent_coef          | 0.000903 |
|    ent_coef_loss     | 0.218    |
|    learning_rate     | 0.0003   |
|    n_updates         | 366720   |
|    noise_critic_loss | 0.0215   |
-----------------------------------
[Step 292800] VLM Score: 3.00, VLM Success: 25.0%, Sim Success: 25.0%
-----------------------------------
| rollout/             |          |
|    ep_len_mean       | 75       |
|    ep_rew_mean       | 3.17     |
| time/                |          |
|    episodes          | 656      |
|    fps               | 1        |
|    time_elapsed      | 29692    |
|    total_timesteps   | 49200    |
| train/               |          |
|    actor_loss        | -3.07    |
|    critic_loss       | 0.00593  |
|    ent_coef          | 0.00088  |
|    ent_coef_loss     | 0.0394   |
|    learning_rate     | 0.0003   |
|    n_updates         | 368970   |
|    noise_critic_loss | 0.0206   |
-----------------------------------
[Step 294000] VLM Score: 2.75, VLM Success: 25.0%, Sim Success: 75.0%
-----------------------------------
| rollout/             |          |
|    ep_len_mean       | 75       |
|    ep_rew_mean       | 3.16     |
| time/                |          |
|    episodes          | 660      |
|    fps               | 1        |
|    time_elapsed      | 29829    |
|    total_timesteps   | 49500    |
| train/               |          |
|    actor_loss        | -3.03    |
|    critic_loss       | 0.00596  |
|    ent_coef          | 0.000874 |
|    ent_coef_loss     | -1.1     |
|    learning_rate     | 0.0003   |
|    n_updates         | 371220   |
|    noise_critic_loss | 0.0227   |
-----------------------------------
[Step 295200] VLM Score: 2.75, VLM Success: 25.0%, Sim Success: 75.0%
-----------------------------------
| rollout/             |          |
|    ep_len_mean       | 75       |
|    ep_rew_mean       | 3.16     |
| time/                |          |
|    episodes          | 664      |
|    fps               | 1        |
|    time_elapsed      | 29967    |
|    total_timesteps   | 49800    |
| train/               |          |
|    actor_loss        | -3.06    |
|    critic_loss       | 0.0064   |
|    ent_coef          | 0.000824 |
|    ent_coef_loss     | -0.315   |
|    learning_rate     | 0.0003   |
|    n_updates         | 373470   |
|    noise_critic_loss | 0.0215   |
-----------------------------------
[Step 296400] VLM Score: 3.25, VLM Success: 25.0%, Sim Success: 25.0%
-----------------------------------
| rollout/             |          |
|    ep_len_mean       | 75       |
|    ep_rew_mean       | 3.15     |
| time/                |          |
|    episodes          | 668      |
|    fps               | 1        |
|    time_elapsed      | 30103    |
|    total_timesteps   | 50100    |
| train/               |          |
|    actor_loss        | -3.05    |
|    critic_loss       | 0.00606  |
|    ent_coef          | 0.000861 |
|    ent_coef_loss     | -1.13    |
|    learning_rate     | 0.0003   |
|    n_updates         | 375720   |
|    noise_critic_loss | 0.0202   |
-----------------------------------
[VLM #1950] Task: Pick up the red cube from the table
    Frames: 62, Raw output: .2 seconds><14.2 seconds><15.2 seconds>Task: Pick up the red cube from the table
assistant
ANSWER: 2
    Parsed discrete score: 2/5 → Reward: -0.75
[Step 297600] VLM Score: 3.00, VLM Success: 25.0%, Sim Success: 75.0%
-----------------------------------
| rollout/             |          |
|    ep_len_mean       | 75       |
|    ep_rew_mean       | 3.13     |
| time/                |          |
|    episodes          | 672      |
|    fps               | 1        |
|    time_elapsed      | 30242    |
|    total_timesteps   | 50400    |
| train/               |          |
|    actor_loss        | -3.02    |
|    critic_loss       | 0.00694  |
|    ent_coef          | 0.000869 |
|    ent_coef_loss     | 3.01     |
|    learning_rate     | 0.0003   |
|    n_updates         | 377970   |
|    noise_critic_loss | 0.0213   |
-----------------------------------
[Step 298800] VLM Score: 3.00, VLM Success: 25.0%, Sim Success: 75.0%
-----------------------------------
| rollout/             |          |
|    ep_len_mean       | 75       |
|    ep_rew_mean       | 3.14     |
| time/                |          |
|    episodes          | 676      |
|    fps               | 1        |
|    time_elapsed      | 30379    |
|    total_timesteps   | 50700    |
| train/               |          |
|    actor_loss        | -3.04    |
|    critic_loss       | 0.00654  |
|    ent_coef          | 0.000915 |
|    ent_coef_loss     | -2.13    |
|    learning_rate     | 0.0003   |
|    n_updates         | 380220   |
|    noise_critic_loss | 0.0204   |
-----------------------------------
[Step 300000] VLM Score: 2.50, VLM Success: 25.0%, Sim Success: 25.0%
-----------------------------------
| rollout/             |          |
|    ep_len_mean       | 75       |
|    ep_rew_mean       | 3.11     |
| time/                |          |
|    episodes          | 680      |
|    fps               | 1        |
|    time_elapsed      | 30516    |
|    total_timesteps   | 51000    |
| train/               |          |
|    actor_loss        | -3.03    |
|    critic_loss       | 0.00584  |
|    ent_coef          | 0.00089  |
|    ent_coef_loss     | -0.0706  |
|    learning_rate     | 0.0003   |
|    n_updates         | 382470   |
|    noise_critic_loss | 0.0197   |
-----------------------------------
[Step 301200] VLM Score: 3.75, VLM Success: 50.0%, Sim Success: 0.0%
-----------------------------------
| rollout/             |          |
|    ep_len_mean       | 75       |
|    ep_rew_mean       | 3.14     |
| time/                |          |
|    episodes          | 684      |
|    fps               | 1        |
|    time_elapsed      | 30653    |
|    total_timesteps   | 51300    |
| train/               |          |
|    actor_loss        | -3.03    |
|    critic_loss       | 0.0059   |
|    ent_coef          | 0.000897 |
|    ent_coef_loss     | 0.751    |
|    learning_rate     | 0.0003   |
|    n_updates         | 384720   |
|    noise_critic_loss | 0.019    |
-----------------------------------
[Step 302400] VLM Score: 2.75, VLM Success: 25.0%, Sim Success: 50.0%
-----------------------------------
| rollout/             |          |
|    ep_len_mean       | 75       |
|    ep_rew_mean       | 3.17     |
| time/                |          |
|    episodes          | 688      |
|    fps               | 1        |
|    time_elapsed      | 30790    |
|    total_timesteps   | 51600    |
| train/               |          |
|    actor_loss        | -3.06    |
|    critic_loss       | 0.00667  |
|    ent_coef          | 0.000901 |
|    ent_coef_loss     | 0.569    |
|    learning_rate     | 0.0003   |
|    n_updates         | 386970   |
|    noise_critic_loss | 0.0191   |
-----------------------------------
[Step 303600] VLM Score: 3.75, VLM Success: 50.0%, Sim Success: 25.0%
-----------------------------------
| rollout/             |          |
|    ep_len_mean       | 75       |
|    ep_rew_mean       | 3.19     |
| time/                |          |
|    episodes          | 692      |
|    fps               | 1        |
|    time_elapsed      | 30927    |
|    total_timesteps   | 51900    |
| train/               |          |
|    actor_loss        | -3.05    |
|    critic_loss       | 0.00626  |
|    ent_coef          | 0.000867 |
|    ent_coef_loss     | -1.37    |
|    learning_rate     | 0.0003   |
|    n_updates         | 389220   |
|    noise_critic_loss | 0.0197   |
-----------------------------------
[Step 304800] VLM Score: 3.75, VLM Success: 50.0%, Sim Success: 25.0%
-----------------------------------
| rollout/             |          |
|    ep_len_mean       | 75       |
|    ep_rew_mean       | 3.19     |
| time/                |          |
|    episodes          | 696      |
|    fps               | 1        |
|    time_elapsed      | 31063    |
|    total_timesteps   | 52200    |
| train/               |          |
|    actor_loss        | -3.05    |
|    critic_loss       | 0.00595  |
|    ent_coef          | 0.00088  |
|    ent_coef_loss     | -0.917   |
|    learning_rate     | 0.0003   |
|    n_updates         | 391470   |
|    noise_critic_loss | 0.0199   |
-----------------------------------
[Step 306000] VLM Score: 4.25, VLM Success: 75.0%, Sim Success: 75.0%
-----------------------------------
| rollout/             |          |
|    ep_len_mean       | 75       |
|    ep_rew_mean       | 3.2      |
| time/                |          |
|    episodes          | 700      |
|    fps               | 1        |
|    time_elapsed      | 31200    |
|    total_timesteps   | 52500    |
| train/               |          |
|    actor_loss        | -3.04    |
|    critic_loss       | 0.00608  |
|    ent_coef          | 0.000893 |
|    ent_coef_loss     | 1.22     |
|    learning_rate     | 0.0003   |
|    n_updates         | 393720   |
|    noise_critic_loss | 0.0212   |
-----------------------------------
[Step 307200] VLM Score: 4.25, VLM Success: 75.0%, Sim Success: 75.0%
-----------------------------------
| rollout/             |          |
|    ep_len_mean       | 75       |
|    ep_rew_mean       | 3.25     |
| time/                |          |
|    episodes          | 704      |
|    fps               | 1        |
|    time_elapsed      | 31337    |
|    total_timesteps   | 52800    |
| train/               |          |
|    actor_loss        | -3.05    |
|    critic_loss       | 0.00596  |
|    ent_coef          | 0.000868 |
|    ent_coef_loss     | 0.862    |
|    learning_rate     | 0.0003   |
|    n_updates         | 395970   |
|    noise_critic_loss | 0.0183   |
-----------------------------------
[Step 308400] VLM Score: 2.75, VLM Success: 25.0%, Sim Success: 75.0%
-----------------------------------
| rollout/             |          |
|    ep_len_mean       | 75       |
|    ep_rew_mean       | 3.22     |
| time/                |          |
|    episodes          | 708      |
|    fps               | 1        |
|    time_elapsed      | 31475    |
|    total_timesteps   | 53100    |
| train/               |          |
|    actor_loss        | -3.04    |
|    critic_loss       | 0.00586  |
|    ent_coef          | 0.000867 |
|    ent_coef_loss     | -3.06    |
|    learning_rate     | 0.0003   |
|    n_updates         | 398220   |
|    noise_critic_loss | 0.0186   |
-----------------------------------
[Step 309600] VLM Score: 4.75, VLM Success: 100.0%, Sim Success: 75.0%
-----------------------------------
| rollout/             |          |
|    ep_len_mean       | 75       |
|    ep_rew_mean       | 3.26     |
| time/                |          |
|    episodes          | 712      |
|    fps               | 1        |
|    time_elapsed      | 31612    |
|    total_timesteps   | 53400    |
| train/               |          |
|    actor_loss        | -3       |
|    critic_loss       | 0.00599  |
|    ent_coef          | 0.000902 |
|    ent_coef_loss     | 1.06     |
|    learning_rate     | 0.0003   |
|    n_updates         | 400470   |
|    noise_critic_loss | 0.0207   |
-----------------------------------
[Step 310800] VLM Score: 2.25, VLM Success: 0.0%, Sim Success: 75.0%
-----------------------------------
| rollout/             |          |
|    ep_len_mean       | 75       |
|    ep_rew_mean       | 3.19     |
| time/                |          |
|    episodes          | 716      |
|    fps               | 1        |
|    time_elapsed      | 31750    |
|    total_timesteps   | 53700    |
| train/               |          |
|    actor_loss        | -3.03    |
|    critic_loss       | 0.00619  |
|    ent_coef          | 0.000885 |
|    ent_coef_loss     | 0.504    |
|    learning_rate     | 0.0003   |
|    n_updates         | 402720   |
|    noise_critic_loss | 0.0197   |
-----------------------------------
[VLM #2000] Task: Pick up the red cube from the table
    Frames: 62, Raw output: .2 seconds><14.2 seconds><15.2 seconds>Task: Pick up the red cube from the table
assistant
ANSWER: 4
    Parsed discrete score: 4/5 → Reward: -0.25
[Step 312000] VLM Score: 4.00, VLM Success: 75.0%, Sim Success: 100.0%
-----------------------------------
| rollout/             |          |
|    ep_len_mean       | 75       |
|    ep_rew_mean       | 3.21     |
| time/                |          |
|    episodes          | 720      |
|    fps               | 1        |
|    time_elapsed      | 31888    |
|    total_timesteps   | 54000    |
| train/               |          |
|    actor_loss        | -3.03    |
|    critic_loss       | 0.00659  |
|    ent_coef          | 0.000879 |
|    ent_coef_loss     | -0.3     |
|    learning_rate     | 0.0003   |
|    n_updates         | 404970   |
|    noise_critic_loss | 0.0204   |
-----------------------------------
[Step 313200] VLM Score: 2.50, VLM Success: 0.0%, Sim Success: 25.0%
-----------------------------------
| rollout/             |          |
|    ep_len_mean       | 75       |
|    ep_rew_mean       | 3.18     |
| time/                |          |
|    episodes          | 724      |
|    fps               | 1        |
|    time_elapsed      | 32026    |
|    total_timesteps   | 54300    |
| train/               |          |
|    actor_loss        | -3.01    |
|    critic_loss       | 0.00659  |
|    ent_coef          | 0.000891 |
|    ent_coef_loss     | 0.773    |
|    learning_rate     | 0.0003   |
|    n_updates         | 407220   |
|    noise_critic_loss | 0.0202   |
-----------------------------------
[Step 314400] VLM Score: 3.25, VLM Success: 25.0%, Sim Success: 50.0%
-----------------------------------
| rollout/             |          |
|    ep_len_mean       | 75       |
|    ep_rew_mean       | 3.22     |
| time/                |          |
|    episodes          | 728      |
|    fps               | 1        |
|    time_elapsed      | 32165    |
|    total_timesteps   | 54600    |
| train/               |          |
|    actor_loss        | -2.97    |
|    critic_loss       | 0.00729  |
|    ent_coef          | 0.000893 |
|    ent_coef_loss     | -1.44    |
|    learning_rate     | 0.0003   |
|    n_updates         | 409470   |
|    noise_critic_loss | 0.0245   |
-----------------------------------
[Step 315600] VLM Score: 3.50, VLM Success: 50.0%, Sim Success: 100.0%
-----------------------------------
| rollout/             |          |
|    ep_len_mean       | 75       |
|    ep_rew_mean       | 3.26     |
| time/                |          |
|    episodes          | 732      |
|    fps               | 1        |
|    time_elapsed      | 32303    |
|    total_timesteps   | 54900    |
| train/               |          |
|    actor_loss        | -3       |
|    critic_loss       | 0.00659  |
|    ent_coef          | 0.000889 |
|    ent_coef_loss     | 1.61     |
|    learning_rate     | 0.0003   |
|    n_updates         | 411720   |
|    noise_critic_loss | 0.0211   |
-----------------------------------
[Step 316800] VLM Score: 3.25, VLM Success: 50.0%, Sim Success: 25.0%
-----------------------------------
| rollout/             |          |
|    ep_len_mean       | 75       |
|    ep_rew_mean       | 3.22     |
| time/                |          |
|    episodes          | 736      |
|    fps               | 1        |
|    time_elapsed      | 32441    |
|    total_timesteps   | 55200    |
| train/               |          |
|    actor_loss        | -3.04    |
|    critic_loss       | 0.00619  |
|    ent_coef          | 0.000872 |
|    ent_coef_loss     | -0.789   |
|    learning_rate     | 0.0003   |
|    n_updates         | 413970   |
|    noise_critic_loss | 0.0195   |
-----------------------------------
[Step 318000] VLM Score: 3.50, VLM Success: 50.0%, Sim Success: 75.0%
-----------------------------------
| rollout/             |          |
|    ep_len_mean       | 75       |
|    ep_rew_mean       | 3.23     |
| time/                |          |
|    episodes          | 740      |
|    fps               | 1        |
|    time_elapsed      | 32579    |
|    total_timesteps   | 55500    |
| train/               |          |
|    actor_loss        | -3.01    |
|    critic_loss       | 0.00572  |
|    ent_coef          | 0.000887 |
|    ent_coef_loss     | -0.413   |
|    learning_rate     | 0.0003   |
|    n_updates         | 416220   |
|    noise_critic_loss | 0.0199   |
-----------------------------------
[Step 319200] VLM Score: 2.50, VLM Success: 25.0%, Sim Success: 25.0%
-----------------------------------
| rollout/             |          |
|    ep_len_mean       | 75       |
|    ep_rew_mean       | 3.17     |
| time/                |          |
|    episodes          | 744      |
|    fps               | 1        |
|    time_elapsed      | 32715    |
|    total_timesteps   | 55800    |
| train/               |          |
|    actor_loss        | -2.99    |
|    critic_loss       | 0.00652  |
|    ent_coef          | 0.000852 |
|    ent_coef_loss     | -1.39    |
|    learning_rate     | 0.0003   |
|    n_updates         | 418470   |
|    noise_critic_loss | 0.0211   |
-----------------------------------
[Step 320400] VLM Score: 2.75, VLM Success: 25.0%, Sim Success: 75.0%
-----------------------------------
| rollout/             |          |
|    ep_len_mean       | 75       |
|    ep_rew_mean       | 3.2      |
| time/                |          |
|    episodes          | 748      |
|    fps               | 1        |
|    time_elapsed      | 32852    |
|    total_timesteps   | 56100    |
| train/               |          |
|    actor_loss        | -3.03    |
|    critic_loss       | 0.00542  |
|    ent_coef          | 0.000899 |
|    ent_coef_loss     | 0.08     |
|    learning_rate     | 0.0003   |
|    n_updates         | 420720   |
|    noise_critic_loss | 0.018    |
-----------------------------------
[Step 321600] VLM Score: 3.25, VLM Success: 50.0%, Sim Success: 100.0%
-----------------------------------
| rollout/             |          |
|    ep_len_mean       | 75       |
|    ep_rew_mean       | 3.24     |
| time/                |          |
|    episodes          | 752      |
|    fps               | 1        |
|    time_elapsed      | 32989    |
|    total_timesteps   | 56400    |
| train/               |          |
|    actor_loss        | -3       |
|    critic_loss       | 0.00586  |
|    ent_coef          | 0.000893 |
|    ent_coef_loss     | -2.03    |
|    learning_rate     | 0.0003   |
|    n_updates         | 422970   |
|    noise_critic_loss | 0.0204   |
-----------------------------------
[Step 322800] VLM Score: 3.00, VLM Success: 25.0%, Sim Success: 75.0%
-----------------------------------
| rollout/             |          |
|    ep_len_mean       | 75       |
|    ep_rew_mean       | 3.24     |
| time/                |          |
|    episodes          | 756      |
|    fps               | 1        |
|    time_elapsed      | 33127    |
|    total_timesteps   | 56700    |
| train/               |          |
|    actor_loss        | -3.04    |
|    critic_loss       | 0.00553  |
|    ent_coef          | 0.000874 |
|    ent_coef_loss     | 4.15     |
|    learning_rate     | 0.0003   |
|    n_updates         | 425220   |
|    noise_critic_loss | 0.0198   |
-----------------------------------
[Step 324000] VLM Score: 3.50, VLM Success: 50.0%, Sim Success: 75.0%
-----------------------------------
| rollout/             |          |
|    ep_len_mean       | 75       |
|    ep_rew_mean       | 3.27     |
| time/                |          |
|    episodes          | 760      |
|    fps               | 1        |
|    time_elapsed      | 33265    |
|    total_timesteps   | 57000    |
| train/               |          |
|    actor_loss        | -3       |
|    critic_loss       | 0.00567  |
|    ent_coef          | 0.000884 |
|    ent_coef_loss     | 2.25     |
|    learning_rate     | 0.0003   |
|    n_updates         | 427470   |
|    noise_critic_loss | 0.0186   |
-----------------------------------
[Step 325200] VLM Score: 3.00, VLM Success: 25.0%, Sim Success: 25.0%
-----------------------------------
| rollout/             |          |
|    ep_len_mean       | 75       |
|    ep_rew_mean       | 3.28     |
| time/                |          |
|    episodes          | 764      |
|    fps               | 1        |
|    time_elapsed      | 33402    |
|    total_timesteps   | 57300    |
| train/               |          |
|    actor_loss        | -3       |
|    critic_loss       | 0.00612  |
|    ent_coef          | 0.000912 |
|    ent_coef_loss     | -0.35    |
|    learning_rate     | 0.0003   |
|    n_updates         | 429720   |
|    noise_critic_loss | 0.022    |
-----------------------------------
[Step 326400] VLM Score: 3.00, VLM Success: 25.0%, Sim Success: 75.0%
-----------------------------------
| rollout/             |          |
|    ep_len_mean       | 75       |
|    ep_rew_mean       | 3.27     |
| time/                |          |
|    episodes          | 768      |
|    fps               | 1        |
|    time_elapsed      | 33539    |
|    total_timesteps   | 57600    |
| train/               |          |
|    actor_loss        | -2.97    |
|    critic_loss       | 0.00559  |
|    ent_coef          | 0.000915 |
|    ent_coef_loss     | 0.175    |
|    learning_rate     | 0.0003   |
|    n_updates         | 431970   |
|    noise_critic_loss | 0.0184   |
-----------------------------------
[VLM #2050] Task: Pick up the red cube from the table
    Frames: 62, Raw output: .2 seconds><14.2 seconds><15.2 seconds>Task: Pick up the red cube from the table
assistant
ANSWER: 1
    Parsed discrete score: 1/5 → Reward: -1.00
[Step 327600] VLM Score: 2.50, VLM Success: 25.0%, Sim Success: 50.0%
-----------------------------------
| rollout/             |          |
|    ep_len_mean       | 75       |
|    ep_rew_mean       | 3.25     |
| time/                |          |
|    episodes          | 772      |
|    fps               | 1        |
|    time_elapsed      | 33689    |
|    total_timesteps   | 57900    |
| train/               |          |
|    actor_loss        | -2.99    |
|    critic_loss       | 0.00589  |
|    ent_coef          | 0.000886 |
|    ent_coef_loss     | 0.241    |
|    learning_rate     | 0.0003   |
|    n_updates         | 434220   |
|    noise_critic_loss | 0.019    |
-----------------------------------
[Step 328800] VLM Score: 3.50, VLM Success: 50.0%, Sim Success: 50.0%
-----------------------------------
| rollout/             |          |
|    ep_len_mean       | 75       |
|    ep_rew_mean       | 3.27     |
| time/                |          |
|    episodes          | 776      |
|    fps               | 1        |
|    time_elapsed      | 33825    |
|    total_timesteps   | 58200    |
| train/               |          |
|    actor_loss        | -2.98    |
|    critic_loss       | 0.00628  |
|    ent_coef          | 0.000903 |
|    ent_coef_loss     | 0.809    |
|    learning_rate     | 0.0003   |
|    n_updates         | 436470   |
|    noise_critic_loss | 0.0219   |
-----------------------------------
[Step 330000] VLM Score: 3.50, VLM Success: 50.0%, Sim Success: 75.0%
-----------------------------------
| rollout/             |          |
|    ep_len_mean       | 75       |
|    ep_rew_mean       | 3.31     |
| time/                |          |
|    episodes          | 780      |
|    fps               | 1        |
|    time_elapsed      | 33963    |
|    total_timesteps   | 58500    |
| train/               |          |
|    actor_loss        | -3       |
|    critic_loss       | 0.00601  |
|    ent_coef          | 0.00093  |
|    ent_coef_loss     | -1.16    |
|    learning_rate     | 0.0003   |
|    n_updates         | 438720   |
|    noise_critic_loss | 0.0187   |
-----------------------------------
[Step 331200] VLM Score: 3.00, VLM Success: 25.0%, Sim Success: 50.0%
-----------------------------------
| rollout/             |          |
|    ep_len_mean       | 75       |
|    ep_rew_mean       | 3.28     |
| time/                |          |
|    episodes          | 784      |
|    fps               | 1        |
|    time_elapsed      | 34101    |
|    total_timesteps   | 58800    |
| train/               |          |
|    actor_loss        | -2.99    |
|    critic_loss       | 0.00585  |
|    ent_coef          | 0.000919 |
|    ent_coef_loss     | -1.22    |
|    learning_rate     | 0.0003   |
|    n_updates         | 440970   |
|    noise_critic_loss | 0.0187   |
-----------------------------------
[Step 332400] VLM Score: 3.50, VLM Success: 50.0%, Sim Success: 50.0%
-----------------------------------
| rollout/             |          |
|    ep_len_mean       | 75       |
|    ep_rew_mean       | 3.31     |
| time/                |          |
|    episodes          | 788      |
|    fps               | 1        |
|    time_elapsed      | 34237    |
|    total_timesteps   | 59100    |
| train/               |          |
|    actor_loss        | -2.98    |
|    critic_loss       | 0.00591  |
|    ent_coef          | 0.000923 |
|    ent_coef_loss     | -1.79    |
|    learning_rate     | 0.0003   |
|    n_updates         | 443220   |
|    noise_critic_loss | 0.019    |
-----------------------------------
[Step 333600] VLM Score: 2.50, VLM Success: 25.0%, Sim Success: 50.0%
-----------------------------------
| rollout/             |          |
|    ep_len_mean       | 75       |
|    ep_rew_mean       | 3.26     |
| time/                |          |
|    episodes          | 792      |
|    fps               | 1        |
|    time_elapsed      | 34374    |
|    total_timesteps   | 59400    |
| train/               |          |
|    actor_loss        | -2.95    |
|    critic_loss       | 0.0059   |
|    ent_coef          | 0.000891 |
|    ent_coef_loss     | 1.44     |
|    learning_rate     | 0.0003   |
|    n_updates         | 445470   |
|    noise_critic_loss | 0.0189   |
-----------------------------------
[Step 334800] VLM Score: 3.00, VLM Success: 25.0%, Sim Success: 75.0%
-----------------------------------
| rollout/             |          |
|    ep_len_mean       | 75       |
|    ep_rew_mean       | 3.23     |
| time/                |          |
|    episodes          | 796      |
|    fps               | 1        |
|    time_elapsed      | 34512    |
|    total_timesteps   | 59700    |
| train/               |          |
|    actor_loss        | -2.98    |
|    critic_loss       | 0.00588  |
|    ent_coef          | 0.0009   |
|    ent_coef_loss     | 1.4      |
|    learning_rate     | 0.0003   |
|    n_updates         | 447720   |
|    noise_critic_loss | 0.0203   |
-----------------------------------
[Step 336000] VLM Score: 3.00, VLM Success: 50.0%, Sim Success: 50.0%
Eval episode 0 at timestep 336000
Eval episode 1 at timestep 336000
Eval episode 2 at timestep 336000
Eval episode 3 at timestep 336000
Eval episode 4 at timestep 336000
Eval episode 5 at timestep 336000
Eval episode 6 at timestep 336000
Eval episode 7 at timestep 336000
Eval episode 8 at timestep 336000
Eval episode 9 at timestep 336000
Eval episode 10 at timestep 336000
Eval episode 11 at timestep 336000
Eval episode 12 at timestep 336000
Eval episode 13 at timestep 336000
Eval episode 14 at timestep 336000
Eval episode 15 at timestep 336000
Eval episode 16 at timestep 336000
Eval episode 17 at timestep 336000
Eval episode 18 at timestep 336000
Eval episode 19 at timestep 336000
Eval episode 20 at timestep 336000
Eval episode 21 at timestep 336000
Eval episode 22 at timestep 336000
Eval episode 23 at timestep 336000
Eval episode 24 at timestep 336000
Eval episode 25 at timestep 336000
Eval episode 26 at timestep 336000
Eval episode 27 at timestep 336000
Eval episode 28 at timestep 336000
Eval episode 29 at timestep 336000
Eval episode 30 at timestep 336000
Eval episode 31 at timestep 336000
Eval episode 32 at timestep 336000
Eval episode 33 at timestep 336000
Eval episode 34 at timestep 336000
Eval episode 35 at timestep 336000
Eval episode 36 at timestep 336000
Eval episode 37 at timestep 336000
Eval episode 38 at timestep 336000
Eval episode 39 at timestep 336000
Eval episode 40 at timestep 336000
Eval episode 41 at timestep 336000
Eval episode 42 at timestep 336000
Eval episode 43 at timestep 336000
Eval episode 44 at timestep 336000
Eval episode 45 at timestep 336000
Eval episode 46 at timestep 336000
Eval episode 47 at timestep 336000
Eval episode 48 at timestep 336000
Eval episode 49 at timestep 336000
-----------------------------------
| rollout/             |          |
|    ep_len_mean       | 75       |
|    ep_rew_mean       | 3.18     |
| time/                |          |
|    episodes          | 800      |
|    fps               | 1        |
|    time_elapsed      | 36453    |
|    total_timesteps   | 60000    |
| train/               |          |
|    actor_loss        | -2.97    |
|    critic_loss       | 0.00606  |
|    ent_coef          | 0.000893 |
|    ent_coef_loss     | -1.69    |
|    learning_rate     | 0.0003   |
|    n_updates         | 449970   |
|    noise_critic_loss | 0.0197   |
-----------------------------------
[Step 337200] VLM Score: 3.75, VLM Success: 50.0%, Sim Success: 50.0%
-----------------------------------
| rollout/             |          |
|    ep_len_mean       | 75       |
|    ep_rew_mean       | 3.16     |
| time/                |          |
|    episodes          | 804      |
|    fps               | 1        |
|    time_elapsed      | 36590    |
|    total_timesteps   | 60300    |
| train/               |          |
|    actor_loss        | -2.98    |
|    critic_loss       | 0.00643  |
|    ent_coef          | 0.000913 |
|    ent_coef_loss     | -0.672   |
|    learning_rate     | 0.0003   |
|    n_updates         | 452220   |
|    noise_critic_loss | 0.02     |
-----------------------------------
[Step 338400] VLM Score: 4.75, VLM Success: 100.0%, Sim Success: 50.0%
-----------------------------------
| rollout/             |          |
|    ep_len_mean       | 75       |
|    ep_rew_mean       | 3.24     |
| time/                |          |
|    episodes          | 808      |
|    fps               | 1        |
|    time_elapsed      | 36727    |
|    total_timesteps   | 60600    |
| train/               |          |
|    actor_loss        | -2.95    |
|    critic_loss       | 0.0058   |
|    ent_coef          | 0.000908 |
|    ent_coef_loss     | 1.63     |
|    learning_rate     | 0.0003   |
|    n_updates         | 454470   |
|    noise_critic_loss | 0.0189   |
-----------------------------------
[Step 339600] VLM Score: 3.50, VLM Success: 50.0%, Sim Success: 50.0%
-----------------------------------
| rollout/             |          |
|    ep_len_mean       | 75       |
|    ep_rew_mean       | 3.19     |
| time/                |          |
|    episodes          | 812      |
|    fps               | 1        |
|    time_elapsed      | 36864    |
|    total_timesteps   | 60900    |
| train/               |          |
|    actor_loss        | -2.91    |
|    critic_loss       | 0.00665  |
|    ent_coef          | 0.000887 |
|    ent_coef_loss     | 1.42     |
|    learning_rate     | 0.0003   |
|    n_updates         | 456720   |
|    noise_critic_loss | 0.021    |
-----------------------------------
[Step 340800] VLM Score: 3.75, VLM Success: 50.0%, Sim Success: 75.0%
-----------------------------------
| rollout/             |          |
|    ep_len_mean       | 75       |
|    ep_rew_mean       | 3.25     |
| time/                |          |
|    episodes          | 816      |
|    fps               | 1        |
|    time_elapsed      | 37000    |
|    total_timesteps   | 61200    |
| train/               |          |
|    actor_loss        | -2.98    |
|    critic_loss       | 0.00648  |
|    ent_coef          | 0.000893 |
|    ent_coef_loss     | -1.21    |
|    learning_rate     | 0.0003   |
|    n_updates         | 458970   |
|    noise_critic_loss | 0.0218   |
-----------------------------------
[VLM #2100] Task: Pick up the red cube from the table
    Frames: 62, Raw output: .2 seconds><14.2 seconds><15.2 seconds>Task: Pick up the red cube from the table
assistant
ANSWER: 2
    Parsed discrete score: 2/5 → Reward: -0.75
[Step 342000] VLM Score: 3.25, VLM Success: 25.0%, Sim Success: 25.0%
-----------------------------------
| rollout/             |          |
|    ep_len_mean       | 75       |
|    ep_rew_mean       | 3.22     |
| time/                |          |
|    episodes          | 820      |
|    fps               | 1        |
|    time_elapsed      | 37136    |
|    total_timesteps   | 61500    |
| train/               |          |
|    actor_loss        | -2.95    |
|    critic_loss       | 0.0058   |
|    ent_coef          | 0.00091  |
|    ent_coef_loss     | -1.95    |
|    learning_rate     | 0.0003   |
|    n_updates         | 461220   |
|    noise_critic_loss | 0.0191   |
-----------------------------------
[Step 343200] VLM Score: 3.00, VLM Success: 25.0%, Sim Success: 25.0%
-----------------------------------
| rollout/             |          |
|    ep_len_mean       | 75       |
|    ep_rew_mean       | 3.24     |
| time/                |          |
|    episodes          | 824      |
|    fps               | 1        |
|    time_elapsed      | 37273    |
|    total_timesteps   | 61800    |
| train/               |          |
|    actor_loss        | -2.94    |
|    critic_loss       | 0.00728  |
|    ent_coef          | 0.000922 |
|    ent_coef_loss     | 0.0504   |
|    learning_rate     | 0.0003   |
|    n_updates         | 463470   |
|    noise_critic_loss | 0.0207   |
-----------------------------------
[Step 344400] VLM Score: 4.00, VLM Success: 75.0%, Sim Success: 25.0%
-----------------------------------
| rollout/             |          |
|    ep_len_mean       | 75       |
|    ep_rew_mean       | 3.27     |
| time/                |          |
|    episodes          | 828      |
|    fps               | 1        |
|    time_elapsed      | 37410    |
|    total_timesteps   | 62100    |
| train/               |          |
|    actor_loss        | -3       |
|    critic_loss       | 0.00582  |
|    ent_coef          | 0.000913 |
|    ent_coef_loss     | -1.09    |
|    learning_rate     | 0.0003   |
|    n_updates         | 465720   |
|    noise_critic_loss | 0.0216   |
-----------------------------------
[Step 345600] VLM Score: 3.75, VLM Success: 75.0%, Sim Success: 25.0%
-----------------------------------
| rollout/             |          |
|    ep_len_mean       | 75       |
|    ep_rew_mean       | 3.28     |
| time/                |          |
|    episodes          | 832      |
|    fps               | 1        |
|    time_elapsed      | 37547    |
|    total_timesteps   | 62400    |
| train/               |          |
|    actor_loss        | -2.94    |
|    critic_loss       | 0.00606  |
|    ent_coef          | 0.000923 |
|    ent_coef_loss     | 1.34     |
|    learning_rate     | 0.0003   |
|    n_updates         | 467970   |
|    noise_critic_loss | 0.0186   |
-----------------------------------
[Step 346800] VLM Score: 3.25, VLM Success: 50.0%, Sim Success: 25.0%
-----------------------------------
| rollout/             |          |
|    ep_len_mean       | 75       |
|    ep_rew_mean       | 3.28     |
| time/                |          |
|    episodes          | 836      |
|    fps               | 1        |
|    time_elapsed      | 37683    |
|    total_timesteps   | 62700    |
| train/               |          |
|    actor_loss        | -3.01    |
|    critic_loss       | 0.00666  |
|    ent_coef          | 0.000919 |
|    ent_coef_loss     | 2.36     |
|    learning_rate     | 0.0003   |
|    n_updates         | 470220   |
|    noise_critic_loss | 0.022    |
-----------------------------------
[Step 348000] VLM Score: 4.25, VLM Success: 100.0%, Sim Success: 75.0%
-----------------------------------
| rollout/             |          |
|    ep_len_mean       | 75       |
|    ep_rew_mean       | 3.31     |
| time/                |          |
|    episodes          | 840      |
|    fps               | 1        |
|    time_elapsed      | 37819    |
|    total_timesteps   | 63000    |
| train/               |          |
|    actor_loss        | -3       |
|    critic_loss       | 0.00579  |
|    ent_coef          | 0.000929 |
|    ent_coef_loss     | -2.06    |
|    learning_rate     | 0.0003   |
|    n_updates         | 472470   |
|    noise_critic_loss | 0.0191   |
-----------------------------------
[Step 349200] VLM Score: 5.00, VLM Success: 100.0%, Sim Success: 75.0%
-----------------------------------
| rollout/             |          |
|    ep_len_mean       | 75       |
|    ep_rew_mean       | 3.41     |
| time/                |          |
|    episodes          | 844      |
|    fps               | 1        |
|    time_elapsed      | 37956    |
|    total_timesteps   | 63300    |
| train/               |          |
|    actor_loss        | -2.99    |
|    critic_loss       | 0.00611  |
|    ent_coef          | 0.000909 |
|    ent_coef_loss     | 1.27     |
|    learning_rate     | 0.0003   |
|    n_updates         | 474720   |
|    noise_critic_loss | 0.0198   |
-----------------------------------
[Step 350400] VLM Score: 3.00, VLM Success: 25.0%, Sim Success: 50.0%
-----------------------------------
| rollout/             |          |
|    ep_len_mean       | 75       |
|    ep_rew_mean       | 3.42     |
| time/                |          |
|    episodes          | 848      |
|    fps               | 1        |
|    time_elapsed      | 38094    |
|    total_timesteps   | 63600    |
| train/               |          |
|    actor_loss        | -2.98    |
|    critic_loss       | 0.0052   |
|    ent_coef          | 0.000898 |
|    ent_coef_loss     | 1.35     |
|    learning_rate     | 0.0003   |
|    n_updates         | 476970   |
|    noise_critic_loss | 0.0178   |
-----------------------------------
[Step 351600] VLM Score: 3.75, VLM Success: 50.0%, Sim Success: 50.0%
-----------------------------------
| rollout/             |          |
|    ep_len_mean       | 75       |
|    ep_rew_mean       | 3.44     |
| time/                |          |
|    episodes          | 852      |
|    fps               | 1        |
|    time_elapsed      | 38231    |
|    total_timesteps   | 63900    |
| train/               |          |
|    actor_loss        | -2.96    |
|    critic_loss       | 0.00601  |
|    ent_coef          | 0.00089  |
|    ent_coef_loss     | -0.513   |
|    learning_rate     | 0.0003   |
|    n_updates         | 479220   |
|    noise_critic_loss | 0.0189   |
-----------------------------------
[Step 352800] VLM Score: 2.75, VLM Success: 25.0%, Sim Success: 0.0%
-----------------------------------
| rollout/             |          |
|    ep_len_mean       | 75       |
|    ep_rew_mean       | 3.43     |
| time/                |          |
|    episodes          | 856      |
|    fps               | 1        |
|    time_elapsed      | 38367    |
|    total_timesteps   | 64200    |
| train/               |          |
|    actor_loss        | -2.97    |
|    critic_loss       | 0.00627  |
|    ent_coef          | 0.000892 |
|    ent_coef_loss     | 1.6      |
|    learning_rate     | 0.0003   |
|    n_updates         | 481470   |
|    noise_critic_loss | 0.018    |
-----------------------------------
[Step 354000] VLM Score: 2.75, VLM Success: 25.0%, Sim Success: 25.0%
-----------------------------------
| rollout/             |          |
|    ep_len_mean       | 75       |
|    ep_rew_mean       | 3.4      |
| time/                |          |
|    episodes          | 860      |
|    fps               | 1        |
|    time_elapsed      | 38504    |
|    total_timesteps   | 64500    |
| train/               |          |
|    actor_loss        | -2.98    |
|    critic_loss       | 0.00631  |
|    ent_coef          | 0.000885 |
|    ent_coef_loss     | 0.11     |
|    learning_rate     | 0.0003   |
|    n_updates         | 483720   |
|    noise_critic_loss | 0.0198   |
-----------------------------------
[Step 355200] VLM Score: 2.75, VLM Success: 25.0%, Sim Success: 75.0%
-----------------------------------
| rollout/             |          |
|    ep_len_mean       | 75       |
|    ep_rew_mean       | 3.39     |
| time/                |          |
|    episodes          | 864      |
|    fps               | 1        |
|    time_elapsed      | 38642    |
|    total_timesteps   | 64800    |
| train/               |          |
|    actor_loss        | -2.95    |
|    critic_loss       | 0.00558  |
|    ent_coef          | 0.000907 |
|    ent_coef_loss     | -1.07    |
|    learning_rate     | 0.0003   |
|    n_updates         | 485970   |
|    noise_critic_loss | 0.0186   |
-----------------------------------
[Step 356400] VLM Score: 2.00, VLM Success: 0.0%, Sim Success: 75.0%
-----------------------------------
| rollout/             |          |
|    ep_len_mean       | 75       |
|    ep_rew_mean       | 3.35     |
| time/                |          |
|    episodes          | 868      |
|    fps               | 1        |
|    time_elapsed      | 38779    |
|    total_timesteps   | 65100    |
| train/               |          |
|    actor_loss        | -2.97    |
|    critic_loss       | 0.00581  |
|    ent_coef          | 0.000915 |
|    ent_coef_loss     | -2.21    |
|    learning_rate     | 0.0003   |
|    n_updates         | 488220   |
|    noise_critic_loss | 0.0177   |
-----------------------------------
[VLM #2150] Task: Pick up the red cube from the table
    Frames: 62, Raw output: .2 seconds><14.2 seconds><15.2 seconds>Task: Pick up the red cube from the table
assistant
ANSWER: 2
    Parsed discrete score: 2/5 → Reward: -0.75
[Step 357600] VLM Score: 2.75, VLM Success: 25.0%, Sim Success: 50.0%
-----------------------------------
| rollout/             |          |
|    ep_len_mean       | 75       |
|    ep_rew_mean       | 3.36     |
| time/                |          |
|    episodes          | 872      |
|    fps               | 1        |
|    time_elapsed      | 38916    |
|    total_timesteps   | 65400    |
| train/               |          |
|    actor_loss        | -2.98    |
|    critic_loss       | 0.00542  |
|    ent_coef          | 0.000898 |
|    ent_coef_loss     | 0.0831   |
|    learning_rate     | 0.0003   |
|    n_updates         | 490470   |
|    noise_critic_loss | 0.0189   |
-----------------------------------
[Step 358800] VLM Score: 3.25, VLM Success: 50.0%, Sim Success: 50.0%
-----------------------------------
| rollout/             |          |
|    ep_len_mean       | 75       |
|    ep_rew_mean       | 3.35     |
| time/                |          |
|    episodes          | 876      |
|    fps               | 1        |
|    time_elapsed      | 39054    |
|    total_timesteps   | 65700    |
| train/               |          |
|    actor_loss        | -2.97    |
|    critic_loss       | 0.00687  |
|    ent_coef          | 0.000909 |
|    ent_coef_loss     | 1.59     |
|    learning_rate     | 0.0003   |
|    n_updates         | 492720   |
|    noise_critic_loss | 0.0202   |
-----------------------------------
[Step 360000] VLM Score: 2.50, VLM Success: 25.0%, Sim Success: 75.0%
-----------------------------------
| rollout/             |          |
|    ep_len_mean       | 75       |
|    ep_rew_mean       | 3.31     |
| time/                |          |
|    episodes          | 880      |
|    fps               | 1        |
|    time_elapsed      | 39192    |
|    total_timesteps   | 66000    |
| train/               |          |
|    actor_loss        | -2.93    |
|    critic_loss       | 0.00605  |
|    ent_coef          | 0.000901 |
|    ent_coef_loss     | -0.41    |
|    learning_rate     | 0.0003   |
|    n_updates         | 494970   |
|    noise_critic_loss | 0.0188   |
-----------------------------------
[Step 361200] VLM Score: 3.00, VLM Success: 25.0%, Sim Success: 50.0%
-----------------------------------
| rollout/             |          |
|    ep_len_mean       | 75       |
|    ep_rew_mean       | 3.31     |
| time/                |          |
|    episodes          | 884      |
|    fps               | 1        |
|    time_elapsed      | 39329    |
|    total_timesteps   | 66300    |
| train/               |          |
|    actor_loss        | -3       |
|    critic_loss       | 0.00586  |
|    ent_coef          | 0.000899 |
|    ent_coef_loss     | -2.63    |
|    learning_rate     | 0.0003   |
|    n_updates         | 497220   |
|    noise_critic_loss | 0.0196   |
-----------------------------------
[Step 362400] VLM Score: 2.25, VLM Success: 0.0%, Sim Success: 50.0%
-----------------------------------
| rollout/             |          |
|    ep_len_mean       | 75       |
|    ep_rew_mean       | 3.26     |
| time/                |          |
|    episodes          | 888      |
|    fps               | 1        |
|    time_elapsed      | 39466    |
|    total_timesteps   | 66600    |
| train/               |          |
|    actor_loss        | -2.99    |
|    critic_loss       | 0.00616  |
|    ent_coef          | 0.000891 |
|    ent_coef_loss     | 0.463    |
|    learning_rate     | 0.0003   |
|    n_updates         | 499470   |
|    noise_critic_loss | 0.0194   |
-----------------------------------
[Step 363600] VLM Score: 2.50, VLM Success: 25.0%, Sim Success: 25.0%
-----------------------------------
| rollout/             |          |
|    ep_len_mean       | 75       |
|    ep_rew_mean       | 3.26     |
| time/                |          |
|    episodes          | 892      |
|    fps               | 1        |
|    time_elapsed      | 39602    |
|    total_timesteps   | 66900    |
| train/               |          |
|    actor_loss        | -2.95    |
|    critic_loss       | 0.00577  |
|    ent_coef          | 0.000902 |
|    ent_coef_loss     | -1.87    |
|    learning_rate     | 0.0003   |
|    n_updates         | 501720   |
|    noise_critic_loss | 0.0198   |
-----------------------------------
[Step 364800] VLM Score: 2.00, VLM Success: 25.0%, Sim Success: 50.0%
-----------------------------------
| rollout/             |          |
|    ep_len_mean       | 75       |
|    ep_rew_mean       | 3.22     |
| time/                |          |
|    episodes          | 896      |
|    fps               | 1        |
|    time_elapsed      | 39740    |
|    total_timesteps   | 67200    |
| train/               |          |
|    actor_loss        | -2.93    |
|    critic_loss       | 0.00585  |
|    ent_coef          | 0.000905 |
|    ent_coef_loss     | 1.91     |
|    learning_rate     | 0.0003   |
|    n_updates         | 503970   |
|    noise_critic_loss | 0.0198   |
-----------------------------------
[Step 366000] VLM Score: 3.75, VLM Success: 50.0%, Sim Success: 25.0%
-----------------------------------
| rollout/             |          |
|    ep_len_mean       | 75       |
|    ep_rew_mean       | 3.25     |
| time/                |          |
|    episodes          | 900      |
|    fps               | 1        |
|    time_elapsed      | 39878    |
|    total_timesteps   | 67500    |
| train/               |          |
|    actor_loss        | -2.96    |
|    critic_loss       | 0.00594  |
|    ent_coef          | 0.000919 |
|    ent_coef_loss     | -0.137   |
|    learning_rate     | 0.0003   |
|    n_updates         | 506220   |
|    noise_critic_loss | 0.019    |
-----------------------------------
[Step 367200] VLM Score: 2.00, VLM Success: 0.0%, Sim Success: 75.0%
-----------------------------------
| rollout/             |          |
|    ep_len_mean       | 75       |
|    ep_rew_mean       | 3.18     |
| time/                |          |
|    episodes          | 904      |
|    fps               | 1        |
|    time_elapsed      | 40014    |
|    total_timesteps   | 67800    |
| train/               |          |
|    actor_loss        | -2.96    |
|    critic_loss       | 0.00544  |
|    ent_coef          | 0.000927 |
|    ent_coef_loss     | -1.15    |
|    learning_rate     | 0.0003   |
|    n_updates         | 508470   |
|    noise_critic_loss | 0.0213   |
-----------------------------------
[Step 368400] VLM Score: 3.50, VLM Success: 50.0%, Sim Success: 50.0%
-----------------------------------
| rollout/             |          |
|    ep_len_mean       | 75       |
|    ep_rew_mean       | 3.13     |
| time/                |          |
|    episodes          | 908      |
|    fps               | 1        |
|    time_elapsed      | 40151    |
|    total_timesteps   | 68100    |
| train/               |          |
|    actor_loss        | -2.97    |
|    critic_loss       | 0.00628  |
|    ent_coef          | 0.000929 |
|    ent_coef_loss     | -0.772   |
|    learning_rate     | 0.0003   |
|    n_updates         | 510720   |
|    noise_critic_loss | 0.0179   |
-----------------------------------
[Step 369600] VLM Score: 3.25, VLM Success: 50.0%, Sim Success: 25.0%
-----------------------------------
| rollout/             |          |
|    ep_len_mean       | 75       |
|    ep_rew_mean       | 3.12     |
| time/                |          |
|    episodes          | 912      |
|    fps               | 1        |
|    time_elapsed      | 40287    |
|    total_timesteps   | 68400    |
| train/               |          |
|    actor_loss        | -2.95    |
|    critic_loss       | 0.00644  |
|    ent_coef          | 0.000976 |
|    ent_coef_loss     | 0.363    |
|    learning_rate     | 0.0003   |
|    n_updates         | 512970   |
|    noise_critic_loss | 0.0196   |
-----------------------------------
[Step 370800] VLM Score: 3.00, VLM Success: 25.0%, Sim Success: 0.0%
-----------------------------------
| rollout/             |          |
|    ep_len_mean       | 75       |
|    ep_rew_mean       | 3.09     |
| time/                |          |
|    episodes          | 916      |
|    fps               | 1        |
|    time_elapsed      | 40425    |
|    total_timesteps   | 68700    |
| train/               |          |
|    actor_loss        | -2.92    |
|    critic_loss       | 0.00594  |
|    ent_coef          | 0.000923 |
|    ent_coef_loss     | -0.228   |
|    learning_rate     | 0.0003   |
|    n_updates         | 515220   |
|    noise_critic_loss | 0.0203   |
-----------------------------------
[VLM #2200] Task: Pick up the red cube from the table
    Frames: 62, Raw output: .2 seconds><14.2 seconds><15.2 seconds>Task: Pick up the red cube from the table
assistant
ANSWER: 2
    Parsed discrete score: 2/5 → Reward: -0.75
[Step 372000] VLM Score: 2.75, VLM Success: 25.0%, Sim Success: 50.0%
-----------------------------------
| rollout/             |          |
|    ep_len_mean       | 75       |
|    ep_rew_mean       | 3.07     |
| time/                |          |
|    episodes          | 920      |
|    fps               | 1        |
|    time_elapsed      | 40562    |
|    total_timesteps   | 69000    |
| train/               |          |
|    actor_loss        | -2.91    |
|    critic_loss       | 0.00699  |
|    ent_coef          | 0.000928 |
|    ent_coef_loss     | -0.0797  |
|    learning_rate     | 0.0003   |
|    n_updates         | 517470   |
|    noise_critic_loss | 0.0199   |
-----------------------------------
[Step 373200] VLM Score: 2.25, VLM Success: 0.0%, Sim Success: 75.0%
-----------------------------------
| rollout/             |          |
|    ep_len_mean       | 75       |
|    ep_rew_mean       | 3.04     |
| time/                |          |
|    episodes          | 924      |
|    fps               | 1        |
|    time_elapsed      | 40699    |
|    total_timesteps   | 69300    |
| train/               |          |
|    actor_loss        | -2.91    |
|    critic_loss       | 0.00697  |
|    ent_coef          | 0.000941 |
|    ent_coef_loss     | 0.114    |
|    learning_rate     | 0.0003   |
|    n_updates         | 519720   |
|    noise_critic_loss | 0.0198   |
-----------------------------------
[Step 374400] VLM Score: 3.50, VLM Success: 50.0%, Sim Success: 75.0%
-----------------------------------
| rollout/             |          |
|    ep_len_mean       | 75       |
|    ep_rew_mean       | 3.02     |
| time/                |          |
|    episodes          | 928      |
|    fps               | 1        |
|    time_elapsed      | 40836    |
|    total_timesteps   | 69600    |
| train/               |          |
|    actor_loss        | -2.88    |
|    critic_loss       | 0.00589  |
|    ent_coef          | 0.000922 |
|    ent_coef_loss     | -2.53    |
|    learning_rate     | 0.0003   |
|    n_updates         | 521970   |
|    noise_critic_loss | 0.0213   |
-----------------------------------
[Step 375600] VLM Score: 2.25, VLM Success: 0.0%, Sim Success: 50.0%
-----------------------------------
| rollout/             |          |
|    ep_len_mean       | 75       |
|    ep_rew_mean       | 2.96     |
| time/                |          |
|    episodes          | 932      |
|    fps               | 1        |
|    time_elapsed      | 40973    |
|    total_timesteps   | 69900    |
| train/               |          |
|    actor_loss        | -2.95    |
|    critic_loss       | 0.00672  |
|    ent_coef          | 0.000949 |
|    ent_coef_loss     | 0.75     |
|    learning_rate     | 0.0003   |
|    n_updates         | 524220   |
|    noise_critic_loss | 0.0213   |
-----------------------------------
[Step 376800] VLM Score: 3.00, VLM Success: 25.0%, Sim Success: 0.0%
-----------------------------------
| rollout/             |          |
|    ep_len_mean       | 75       |
|    ep_rew_mean       | 2.95     |
| time/                |          |
|    episodes          | 936      |
|    fps               | 1        |
|    time_elapsed      | 41111    |
|    total_timesteps   | 70200    |
| train/               |          |
|    actor_loss        | -2.96    |
|    critic_loss       | 0.00631  |
|    ent_coef          | 0.000912 |
|    ent_coef_loss     | 0.582    |
|    learning_rate     | 0.0003   |
|    n_updates         | 526470   |
|    noise_critic_loss | 0.0214   |
-----------------------------------
[Step 378000] VLM Score: 4.50, VLM Success: 100.0%, Sim Success: 25.0%
-----------------------------------
| rollout/             |          |
|    ep_len_mean       | 75       |
|    ep_rew_mean       | 2.96     |
| time/                |          |
|    episodes          | 940      |
|    fps               | 1        |
|    time_elapsed      | 41249    |
|    total_timesteps   | 70500    |
| train/               |          |
|    actor_loss        | -2.86    |
|    critic_loss       | 0.00686  |
|    ent_coef          | 0.000943 |
|    ent_coef_loss     | 2.75     |
|    learning_rate     | 0.0003   |
|    n_updates         | 528720   |
|    noise_critic_loss | 0.0215   |
-----------------------------------
[Step 379200] VLM Score: 3.00, VLM Success: 25.0%, Sim Success: 25.0%
-----------------------------------
| rollout/             |          |
|    ep_len_mean       | 75       |
|    ep_rew_mean       | 2.88     |
| time/                |          |
|    episodes          | 944      |
|    fps               | 1        |
|    time_elapsed      | 41384    |
|    total_timesteps   | 70800    |
| train/               |          |
|    actor_loss        | -2.94    |
|    critic_loss       | 0.00586  |
|    ent_coef          | 0.000902 |
|    ent_coef_loss     | -0.243   |
|    learning_rate     | 0.0003   |
|    n_updates         | 530970   |
|    noise_critic_loss | 0.0198   |
-----------------------------------
[Step 380400] VLM Score: 2.00, VLM Success: 0.0%, Sim Success: 50.0%
-----------------------------------
| rollout/             |          |
|    ep_len_mean       | 75       |
|    ep_rew_mean       | 2.84     |
| time/                |          |
|    episodes          | 948      |
|    fps               | 1        |
|    time_elapsed      | 41521    |
|    total_timesteps   | 71100    |
| train/               |          |
|    actor_loss        | -2.91    |
|    critic_loss       | 0.00558  |
|    ent_coef          | 0.000941 |
|    ent_coef_loss     | 2.1      |
|    learning_rate     | 0.0003   |
|    n_updates         | 533220   |
|    noise_critic_loss | 0.019    |
-----------------------------------
[Step 381600] VLM Score: 3.25, VLM Success: 50.0%, Sim Success: 25.0%
-----------------------------------
| rollout/             |          |
|    ep_len_mean       | 75       |
|    ep_rew_mean       | 2.82     |
| time/                |          |
|    episodes          | 952      |
|    fps               | 1        |
|    time_elapsed      | 41657    |
|    total_timesteps   | 71400    |
| train/               |          |
|    actor_loss        | -2.94    |
|    critic_loss       | 0.00596  |
|    ent_coef          | 0.000921 |
|    ent_coef_loss     | -0.401   |
|    learning_rate     | 0.0003   |
|    n_updates         | 535470   |
|    noise_critic_loss | 0.0206   |
-----------------------------------
[Step 382800] VLM Score: 2.25, VLM Success: 0.0%, Sim Success: 50.0%
-----------------------------------
| rollout/             |          |
|    ep_len_mean       | 75       |
|    ep_rew_mean       | 2.8      |
| time/                |          |
|    episodes          | 956      |
|    fps               | 1        |
|    time_elapsed      | 41795    |
|    total_timesteps   | 71700    |
| train/               |          |
|    actor_loss        | -2.96    |
|    critic_loss       | 0.00576  |
|    ent_coef          | 0.000928 |
|    ent_coef_loss     | 1.7      |
|    learning_rate     | 0.0003   |
|    n_updates         | 537720   |
|    noise_critic_loss | 0.0202   |
-----------------------------------
[Step 384000] VLM Score: 4.00, VLM Success: 75.0%, Sim Success: 75.0%
Eval episode 0 at timestep 384000
Eval episode 1 at timestep 384000
Eval episode 2 at timestep 384000
Eval episode 3 at timestep 384000
Eval episode 4 at timestep 384000
Eval episode 5 at timestep 384000
Eval episode 6 at timestep 384000
Eval episode 7 at timestep 384000
Eval episode 8 at timestep 384000
Eval episode 9 at timestep 384000
Eval episode 10 at timestep 384000
Eval episode 11 at timestep 384000
Eval episode 12 at timestep 384000
Eval episode 13 at timestep 384000
Eval episode 14 at timestep 384000
Eval episode 15 at timestep 384000
Eval episode 16 at timestep 384000
Eval episode 17 at timestep 384000
Eval episode 18 at timestep 384000
Eval episode 19 at timestep 384000
Eval episode 20 at timestep 384000
Eval episode 21 at timestep 384000
Eval episode 22 at timestep 384000
Eval episode 23 at timestep 384000
Eval episode 24 at timestep 384000
Eval episode 25 at timestep 384000
Eval episode 26 at timestep 384000
Eval episode 27 at timestep 384000
Eval episode 28 at timestep 384000
Eval episode 29 at timestep 384000
Eval episode 30 at timestep 384000
Eval episode 31 at timestep 384000
Eval episode 32 at timestep 384000
Eval episode 33 at timestep 384000
Eval episode 34 at timestep 384000
Eval episode 35 at timestep 384000
Eval episode 36 at timestep 384000
Eval episode 37 at timestep 384000
Eval episode 38 at timestep 384000
Eval episode 39 at timestep 384000
Eval episode 40 at timestep 384000
Eval episode 41 at timestep 384000
Eval episode 42 at timestep 384000
Eval episode 43 at timestep 384000
Eval episode 44 at timestep 384000
Eval episode 45 at timestep 384000
Eval episode 46 at timestep 384000
Eval episode 47 at timestep 384000
Eval episode 48 at timestep 384000
Eval episode 49 at timestep 384000
-----------------------------------
| rollout/             |          |
|    ep_len_mean       | 75       |
|    ep_rew_mean       | 2.85     |
| time/                |          |
|    episodes          | 960      |
|    fps               | 1        |
|    time_elapsed      | 43731    |
|    total_timesteps   | 72000    |
| train/               |          |
|    actor_loss        | -2.97    |
|    critic_loss       | 0.00527  |
|    ent_coef          | 0.00095  |
|    ent_coef_loss     | -0.0897  |
|    learning_rate     | 0.0003   |
|    n_updates         | 539970   |
|    noise_critic_loss | 0.0199   |
-----------------------------------
[Step 385200] VLM Score: 2.75, VLM Success: 25.0%, Sim Success: 0.0%
-----------------------------------
| rollout/             |          |
|    ep_len_mean       | 75       |
|    ep_rew_mean       | 2.85     |
| time/                |          |
|    episodes          | 964      |
|    fps               | 1        |
|    time_elapsed      | 43868    |
|    total_timesteps   | 72300    |
| train/               |          |
|    actor_loss        | -2.93    |
|    critic_loss       | 0.00663  |
|    ent_coef          | 0.000926 |
|    ent_coef_loss     | -1       |
|    learning_rate     | 0.0003   |
|    n_updates         | 542220   |
|    noise_critic_loss | 0.0207   |
-----------------------------------
[Step 386400] VLM Score: 3.75, VLM Success: 50.0%, Sim Success: 25.0%
-----------------------------------
| rollout/             |          |
|    ep_len_mean       | 75       |
|    ep_rew_mean       | 2.92     |
| time/                |          |
|    episodes          | 968      |
|    fps               | 1        |
|    time_elapsed      | 44005    |
|    total_timesteps   | 72600    |
| train/               |          |
|    actor_loss        | -2.91    |
|    critic_loss       | 0.00594  |
|    ent_coef          | 0.000934 |
|    ent_coef_loss     | -0.62    |
|    learning_rate     | 0.0003   |
|    n_updates         | 544470   |
|    noise_critic_loss | 0.0203   |
-----------------------------------
[VLM #2250] Task: Pick up the red cube from the table
    Frames: 62, Raw output: .2 seconds><14.2 seconds><15.2 seconds>Task: Pick up the red cube from the table
assistant
ANSWER: 2
    Parsed discrete score: 2/5 → Reward: -0.75
[Step 387600] VLM Score: 3.00, VLM Success: 50.0%, Sim Success: 75.0%
-----------------------------------
| rollout/             |          |
|    ep_len_mean       | 75       |
|    ep_rew_mean       | 2.93     |
| time/                |          |
|    episodes          | 972      |
|    fps               | 1        |
|    time_elapsed      | 44142    |
|    total_timesteps   | 72900    |
| train/               |          |
|    actor_loss        | -2.96    |
|    critic_loss       | 0.00545  |
|    ent_coef          | 0.000927 |
|    ent_coef_loss     | 2.97     |
|    learning_rate     | 0.0003   |
|    n_updates         | 546720   |
|    noise_critic_loss | 0.0181   |
-----------------------------------
[Step 388800] VLM Score: 2.75, VLM Success: 25.0%, Sim Success: 50.0%
-----------------------------------
| rollout/             |          |
|    ep_len_mean       | 75       |
|    ep_rew_mean       | 2.91     |
| time/                |          |
|    episodes          | 976      |
|    fps               | 1        |
|    time_elapsed      | 44280    |
|    total_timesteps   | 73200    |
| train/               |          |
|    actor_loss        | -2.91    |
|    critic_loss       | 0.00542  |
|    ent_coef          | 0.000952 |
|    ent_coef_loss     | 0.109    |
|    learning_rate     | 0.0003   |
|    n_updates         | 548970   |
|    noise_critic_loss | 0.0232   |
-----------------------------------
[Step 390000] VLM Score: 2.25, VLM Success: 0.0%, Sim Success: 25.0%
-----------------------------------
| rollout/             |          |
|    ep_len_mean       | 75       |
|    ep_rew_mean       | 2.9      |
| time/                |          |
|    episodes          | 980      |
|    fps               | 1        |
|    time_elapsed      | 44417    |
|    total_timesteps   | 73500    |
| train/               |          |
|    actor_loss        | -2.92    |
|    critic_loss       | 0.00546  |
|    ent_coef          | 0.000915 |
|    ent_coef_loss     | -1.43    |
|    learning_rate     | 0.0003   |
|    n_updates         | 551220   |
|    noise_critic_loss | 0.0216   |
-----------------------------------
[Step 391200] VLM Score: 4.00, VLM Success: 50.0%, Sim Success: 50.0%
-----------------------------------
| rollout/             |          |
|    ep_len_mean       | 75       |
|    ep_rew_mean       | 2.94     |
| time/                |          |
|    episodes          | 984      |
|    fps               | 1        |
|    time_elapsed      | 44554    |
|    total_timesteps   | 73800    |
| train/               |          |
|    actor_loss        | -2.96    |
|    critic_loss       | 0.00615  |
|    ent_coef          | 0.000915 |
|    ent_coef_loss     | 0.766    |
|    learning_rate     | 0.0003   |
|    n_updates         | 553470   |
|    noise_critic_loss | 0.0217   |
-----------------------------------
[Step 392400] VLM Score: 3.25, VLM Success: 50.0%, Sim Success: 25.0%
-----------------------------------
| rollout/             |          |
|    ep_len_mean       | 75       |
|    ep_rew_mean       | 2.98     |
| time/                |          |
|    episodes          | 988      |
|    fps               | 1        |
|    time_elapsed      | 44691    |
|    total_timesteps   | 74100    |
| train/               |          |
|    actor_loss        | -2.95    |
|    critic_loss       | 0.00538  |
|    ent_coef          | 0.000909 |
|    ent_coef_loss     | -0.0911  |
|    learning_rate     | 0.0003   |
|    n_updates         | 555720   |
|    noise_critic_loss | 0.0195   |
-----------------------------------
[Step 393600] VLM Score: 2.50, VLM Success: 0.0%, Sim Success: 50.0%
-----------------------------------
| rollout/             |          |
|    ep_len_mean       | 75       |
|    ep_rew_mean       | 2.98     |
| time/                |          |
|    episodes          | 992      |
|    fps               | 1        |
|    time_elapsed      | 44827    |
|    total_timesteps   | 74400    |
| train/               |          |
|    actor_loss        | -2.94    |
|    critic_loss       | 0.00546  |
|    ent_coef          | 0.000907 |
|    ent_coef_loss     | -0.0608  |
|    learning_rate     | 0.0003   |
|    n_updates         | 557970   |
|    noise_critic_loss | 0.0181   |
-----------------------------------
[Step 394800] VLM Score: 4.25, VLM Success: 75.0%, Sim Success: 25.0%
-----------------------------------
| rollout/             |          |
|    ep_len_mean       | 75       |
|    ep_rew_mean       | 3.07     |
| time/                |          |
|    episodes          | 996      |
|    fps               | 1        |
|    time_elapsed      | 44964    |
|    total_timesteps   | 74700    |
| train/               |          |
|    actor_loss        | -2.95    |
|    critic_loss       | 0.00554  |
|    ent_coef          | 0.000924 |
|    ent_coef_loss     | -3.48    |
|    learning_rate     | 0.0003   |
|    n_updates         | 560220   |
|    noise_critic_loss | 0.0185   |
-----------------------------------
[Step 396000] VLM Score: 3.00, VLM Success: 25.0%, Sim Success: 75.0%
-----------------------------------
| rollout/             |          |
|    ep_len_mean       | 75       |
|    ep_rew_mean       | 3.04     |
| time/                |          |
|    episodes          | 1000     |
|    fps               | 1        |
|    time_elapsed      | 45102    |
|    total_timesteps   | 75000    |
| train/               |          |
|    actor_loss        | -2.97    |
|    critic_loss       | 0.00558  |
|    ent_coef          | 0.000915 |
|    ent_coef_loss     | 0.485    |
|    learning_rate     | 0.0003   |
|    n_updates         | 562470   |
|    noise_critic_loss | 0.0179   |
-----------------------------------
[Step 397200] VLM Score: 4.00, VLM Success: 50.0%, Sim Success: 50.0%
-----------------------------------
| rollout/             |          |
|    ep_len_mean       | 75       |
|    ep_rew_mean       | 3.12     |
| time/                |          |
|    episodes          | 1004     |
|    fps               | 1        |
|    time_elapsed      | 45238    |
|    total_timesteps   | 75300    |
| train/               |          |
|    actor_loss        | -2.95    |
|    critic_loss       | 0.00523  |
|    ent_coef          | 0.000924 |
|    ent_coef_loss     | -0.438   |
|    learning_rate     | 0.0003   |
|    n_updates         | 564720   |
|    noise_critic_loss | 0.0181   |
-----------------------------------
[Step 398400] VLM Score: 3.00, VLM Success: 25.0%, Sim Success: 75.0%
-----------------------------------
| rollout/             |          |
|    ep_len_mean       | 75       |
|    ep_rew_mean       | 3.1      |
| time/                |          |
|    episodes          | 1008     |
|    fps               | 1        |
|    time_elapsed      | 45376    |
|    total_timesteps   | 75600    |
| train/               |          |
|    actor_loss        | -2.95    |
|    critic_loss       | 0.00541  |
|    ent_coef          | 0.000942 |
|    ent_coef_loss     | 2.23     |
|    learning_rate     | 0.0003   |
|    n_updates         | 566970   |
|    noise_critic_loss | 0.0181   |
-----------------------------------
[Step 399600] VLM Score: 3.00, VLM Success: 25.0%, Sim Success: 50.0%
-----------------------------------
| rollout/             |          |
|    ep_len_mean       | 75       |
|    ep_rew_mean       | 3.09     |
| time/                |          |
|    episodes          | 1012     |
|    fps               | 1        |
|    time_elapsed      | 45512    |
|    total_timesteps   | 75900    |
| train/               |          |
|    actor_loss        | -2.91    |
|    critic_loss       | 0.00531  |
|    ent_coef          | 0.000916 |
|    ent_coef_loss     | -1.12    |
|    learning_rate     | 0.0003   |
|    n_updates         | 569220   |
|    noise_critic_loss | 0.0181   |
-----------------------------------
[Step 400800] VLM Score: 3.75, VLM Success: 50.0%, Sim Success: 50.0%
-----------------------------------
| rollout/             |          |
|    ep_len_mean       | 75       |
|    ep_rew_mean       | 3.12     |
| time/                |          |
|    episodes          | 1016     |
|    fps               | 1        |
|    time_elapsed      | 45649    |
|    total_timesteps   | 76200    |
| train/               |          |
|    actor_loss        | -2.89    |
|    critic_loss       | 0.00565  |
|    ent_coef          | 0.000913 |
|    ent_coef_loss     | 0.187    |
|    learning_rate     | 0.0003   |
|    n_updates         | 571470   |
|    noise_critic_loss | 0.018    |
-----------------------------------
[VLM #2300] Task: Pick up the red cube from the table
    Frames: 62, Raw output: .2 seconds><14.2 seconds><15.2 seconds>Task: Pick up the red cube from the table
assistant
ANSWER: 4
    Parsed discrete score: 4/5 → Reward: -0.25
[Step 402000] VLM Score: 3.75, VLM Success: 50.0%, Sim Success: 50.0%
-----------------------------------
| rollout/             |          |
|    ep_len_mean       | 75       |
|    ep_rew_mean       | 3.16     |
| time/                |          |
|    episodes          | 1020     |
|    fps               | 1        |
|    time_elapsed      | 45786    |
|    total_timesteps   | 76500    |
| train/               |          |
|    actor_loss        | -2.9     |
|    critic_loss       | 0.00558  |
|    ent_coef          | 0.000915 |
|    ent_coef_loss     | -1.38    |
|    learning_rate     | 0.0003   |
|    n_updates         | 573720   |
|    noise_critic_loss | 0.0188   |
-----------------------------------
[Step 403200] VLM Score: 4.50, VLM Success: 100.0%, Sim Success: 0.0%
-----------------------------------
| rollout/             |          |
|    ep_len_mean       | 75       |
|    ep_rew_mean       | 3.25     |
| time/                |          |
|    episodes          | 1024     |
|    fps               | 1        |
|    time_elapsed      | 45923    |
|    total_timesteps   | 76800    |
| train/               |          |
|    actor_loss        | -2.95    |
|    critic_loss       | 0.00625  |
|    ent_coef          | 0.000938 |
|    ent_coef_loss     | -1.34    |
|    learning_rate     | 0.0003   |
|    n_updates         | 575970   |
|    noise_critic_loss | 0.0193   |
-----------------------------------
[Step 404400] VLM Score: 2.25, VLM Success: 0.0%, Sim Success: 25.0%
-----------------------------------
| rollout/             |          |
|    ep_len_mean       | 75       |
|    ep_rew_mean       | 3.2      |
| time/                |          |
|    episodes          | 1028     |
|    fps               | 1        |
|    time_elapsed      | 46060    |
|    total_timesteps   | 77100    |
| train/               |          |
|    actor_loss        | -2.97    |
|    critic_loss       | 0.00527  |
|    ent_coef          | 0.000927 |
|    ent_coef_loss     | 0.632    |
|    learning_rate     | 0.0003   |
|    n_updates         | 578220   |
|    noise_critic_loss | 0.02     |
-----------------------------------
[Step 405600] VLM Score: 2.00, VLM Success: 0.0%, Sim Success: 50.0%
-----------------------------------
| rollout/             |          |
|    ep_len_mean       | 75       |
|    ep_rew_mean       | 3.19     |
| time/                |          |
|    episodes          | 1032     |
|    fps               | 1        |
|    time_elapsed      | 46198    |
|    total_timesteps   | 77400    |
| train/               |          |
|    actor_loss        | -2.92    |
|    critic_loss       | 0.00522  |
|    ent_coef          | 0.000934 |
|    ent_coef_loss     | -2.2     |
|    learning_rate     | 0.0003   |
|    n_updates         | 580470   |
|    noise_critic_loss | 0.0182   |
-----------------------------------
[Step 406800] VLM Score: 3.75, VLM Success: 50.0%, Sim Success: 50.0%
-----------------------------------
| rollout/             |          |
|    ep_len_mean       | 75       |
|    ep_rew_mean       | 3.22     |
| time/                |          |
|    episodes          | 1036     |
|    fps               | 1        |
|    time_elapsed      | 46334    |
|    total_timesteps   | 77700    |
| train/               |          |
|    actor_loss        | -2.92    |
|    critic_loss       | 0.00532  |
|    ent_coef          | 0.000941 |
|    ent_coef_loss     | 2.05     |
|    learning_rate     | 0.0003   |
|    n_updates         | 582720   |
|    noise_critic_loss | 0.0181   |
-----------------------------------
[Step 408000] VLM Score: 2.50, VLM Success: 0.0%, Sim Success: 50.0%
-----------------------------------
| rollout/             |          |
|    ep_len_mean       | 75       |
|    ep_rew_mean       | 3.14     |
| time/                |          |
|    episodes          | 1040     |
|    fps               | 1        |
|    time_elapsed      | 46471    |
|    total_timesteps   | 78000    |
| train/               |          |
|    actor_loss        | -2.94    |
|    critic_loss       | 0.0059   |
|    ent_coef          | 0.00095  |
|    ent_coef_loss     | 1.79     |
|    learning_rate     | 0.0003   |
|    n_updates         | 584970   |
|    noise_critic_loss | 0.0189   |
-----------------------------------
[Step 409200] VLM Score: 2.75, VLM Success: 25.0%, Sim Success: 50.0%
-----------------------------------
| rollout/             |          |
|    ep_len_mean       | 75       |
|    ep_rew_mean       | 3.13     |
| time/                |          |
|    episodes          | 1044     |
|    fps               | 1        |
|    time_elapsed      | 46608    |
|    total_timesteps   | 78300    |
| train/               |          |
|    actor_loss        | -2.97    |
|    critic_loss       | 0.00663  |
|    ent_coef          | 0.00094  |
|    ent_coef_loss     | -1.53    |
|    learning_rate     | 0.0003   |
|    n_updates         | 587220   |
|    noise_critic_loss | 0.0205   |
-----------------------------------
[Step 410400] VLM Score: 3.50, VLM Success: 50.0%, Sim Success: 0.0%
-----------------------------------
| rollout/             |          |
|    ep_len_mean       | 75       |
|    ep_rew_mean       | 3.19     |
| time/                |          |
|    episodes          | 1048     |
|    fps               | 1        |
|    time_elapsed      | 46744    |
|    total_timesteps   | 78600    |
| train/               |          |
|    actor_loss        | -2.92    |
|    critic_loss       | 0.00608  |
|    ent_coef          | 0.000946 |
|    ent_coef_loss     | 2.28     |
|    learning_rate     | 0.0003   |
|    n_updates         | 589470   |
|    noise_critic_loss | 0.0188   |
-----------------------------------
[Step 411600] VLM Score: 3.25, VLM Success: 50.0%, Sim Success: 0.0%
-----------------------------------
| rollout/             |          |
|    ep_len_mean       | 75       |
|    ep_rew_mean       | 3.19     |
| time/                |          |
|    episodes          | 1052     |
|    fps               | 1        |
|    time_elapsed      | 46882    |
|    total_timesteps   | 78900    |
| train/               |          |
|    actor_loss        | -2.95    |
|    critic_loss       | 0.00564  |
|    ent_coef          | 0.000945 |
|    ent_coef_loss     | -2.13    |
|    learning_rate     | 0.0003   |
|    n_updates         | 591720   |
|    noise_critic_loss | 0.0184   |
-----------------------------------
[Step 412800] VLM Score: 3.25, VLM Success: 25.0%, Sim Success: 0.0%
-----------------------------------
| rollout/             |          |
|    ep_len_mean       | 75       |
|    ep_rew_mean       | 3.23     |
| time/                |          |
|    episodes          | 1056     |
|    fps               | 1        |
|    time_elapsed      | 47019    |
|    total_timesteps   | 79200    |
| train/               |          |
|    actor_loss        | -2.95    |
|    critic_loss       | 0.00537  |
|    ent_coef          | 0.000938 |
|    ent_coef_loss     | 1.1      |
|    learning_rate     | 0.0003   |
|    n_updates         | 593970   |
|    noise_critic_loss | 0.0188   |
-----------------------------------
[Step 414000] VLM Score: 2.25, VLM Success: 0.0%, Sim Success: 25.0%
-----------------------------------
| rollout/             |          |
|    ep_len_mean       | 75       |
|    ep_rew_mean       | 3.16     |
| time/                |          |
|    episodes          | 1060     |
|    fps               | 1        |
|    time_elapsed      | 47156    |
|    total_timesteps   | 79500    |
| train/               |          |
|    actor_loss        | -2.96    |
|    critic_loss       | 0.00532  |
|    ent_coef          | 0.000943 |
|    ent_coef_loss     | 1.35     |
|    learning_rate     | 0.0003   |
|    n_updates         | 596220   |
|    noise_critic_loss | 0.0172   |
-----------------------------------
[Step 415200] VLM Score: 2.25, VLM Success: 0.0%, Sim Success: 50.0%
-----------------------------------
| rollout/             |          |
|    ep_len_mean       | 75       |
|    ep_rew_mean       | 3.14     |
| time/                |          |
|    episodes          | 1064     |
|    fps               | 1        |
|    time_elapsed      | 47293    |
|    total_timesteps   | 79800    |
| train/               |          |
|    actor_loss        | -2.96    |
|    critic_loss       | 0.0063   |
|    ent_coef          | 0.000938 |
|    ent_coef_loss     | -1.47    |
|    learning_rate     | 0.0003   |
|    n_updates         | 598470   |
|    noise_critic_loss | 0.0172   |
-----------------------------------
[Step 416400] VLM Score: 2.25, VLM Success: 0.0%, Sim Success: 50.0%
-----------------------------------
| rollout/             |          |
|    ep_len_mean       | 75       |
|    ep_rew_mean       | 3.08     |
| time/                |          |
|    episodes          | 1068     |
|    fps               | 1        |
|    time_elapsed      | 47430    |
|    total_timesteps   | 80100    |
| train/               |          |
|    actor_loss        | -2.93    |
|    critic_loss       | 0.00525  |
|    ent_coef          | 0.00096  |
|    ent_coef_loss     | 0.704    |
|    learning_rate     | 0.0003   |
|    n_updates         | 600720   |
|    noise_critic_loss | 0.0165   |
-----------------------------------
[VLM #2350] Task: Pick up the red cube from the table
    Frames: 62, Raw output: .2 seconds><14.2 seconds><15.2 seconds>Task: Pick up the red cube from the table
assistant
ANSWER: 5
    Parsed discrete score: 5/5 → Reward: 0.00
[Step 417600] VLM Score: 4.00, VLM Success: 75.0%, Sim Success: 50.0%
-----------------------------------
| rollout/             |          |
|    ep_len_mean       | 75       |
|    ep_rew_mean       | 3.12     |
| time/                |          |
|    episodes          | 1072     |
|    fps               | 1        |
|    time_elapsed      | 47568    |
|    total_timesteps   | 80400    |
| train/               |          |
|    actor_loss        | -2.93    |
|    critic_loss       | 0.00563  |
|    ent_coef          | 0.000926 |
|    ent_coef_loss     | 0.286    |
|    learning_rate     | 0.0003   |
|    n_updates         | 602970   |
|    noise_critic_loss | 0.018    |
-----------------------------------
[Step 418800] VLM Score: 2.75, VLM Success: 25.0%, Sim Success: 25.0%
-----------------------------------
| rollout/             |          |
|    ep_len_mean       | 75       |
|    ep_rew_mean       | 3.12     |
| time/                |          |
|    episodes          | 1076     |
|    fps               | 1        |
|    time_elapsed      | 47706    |
|    total_timesteps   | 80700    |
| train/               |          |
|    actor_loss        | -2.96    |
|    critic_loss       | 0.00594  |
|    ent_coef          | 0.000942 |
|    ent_coef_loss     | 0.273    |
|    learning_rate     | 0.0003   |
|    n_updates         | 605220   |
|    noise_critic_loss | 0.0185   |
-----------------------------------
[Step 420000] VLM Score: 3.75, VLM Success: 50.0%, Sim Success: 0.0%
-----------------------------------
| rollout/             |          |
|    ep_len_mean       | 75       |
|    ep_rew_mean       | 3.18     |
| time/                |          |
|    episodes          | 1080     |
|    fps               | 1        |
|    time_elapsed      | 47843    |
|    total_timesteps   | 81000    |
| train/               |          |
|    actor_loss        | -2.94    |
|    critic_loss       | 0.00571  |
|    ent_coef          | 0.000923 |
|    ent_coef_loss     | 1.11     |
|    learning_rate     | 0.0003   |
|    n_updates         | 607470   |
|    noise_critic_loss | 0.0186   |
-----------------------------------
[Step 421200] VLM Score: 3.25, VLM Success: 50.0%, Sim Success: 50.0%
-----------------------------------
| rollout/             |          |
|    ep_len_mean       | 75       |
|    ep_rew_mean       | 3.15     |
| time/                |          |
|    episodes          | 1084     |
|    fps               | 1        |
|    time_elapsed      | 47980    |
|    total_timesteps   | 81300    |
| train/               |          |
|    actor_loss        | -2.94    |
|    critic_loss       | 0.0056   |
|    ent_coef          | 0.000953 |
|    ent_coef_loss     | -0.855   |
|    learning_rate     | 0.0003   |
|    n_updates         | 609720   |
|    noise_critic_loss | 0.0187   |
-----------------------------------
[Step 422400] VLM Score: 3.75, VLM Success: 75.0%, Sim Success: 25.0%
-----------------------------------
| rollout/             |          |
|    ep_len_mean       | 75       |
|    ep_rew_mean       | 3.17     |
| time/                |          |
|    episodes          | 1088     |
|    fps               | 1        |
|    time_elapsed      | 48117    |
|    total_timesteps   | 81600    |
| train/               |          |
|    actor_loss        | -2.94    |
|    critic_loss       | 0.00602  |
|    ent_coef          | 0.000943 |
|    ent_coef_loss     | 2.05     |
|    learning_rate     | 0.0003   |
|    n_updates         | 611970   |
|    noise_critic_loss | 0.0181   |
-----------------------------------
[Step 423600] VLM Score: 4.00, VLM Success: 75.0%, Sim Success: 75.0%
-----------------------------------
| rollout/             |          |
|    ep_len_mean       | 75       |
|    ep_rew_mean       | 3.23     |
| time/                |          |
|    episodes          | 1092     |
|    fps               | 1        |
|    time_elapsed      | 48255    |
|    total_timesteps   | 81900    |
| train/               |          |
|    actor_loss        | -2.95    |
|    critic_loss       | 0.00688  |
|    ent_coef          | 0.000944 |
|    ent_coef_loss     | -0.914   |
|    learning_rate     | 0.0003   |
|    n_updates         | 614220   |
|    noise_critic_loss | 0.0174   |
-----------------------------------
[Step 424800] VLM Score: 2.75, VLM Success: 25.0%, Sim Success: 25.0%
-----------------------------------
| rollout/             |          |
|    ep_len_mean       | 75       |
|    ep_rew_mean       | 3.17     |
| time/                |          |
|    episodes          | 1096     |
|    fps               | 1        |
|    time_elapsed      | 48393    |
|    total_timesteps   | 82200    |
| train/               |          |
|    actor_loss        | -2.9     |
|    critic_loss       | 0.00504  |
|    ent_coef          | 0.000921 |
|    ent_coef_loss     | 0.642    |
|    learning_rate     | 0.0003   |
|    n_updates         | 616470   |
|    noise_critic_loss | 0.0169   |
-----------------------------------
[Step 426000] VLM Score: 2.75, VLM Success: 0.0%, Sim Success: 50.0%
-----------------------------------
| rollout/             |          |
|    ep_len_mean       | 75       |
|    ep_rew_mean       | 3.16     |
| time/                |          |
|    episodes          | 1100     |
|    fps               | 1        |
|    time_elapsed      | 48531    |
|    total_timesteps   | 82500    |
| train/               |          |
|    actor_loss        | -2.98    |
|    critic_loss       | 0.00605  |
|    ent_coef          | 0.000961 |
|    ent_coef_loss     | 0.608    |
|    learning_rate     | 0.0003   |
|    n_updates         | 618720   |
|    noise_critic_loss | 0.018    |
-----------------------------------
[Step 427200] VLM Score: 2.50, VLM Success: 0.0%, Sim Success: 0.0%
-----------------------------------
| rollout/             |          |
|    ep_len_mean       | 75       |
|    ep_rew_mean       | 3.1      |
| time/                |          |
|    episodes          | 1104     |
|    fps               | 1        |
|    time_elapsed      | 48667    |
|    total_timesteps   | 82800    |
| train/               |          |
|    actor_loss        | -2.94    |
|    critic_loss       | 0.00518  |
|    ent_coef          | 0.000937 |
|    ent_coef_loss     | -1.06    |
|    learning_rate     | 0.0003   |
|    n_updates         | 620970   |
|    noise_critic_loss | 0.0167   |
-----------------------------------
[Step 428400] VLM Score: 3.00, VLM Success: 50.0%, Sim Success: 25.0%
-----------------------------------
| rollout/             |          |
|    ep_len_mean       | 75       |
|    ep_rew_mean       | 3.1      |
| time/                |          |
|    episodes          | 1108     |
|    fps               | 1        |
|    time_elapsed      | 48802    |
|    total_timesteps   | 83100    |
| train/               |          |
|    actor_loss        | -2.96    |
|    critic_loss       | 0.00589  |
|    ent_coef          | 0.000942 |
|    ent_coef_loss     | -2.07    |
|    learning_rate     | 0.0003   |
|    n_updates         | 623220   |
|    noise_critic_loss | 0.0173   |
-----------------------------------
[Step 429600] VLM Score: 3.00, VLM Success: 25.0%, Sim Success: 75.0%
-----------------------------------
| rollout/             |          |
|    ep_len_mean       | 75       |
|    ep_rew_mean       | 3.1      |
| time/                |          |
|    episodes          | 1112     |
|    fps               | 1        |
|    time_elapsed      | 48940    |
|    total_timesteps   | 83400    |
| train/               |          |
|    actor_loss        | -2.91    |
|    critic_loss       | 0.00573  |
|    ent_coef          | 0.000935 |
|    ent_coef_loss     | -3.27    |
|    learning_rate     | 0.0003   |
|    n_updates         | 625470   |
|    noise_critic_loss | 0.019    |
-----------------------------------
[Step 430800] VLM Score: 3.25, VLM Success: 50.0%, Sim Success: 75.0%
-----------------------------------
| rollout/             |          |
|    ep_len_mean       | 75       |
|    ep_rew_mean       | 3.08     |
| time/                |          |
|    episodes          | 1116     |
|    fps               | 1        |
|    time_elapsed      | 49079    |
|    total_timesteps   | 83700    |
| train/               |          |
|    actor_loss        | -2.97    |
|    critic_loss       | 0.00565  |
|    ent_coef          | 0.000958 |
|    ent_coef_loss     | 2.06     |
|    learning_rate     | 0.0003   |
|    n_updates         | 627720   |
|    noise_critic_loss | 0.018    |
-----------------------------------
[VLM #2400] Task: Pick up the red cube from the table
    Frames: 62, Raw output: .2 seconds><14.2 seconds><15.2 seconds>Task: Pick up the red cube from the table
assistant
ANSWER: 2
    Parsed discrete score: 2/5 → Reward: -0.75
[Step 432000] VLM Score: 2.75, VLM Success: 25.0%, Sim Success: 50.0%
Eval episode 0 at timestep 432000
Eval episode 1 at timestep 432000
Eval episode 2 at timestep 432000
Eval episode 3 at timestep 432000
Eval episode 4 at timestep 432000
Eval episode 5 at timestep 432000
Eval episode 6 at timestep 432000
Eval episode 7 at timestep 432000
Eval episode 8 at timestep 432000
Eval episode 9 at timestep 432000
Eval episode 10 at timestep 432000
Eval episode 11 at timestep 432000
Eval episode 12 at timestep 432000
Eval episode 13 at timestep 432000
Eval episode 14 at timestep 432000
Eval episode 15 at timestep 432000
Eval episode 16 at timestep 432000
Eval episode 17 at timestep 432000
Eval episode 18 at timestep 432000
Eval episode 19 at timestep 432000
Eval episode 20 at timestep 432000
Eval episode 21 at timestep 432000
Eval episode 22 at timestep 432000
Eval episode 23 at timestep 432000
Eval episode 24 at timestep 432000
Eval episode 25 at timestep 432000
Eval episode 26 at timestep 432000
Eval episode 27 at timestep 432000
Eval episode 28 at timestep 432000
Eval episode 29 at timestep 432000
Eval episode 30 at timestep 432000
Eval episode 31 at timestep 432000
Eval episode 32 at timestep 432000
Eval episode 33 at timestep 432000
Eval episode 34 at timestep 432000
Eval episode 35 at timestep 432000
Eval episode 36 at timestep 432000
Eval episode 37 at timestep 432000
Eval episode 38 at timestep 432000
Eval episode 39 at timestep 432000
Eval episode 40 at timestep 432000
Eval episode 41 at timestep 432000
Eval episode 42 at timestep 432000
Eval episode 43 at timestep 432000
Eval episode 44 at timestep 432000
Eval episode 45 at timestep 432000
Eval episode 46 at timestep 432000
Eval episode 47 at timestep 432000
Eval episode 48 at timestep 432000
Eval episode 49 at timestep 432000
-----------------------------------
| rollout/             |          |
|    ep_len_mean       | 75       |
|    ep_rew_mean       | 3.04     |
| time/                |          |
|    episodes          | 1120     |
|    fps               | 1        |
|    time_elapsed      | 51006    |
|    total_timesteps   | 84000    |
| train/               |          |
|    actor_loss        | -2.96    |
|    critic_loss       | 0.00549  |
|    ent_coef          | 0.000944 |
|    ent_coef_loss     | -0.886   |
|    learning_rate     | 0.0003   |
|    n_updates         | 629970   |
|    noise_critic_loss | 0.0161   |
-----------------------------------
[Step 433200] VLM Score: 3.75, VLM Success: 50.0%, Sim Success: 50.0%
-----------------------------------
| rollout/             |          |
|    ep_len_mean       | 75       |
|    ep_rew_mean       | 3.01     |
| time/                |          |
|    episodes          | 1124     |
|    fps               | 1        |
|    time_elapsed      | 51144    |
|    total_timesteps   | 84300    |
| train/               |          |
|    actor_loss        | -2.92    |
|    critic_loss       | 0.00561  |
|    ent_coef          | 0.000944 |
|    ent_coef_loss     | 1.94     |
|    learning_rate     | 0.0003   |
|    n_updates         | 632220   |
|    noise_critic_loss | 0.0189   |
-----------------------------------
[Step 434400] VLM Score: 3.75, VLM Success: 75.0%, Sim Success: 75.0%
-----------------------------------
| rollout/             |          |
|    ep_len_mean       | 75       |
|    ep_rew_mean       | 3.07     |
| time/                |          |
|    episodes          | 1128     |
|    fps               | 1        |
|    time_elapsed      | 51282    |
|    total_timesteps   | 84600    |
| train/               |          |
|    actor_loss        | -2.96    |
|    critic_loss       | 0.00586  |
|    ent_coef          | 0.000935 |
|    ent_coef_loss     | -0.334   |
|    learning_rate     | 0.0003   |
|    n_updates         | 634470   |
|    noise_critic_loss | 0.0177   |
-----------------------------------
[Step 435600] VLM Score: 2.25, VLM Success: 0.0%, Sim Success: 25.0%
-----------------------------------
| rollout/             |          |
|    ep_len_mean       | 75       |
|    ep_rew_mean       | 3.08     |
| time/                |          |
|    episodes          | 1132     |
|    fps               | 1        |
|    time_elapsed      | 51418    |
|    total_timesteps   | 84900    |
| train/               |          |
|    actor_loss        | -2.98    |
|    critic_loss       | 0.00525  |
|    ent_coef          | 0.000935 |
|    ent_coef_loss     | 2.73     |
|    learning_rate     | 0.0003   |
|    n_updates         | 636720   |
|    noise_critic_loss | 0.016    |
-----------------------------------
[Step 436800] VLM Score: 3.25, VLM Success: 50.0%, Sim Success: 25.0%
-----------------------------------
| rollout/             |          |
|    ep_len_mean       | 75       |
|    ep_rew_mean       | 3.06     |
| time/                |          |
|    episodes          | 1136     |
|    fps               | 1        |
|    time_elapsed      | 51555    |
|    total_timesteps   | 85200    |
| train/               |          |
|    actor_loss        | -2.99    |
|    critic_loss       | 0.00572  |
|    ent_coef          | 0.000926 |
|    ent_coef_loss     | -4.43    |
|    learning_rate     | 0.0003   |
|    n_updates         | 638970   |
|    noise_critic_loss | 0.018    |
-----------------------------------
[Step 438000] VLM Score: 3.00, VLM Success: 25.0%, Sim Success: 50.0%
-----------------------------------
| rollout/             |          |
|    ep_len_mean       | 75       |
|    ep_rew_mean       | 3.08     |
| time/                |          |
|    episodes          | 1140     |
|    fps               | 1        |
|    time_elapsed      | 51693    |
|    total_timesteps   | 85500    |
| train/               |          |
|    actor_loss        | -2.99    |
|    critic_loss       | 0.00526  |
|    ent_coef          | 0.00095  |
|    ent_coef_loss     | -1.09    |
|    learning_rate     | 0.0003   |
|    n_updates         | 641220   |
|    noise_critic_loss | 0.0166   |
-----------------------------------
[Step 439200] VLM Score: 3.00, VLM Success: 25.0%, Sim Success: 50.0%
-----------------------------------
| rollout/             |          |
|    ep_len_mean       | 75       |
|    ep_rew_mean       | 3.09     |
| time/                |          |
|    episodes          | 1144     |
|    fps               | 1        |
|    time_elapsed      | 51829    |
|    total_timesteps   | 85800    |
| train/               |          |
|    actor_loss        | -2.97    |
|    critic_loss       | 0.00619  |
|    ent_coef          | 0.000933 |
|    ent_coef_loss     | 1.12     |
|    learning_rate     | 0.0003   |
|    n_updates         | 643470   |
|    noise_critic_loss | 0.0166   |
-----------------------------------
[Step 440400] VLM Score: 3.00, VLM Success: 25.0%, Sim Success: 25.0%
-----------------------------------
| rollout/             |          |
|    ep_len_mean       | 75       |
|    ep_rew_mean       | 3.07     |
| time/                |          |
|    episodes          | 1148     |
|    fps               | 1        |
|    time_elapsed      | 51967    |
|    total_timesteps   | 86100    |
| train/               |          |
|    actor_loss        | -2.94    |
|    critic_loss       | 0.00514  |
|    ent_coef          | 0.000928 |
|    ent_coef_loss     | 0.599    |
|    learning_rate     | 0.0003   |
|    n_updates         | 645720   |
|    noise_critic_loss | 0.0184   |
-----------------------------------
[Step 441600] VLM Score: 2.75, VLM Success: 25.0%, Sim Success: 100.0%
-----------------------------------
| rollout/             |          |
|    ep_len_mean       | 75       |
|    ep_rew_mean       | 3.05     |
| time/                |          |
|    episodes          | 1152     |
|    fps               | 1        |
|    time_elapsed      | 52105    |
|    total_timesteps   | 86400    |
| train/               |          |
|    actor_loss        | -2.98    |
|    critic_loss       | 0.00551  |
|    ent_coef          | 0.000917 |
|    ent_coef_loss     | -0.712   |
|    learning_rate     | 0.0003   |
|    n_updates         | 647970   |
|    noise_critic_loss | 0.0169   |
-----------------------------------
[Step 442800] VLM Score: 2.50, VLM Success: 0.0%, Sim Success: 50.0%
-----------------------------------
| rollout/             |          |
|    ep_len_mean       | 75       |
|    ep_rew_mean       | 3.02     |
| time/                |          |
|    episodes          | 1156     |
|    fps               | 1        |
|    time_elapsed      | 52242    |
|    total_timesteps   | 86700    |
| train/               |          |
|    actor_loss        | -2.95    |
|    critic_loss       | 0.00528  |
|    ent_coef          | 0.00093  |
|    ent_coef_loss     | 2.31     |
|    learning_rate     | 0.0003   |
|    n_updates         | 650220   |
|    noise_critic_loss | 0.0176   |
-----------------------------------
[Step 444000] VLM Score: 3.00, VLM Success: 25.0%, Sim Success: 50.0%
-----------------------------------
| rollout/             |          |
|    ep_len_mean       | 75       |
|    ep_rew_mean       | 3.05     |
| time/                |          |
|    episodes          | 1160     |
|    fps               | 1        |
|    time_elapsed      | 52378    |
|    total_timesteps   | 87000    |
| train/               |          |
|    actor_loss        | -2.9     |
|    critic_loss       | 0.00507  |
|    ent_coef          | 0.00091  |
|    ent_coef_loss     | 1.12     |
|    learning_rate     | 0.0003   |
|    n_updates         | 652470   |
|    noise_critic_loss | 0.0177   |
-----------------------------------
[Step 445200] VLM Score: 3.00, VLM Success: 25.0%, Sim Success: 50.0%
-----------------------------------
| rollout/             |          |
|    ep_len_mean       | 75       |
|    ep_rew_mean       | 3.08     |
| time/                |          |
|    episodes          | 1164     |
|    fps               | 1        |
|    time_elapsed      | 52516    |
|    total_timesteps   | 87300    |
| train/               |          |
|    actor_loss        | -2.93    |
|    critic_loss       | 0.00545  |
|    ent_coef          | 0.000956 |
|    ent_coef_loss     | 2.85     |
|    learning_rate     | 0.0003   |
|    n_updates         | 654720   |
|    noise_critic_loss | 0.0188   |
-----------------------------------
[Step 446400] VLM Score: 3.25, VLM Success: 50.0%, Sim Success: 25.0%
-----------------------------------
| rollout/             |          |
|    ep_len_mean       | 75       |
|    ep_rew_mean       | 3.12     |
| time/                |          |
|    episodes          | 1168     |
|    fps               | 1        |
|    time_elapsed      | 52655    |
|    total_timesteps   | 87600    |
| train/               |          |
|    actor_loss        | -2.94    |
|    critic_loss       | 0.00633  |
|    ent_coef          | 0.000924 |
|    ent_coef_loss     | -2.48    |
|    learning_rate     | 0.0003   |
|    n_updates         | 656970   |
|    noise_critic_loss | 0.0185   |
-----------------------------------
[VLM #2450] Task: Pick up the red cube from the table
    Frames: 62, Raw output: .2 seconds><14.2 seconds><15.2 seconds>Task: Pick up the red cube from the table
assistant
ANSWER: 5
    Parsed discrete score: 5/5 → Reward: 0.00
[Step 447600] VLM Score: 3.50, VLM Success: 50.0%, Sim Success: 25.0%
-----------------------------------
| rollout/             |          |
|    ep_len_mean       | 75       |
|    ep_rew_mean       | 3.1      |
| time/                |          |
|    episodes          | 1172     |
|    fps               | 1        |
|    time_elapsed      | 52793    |
|    total_timesteps   | 87900    |
| train/               |          |
|    actor_loss        | -2.94    |
|    critic_loss       | 0.00662  |
|    ent_coef          | 0.000957 |
|    ent_coef_loss     | 1.01     |
|    learning_rate     | 0.0003   |
|    n_updates         | 659220   |
|    noise_critic_loss | 0.0208   |
-----------------------------------
[Step 448800] VLM Score: 3.50, VLM Success: 50.0%, Sim Success: 25.0%
-----------------------------------
| rollout/             |          |
|    ep_len_mean       | 75       |
|    ep_rew_mean       | 3.13     |
| time/                |          |
|    episodes          | 1176     |
|    fps               | 1        |
|    time_elapsed      | 52930    |
|    total_timesteps   | 88200    |
| train/               |          |
|    actor_loss        | -2.96    |
|    critic_loss       | 0.00572  |
|    ent_coef          | 0.000939 |
|    ent_coef_loss     | 1.51     |
|    learning_rate     | 0.0003   |
|    n_updates         | 661470   |
|    noise_critic_loss | 0.0184   |
-----------------------------------
[Step 450000] VLM Score: 2.75, VLM Success: 25.0%, Sim Success: 50.0%
-----------------------------------
| rollout/             |          |
|    ep_len_mean       | 75       |
|    ep_rew_mean       | 3.09     |
| time/                |          |
|    episodes          | 1180     |
|    fps               | 1        |
|    time_elapsed      | 53067    |
|    total_timesteps   | 88500    |
| train/               |          |
|    actor_loss        | -2.95    |
|    critic_loss       | 0.00557  |
|    ent_coef          | 0.000944 |
|    ent_coef_loss     | -1.41    |
|    learning_rate     | 0.0003   |
|    n_updates         | 663720   |
|    noise_critic_loss | 0.0169   |
-----------------------------------
[Step 451200] VLM Score: 2.50, VLM Success: 25.0%, Sim Success: 50.0%
-----------------------------------
| rollout/             |          |
|    ep_len_mean       | 75       |
|    ep_rew_mean       | 3.06     |
| time/                |          |
|    episodes          | 1184     |
|    fps               | 1        |
|    time_elapsed      | 53204    |
|    total_timesteps   | 88800    |
| train/               |          |
|    actor_loss        | -2.93    |
|    critic_loss       | 0.00578  |
|    ent_coef          | 0.000952 |
|    ent_coef_loss     | -3.14    |
|    learning_rate     | 0.0003   |
|    n_updates         | 665970   |
|    noise_critic_loss | 0.0161   |
-----------------------------------
[Step 452400] VLM Score: 3.00, VLM Success: 50.0%, Sim Success: 50.0%
-----------------------------------
| rollout/             |          |
|    ep_len_mean       | 75       |
|    ep_rew_mean       | 3.03     |
| time/                |          |
|    episodes          | 1188     |
|    fps               | 1        |
|    time_elapsed      | 53341    |
|    total_timesteps   | 89100    |
| train/               |          |
|    actor_loss        | -3.02    |
|    critic_loss       | 0.00536  |
|    ent_coef          | 0.000929 |
|    ent_coef_loss     | 3.06     |
|    learning_rate     | 0.0003   |
|    n_updates         | 668220   |
|    noise_critic_loss | 0.0176   |
-----------------------------------
[Step 453600] VLM Score: 3.25, VLM Success: 50.0%, Sim Success: 50.0%
-----------------------------------
| rollout/             |          |
|    ep_len_mean       | 75       |
|    ep_rew_mean       | 3        |
| time/                |          |
|    episodes          | 1192     |
|    fps               | 1        |
|    time_elapsed      | 53479    |
|    total_timesteps   | 89400    |
| train/               |          |
|    actor_loss        | -2.96    |
|    critic_loss       | 0.00577  |
|    ent_coef          | 0.000939 |
|    ent_coef_loss     | 0.115    |
|    learning_rate     | 0.0003   |
|    n_updates         | 670470   |
|    noise_critic_loss | 0.016    |
-----------------------------------
[Step 454800] VLM Score: 3.25, VLM Success: 50.0%, Sim Success: 75.0%
-----------------------------------
| rollout/             |          |
|    ep_len_mean       | 75       |
|    ep_rew_mean       | 3.02     |
| time/                |          |
|    episodes          | 1196     |
|    fps               | 1        |
|    time_elapsed      | 53615    |
|    total_timesteps   | 89700    |
| train/               |          |
|    actor_loss        | -2.88    |
|    critic_loss       | 0.0057   |
|    ent_coef          | 0.000971 |
|    ent_coef_loss     | -0.254   |
|    learning_rate     | 0.0003   |
|    n_updates         | 672720   |
|    noise_critic_loss | 0.0189   |
-----------------------------------
[Step 456000] VLM Score: 4.00, VLM Success: 75.0%, Sim Success: 25.0%
-----------------------------------
| rollout/             |          |
|    ep_len_mean       | 75       |
|    ep_rew_mean       | 3.07     |
| time/                |          |
|    episodes          | 1200     |
|    fps               | 1        |
|    time_elapsed      | 53752    |
|    total_timesteps   | 90000    |
| train/               |          |
|    actor_loss        | -2.94    |
|    critic_loss       | 0.0067   |
|    ent_coef          | 0.000948 |
|    ent_coef_loss     | -0.102   |
|    learning_rate     | 0.0003   |
|    n_updates         | 674970   |
|    noise_critic_loss | 0.0172   |
-----------------------------------
[Step 457200] VLM Score: 2.75, VLM Success: 25.0%, Sim Success: 25.0%
-----------------------------------
| rollout/             |          |
|    ep_len_mean       | 75       |
|    ep_rew_mean       | 3.08     |
| time/                |          |
|    episodes          | 1204     |
|    fps               | 1        |
|    time_elapsed      | 53889    |
|    total_timesteps   | 90300    |
| train/               |          |
|    actor_loss        | -2.93    |
|    critic_loss       | 0.00555  |
|    ent_coef          | 0.000944 |
|    ent_coef_loss     | 0.688    |
|    learning_rate     | 0.0003   |
|    n_updates         | 677220   |
|    noise_critic_loss | 0.018    |
-----------------------------------
[Step 458400] VLM Score: 2.50, VLM Success: 25.0%, Sim Success: 0.0%
-----------------------------------
| rollout/             |          |
|    ep_len_mean       | 75       |
|    ep_rew_mean       | 3.06     |
| time/                |          |
|    episodes          | 1208     |
|    fps               | 1        |
|    time_elapsed      | 54025    |
|    total_timesteps   | 90600    |
| train/               |          |
|    actor_loss        | -2.96    |
|    critic_loss       | 0.00576  |
|    ent_coef          | 0.000963 |
|    ent_coef_loss     | -0.94    |
|    learning_rate     | 0.0003   |
|    n_updates         | 679470   |
|    noise_critic_loss | 0.0165   |
-----------------------------------
[Step 459600] VLM Score: 3.25, VLM Success: 50.0%, Sim Success: 50.0%
-----------------------------------
| rollout/             |          |
|    ep_len_mean       | 75       |
|    ep_rew_mean       | 3.07     |
| time/                |          |
|    episodes          | 1212     |
|    fps               | 1        |
|    time_elapsed      | 54163    |
|    total_timesteps   | 90900    |
| train/               |          |
|    actor_loss        | -2.99    |
|    critic_loss       | 0.00511  |
|    ent_coef          | 0.00096  |
|    ent_coef_loss     | -0.116   |
|    learning_rate     | 0.0003   |
|    n_updates         | 681720   |
|    noise_critic_loss | 0.0186   |
-----------------------------------
[Step 460800] VLM Score: 2.75, VLM Success: 0.0%, Sim Success: 25.0%
-----------------------------------
| rollout/             |          |
|    ep_len_mean       | 75       |
|    ep_rew_mean       | 3.05     |
| time/                |          |
|    episodes          | 1216     |
|    fps               | 1        |
|    time_elapsed      | 54300    |
|    total_timesteps   | 91200    |
| train/               |          |
|    actor_loss        | -2.95    |
|    critic_loss       | 0.00562  |
|    ent_coef          | 0.000931 |
|    ent_coef_loss     | -1.83    |
|    learning_rate     | 0.0003   |
|    n_updates         | 683970   |
|    noise_critic_loss | 0.0186   |
-----------------------------------
[VLM #2500] Task: Pick up the red cube from the table
    Frames: 62, Raw output: .2 seconds><14.2 seconds><15.2 seconds>Task: Pick up the red cube from the table
assistant
ANSWER: 3
    Parsed discrete score: 3/5 → Reward: -0.50
[Step 462000] VLM Score: 3.25, VLM Success: 25.0%, Sim Success: 25.0%
-----------------------------------
| rollout/             |          |
|    ep_len_mean       | 75       |
|    ep_rew_mean       | 3.07     |
| time/                |          |
|    episodes          | 1220     |
|    fps               | 1        |
|    time_elapsed      | 54436    |
|    total_timesteps   | 91500    |
| train/               |          |
|    actor_loss        | -2.96    |
|    critic_loss       | 0.00542  |
|    ent_coef          | 0.000941 |
|    ent_coef_loss     | -0.976   |
|    learning_rate     | 0.0003   |
|    n_updates         | 686220   |
|    noise_critic_loss | 0.0178   |
-----------------------------------
[Step 463200] VLM Score: 2.25, VLM Success: 0.0%, Sim Success: 75.0%
-----------------------------------
| rollout/             |          |
|    ep_len_mean       | 75       |
|    ep_rew_mean       | 3.01     |
| time/                |          |
|    episodes          | 1224     |
|    fps               | 1        |
|    time_elapsed      | 54573    |
|    total_timesteps   | 91800    |
| train/               |          |
|    actor_loss        | -2.99    |
|    critic_loss       | 0.00567  |
|    ent_coef          | 0.000949 |
|    ent_coef_loss     | 1.45     |
|    learning_rate     | 0.0003   |
|    n_updates         | 688470   |
|    noise_critic_loss | 0.018    |
-----------------------------------
[Step 464400] VLM Score: 3.50, VLM Success: 50.0%, Sim Success: 50.0%
-----------------------------------
| rollout/             |          |
|    ep_len_mean       | 75       |
|    ep_rew_mean       | 3        |
| time/                |          |
|    episodes          | 1228     |
|    fps               | 1        |
|    time_elapsed      | 54711    |
|    total_timesteps   | 92100    |
| train/               |          |
|    actor_loss        | -2.97    |
|    critic_loss       | 0.00614  |
|    ent_coef          | 0.000932 |
|    ent_coef_loss     | -1.39    |
|    learning_rate     | 0.0003   |
|    n_updates         | 690720   |
|    noise_critic_loss | 0.0187   |
-----------------------------------
[Step 465600] VLM Score: 3.00, VLM Success: 25.0%, Sim Success: 50.0%
-----------------------------------
| rollout/             |          |
|    ep_len_mean       | 75       |
|    ep_rew_mean       | 3.03     |
| time/                |          |
|    episodes          | 1232     |
|    fps               | 1        |
|    time_elapsed      | 54849    |
|    total_timesteps   | 92400    |
| train/               |          |
|    actor_loss        | -2.94    |
|    critic_loss       | 0.006    |
|    ent_coef          | 0.000937 |
|    ent_coef_loss     | 0.556    |
|    learning_rate     | 0.0003   |
|    n_updates         | 692970   |
|    noise_critic_loss | 0.0169   |
-----------------------------------
[Step 466800] VLM Score: 2.75, VLM Success: 25.0%, Sim Success: 25.0%
-----------------------------------
| rollout/             |          |
|    ep_len_mean       | 75       |
|    ep_rew_mean       | 3.01     |
| time/                |          |
|    episodes          | 1236     |
|    fps               | 1        |
|    time_elapsed      | 54986    |
|    total_timesteps   | 92700    |
| train/               |          |
|    actor_loss        | -2.98    |
|    critic_loss       | 0.00553  |
|    ent_coef          | 0.000952 |
|    ent_coef_loss     | -0.641   |
|    learning_rate     | 0.0003   |
|    n_updates         | 695220   |
|    noise_critic_loss | 0.0177   |
-----------------------------------
[Step 468000] VLM Score: 4.75, VLM Success: 100.0%, Sim Success: 100.0%
-----------------------------------
| rollout/             |          |
|    ep_len_mean       | 75       |
|    ep_rew_mean       | 3.08     |
| time/                |          |
|    episodes          | 1240     |
|    fps               | 1        |
|    time_elapsed      | 55123    |
|    total_timesteps   | 93000    |
| train/               |          |
|    actor_loss        | -2.91    |
|    critic_loss       | 0.00754  |
|    ent_coef          | 0.000973 |
|    ent_coef_loss     | -0.337   |
|    learning_rate     | 0.0003   |
|    n_updates         | 697470   |
|    noise_critic_loss | 0.0193   |
-----------------------------------
[Step 469200] VLM Score: 2.75, VLM Success: 25.0%, Sim Success: 75.0%
-----------------------------------
| rollout/             |          |
|    ep_len_mean       | 75       |
|    ep_rew_mean       | 3.07     |
| time/                |          |
|    episodes          | 1244     |
|    fps               | 1        |
|    time_elapsed      | 55260    |
|    total_timesteps   | 93300    |
| train/               |          |
|    actor_loss        | -2.95    |
|    critic_loss       | 0.00579  |
|    ent_coef          | 0.00098  |
|    ent_coef_loss     | -0.754   |
|    learning_rate     | 0.0003   |
|    n_updates         | 699720   |
|    noise_critic_loss | 0.0166   |
-----------------------------------
[Step 470400] VLM Score: 2.50, VLM Success: 25.0%, Sim Success: 25.0%
-----------------------------------
| rollout/             |          |
|    ep_len_mean       | 75       |
|    ep_rew_mean       | 3.05     |
| time/                |          |
|    episodes          | 1248     |
|    fps               | 1        |
|    time_elapsed      | 55397    |
|    total_timesteps   | 93600    |
| train/               |          |
|    actor_loss        | -2.91    |
|    critic_loss       | 0.0062   |
|    ent_coef          | 0.000962 |
|    ent_coef_loss     | -1.29    |
|    learning_rate     | 0.0003   |
|    n_updates         | 701970   |
|    noise_critic_loss | 0.0173   |
-----------------------------------
[Step 471600] VLM Score: 3.00, VLM Success: 25.0%, Sim Success: 25.0%
-----------------------------------
| rollout/             |          |
|    ep_len_mean       | 75       |
|    ep_rew_mean       | 3.06     |
| time/                |          |
|    episodes          | 1252     |
|    fps               | 1        |
|    time_elapsed      | 55535    |
|    total_timesteps   | 93900    |
| train/               |          |
|    actor_loss        | -2.91    |
|    critic_loss       | 0.00574  |
|    ent_coef          | 0.000963 |
|    ent_coef_loss     | -1.11    |
|    learning_rate     | 0.0003   |
|    n_updates         | 704220   |
|    noise_critic_loss | 0.0193   |
-----------------------------------
[Step 472800] VLM Score: 2.00, VLM Success: 0.0%, Sim Success: 100.0%
-----------------------------------
| rollout/             |          |
|    ep_len_mean       | 75       |
|    ep_rew_mean       | 3.04     |
| time/                |          |
|    episodes          | 1256     |
|    fps               | 1        |
|    time_elapsed      | 55673    |
|    total_timesteps   | 94200    |
| train/               |          |
|    actor_loss        | -2.95    |
|    critic_loss       | 0.00572  |
|    ent_coef          | 0.000969 |
|    ent_coef_loss     | -1.11    |
|    learning_rate     | 0.0003   |
|    n_updates         | 706470   |
|    noise_critic_loss | 0.0172   |
-----------------------------------
[Step 474000] VLM Score: 3.75, VLM Success: 50.0%, Sim Success: 50.0%
-----------------------------------
| rollout/             |          |
|    ep_len_mean       | 75       |
|    ep_rew_mean       | 3.07     |
| time/                |          |
|    episodes          | 1260     |
|    fps               | 1        |
|    time_elapsed      | 55811    |
|    total_timesteps   | 94500    |
| train/               |          |
|    actor_loss        | -3.01    |
|    critic_loss       | 0.00631  |
|    ent_coef          | 0.000968 |
|    ent_coef_loss     | 0.486    |
|    learning_rate     | 0.0003   |
|    n_updates         | 708720   |
|    noise_critic_loss | 0.0193   |
-----------------------------------
[Step 475200] VLM Score: 2.75, VLM Success: 0.0%, Sim Success: 25.0%
-----------------------------------
| rollout/             |          |
|    ep_len_mean       | 75       |
|    ep_rew_mean       | 3.06     |
| time/                |          |
|    episodes          | 1264     |
|    fps               | 1        |
|    time_elapsed      | 55948    |
|    total_timesteps   | 94800    |
| train/               |          |
|    actor_loss        | -2.93    |
|    critic_loss       | 0.00618  |
|    ent_coef          | 0.000949 |
|    ent_coef_loss     | 0.244    |
|    learning_rate     | 0.0003   |
|    n_updates         | 710970   |
|    noise_critic_loss | 0.0181   |
-----------------------------------
[Step 476400] VLM Score: 4.25, VLM Success: 75.0%, Sim Success: 50.0%
-----------------------------------
| rollout/             |          |
|    ep_len_mean       | 75       |
|    ep_rew_mean       | 3.1      |
| time/                |          |
|    episodes          | 1268     |
|    fps               | 1        |
|    time_elapsed      | 56085    |
|    total_timesteps   | 95100    |
| train/               |          |
|    actor_loss        | -2.92    |
|    critic_loss       | 0.00519  |
|    ent_coef          | 0.000972 |
|    ent_coef_loss     | 1.19     |
|    learning_rate     | 0.0003   |
|    n_updates         | 713220   |
|    noise_critic_loss | 0.0188   |
-----------------------------------
[VLM #2550] Task: Pick up the red cube from the table
    Frames: 62, Raw output: .2 seconds><14.2 seconds><15.2 seconds>Task: Pick up the red cube from the table
assistant
ANSWER: 2
    Parsed discrete score: 2/5 → Reward: -0.75
[Step 477600] VLM Score: 2.00, VLM Success: 0.0%, Sim Success: 0.0%
-----------------------------------
| rollout/             |          |
|    ep_len_mean       | 75       |
|    ep_rew_mean       | 3.04     |
| time/                |          |
|    episodes          | 1272     |
|    fps               | 1        |
|    time_elapsed      | 56221    |
|    total_timesteps   | 95400    |
| train/               |          |
|    actor_loss        | -2.94    |
|    critic_loss       | 0.00586  |
|    ent_coef          | 0.00097  |
|    ent_coef_loss     | -2.08    |
|    learning_rate     | 0.0003   |
|    n_updates         | 715470   |
|    noise_critic_loss | 0.0176   |
-----------------------------------
[Step 478800] VLM Score: 3.50, VLM Success: 50.0%, Sim Success: 75.0%
-----------------------------------
| rollout/             |          |
|    ep_len_mean       | 75       |
|    ep_rew_mean       | 3.04     |
| time/                |          |
|    episodes          | 1276     |
|    fps               | 1        |
|    time_elapsed      | 56360    |
|    total_timesteps   | 95700    |
| train/               |          |
|    actor_loss        | -2.94    |
|    critic_loss       | 0.00573  |
|    ent_coef          | 0.00098  |
|    ent_coef_loss     | 0.706    |
|    learning_rate     | 0.0003   |
|    n_updates         | 717720   |
|    noise_critic_loss | 0.0171   |
-----------------------------------
[Step 480000] VLM Score: 3.50, VLM Success: 50.0%, Sim Success: 50.0%
Eval episode 0 at timestep 480000
Eval episode 1 at timestep 480000
Eval episode 2 at timestep 480000
Eval episode 3 at timestep 480000
Eval episode 4 at timestep 480000
Eval episode 5 at timestep 480000
Eval episode 6 at timestep 480000
Eval episode 7 at timestep 480000
Eval episode 8 at timestep 480000
Eval episode 9 at timestep 480000
Eval episode 10 at timestep 480000
Eval episode 11 at timestep 480000
Eval episode 12 at timestep 480000
Eval episode 13 at timestep 480000
Eval episode 14 at timestep 480000
Eval episode 15 at timestep 480000
Eval episode 16 at timestep 480000
Eval episode 17 at timestep 480000
Eval episode 18 at timestep 480000
Eval episode 19 at timestep 480000
Eval episode 20 at timestep 480000
Eval episode 21 at timestep 480000
Eval episode 22 at timestep 480000
Eval episode 23 at timestep 480000
Eval episode 24 at timestep 480000
Eval episode 25 at timestep 480000
Eval episode 26 at timestep 480000
Eval episode 27 at timestep 480000
Eval episode 28 at timestep 480000
Eval episode 29 at timestep 480000
Eval episode 30 at timestep 480000
Eval episode 31 at timestep 480000
Eval episode 32 at timestep 480000
Eval episode 33 at timestep 480000
Eval episode 34 at timestep 480000
Eval episode 35 at timestep 480000
Eval episode 36 at timestep 480000
Eval episode 37 at timestep 480000
Eval episode 38 at timestep 480000
Eval episode 39 at timestep 480000
Eval episode 40 at timestep 480000
Eval episode 41 at timestep 480000
Eval episode 42 at timestep 480000
Eval episode 43 at timestep 480000
Eval episode 44 at timestep 480000
Eval episode 45 at timestep 480000
Eval episode 46 at timestep 480000
Eval episode 47 at timestep 480000
Eval episode 48 at timestep 480000
Eval episode 49 at timestep 480000
-----------------------------------
| rollout/             |          |
|    ep_len_mean       | 75       |
|    ep_rew_mean       | 3.07     |
| time/                |          |
|    episodes          | 1280     |
|    fps               | 1        |
|    time_elapsed      | 58305    |
|    total_timesteps   | 96000    |
| train/               |          |
|    actor_loss        | -2.92    |
|    critic_loss       | 0.00551  |
|    ent_coef          | 0.00097  |
|    ent_coef_loss     | -1.22    |
|    learning_rate     | 0.0003   |
|    n_updates         | 719970   |
|    noise_critic_loss | 0.0174   |
-----------------------------------
[Step 481200] VLM Score: 2.50, VLM Success: 25.0%, Sim Success: 75.0%
-----------------------------------
| rollout/             |          |
|    ep_len_mean       | 75       |
|    ep_rew_mean       | 3.07     |
| time/                |          |
|    episodes          | 1284     |
|    fps               | 1        |
|    time_elapsed      | 58443    |
|    total_timesteps   | 96300    |
| train/               |          |
|    actor_loss        | -2.91    |
|    critic_loss       | 0.0052   |
|    ent_coef          | 0.000964 |
|    ent_coef_loss     | 0.078    |
|    learning_rate     | 0.0003   |
|    n_updates         | 722220   |
|    noise_critic_loss | 0.0182   |
-----------------------------------
[Step 482400] VLM Score: 2.25, VLM Success: 0.0%, Sim Success: 0.0%
-----------------------------------
| rollout/             |          |
|    ep_len_mean       | 75       |
|    ep_rew_mean       | 3.04     |
| time/                |          |
|    episodes          | 1288     |
|    fps               | 1        |
|    time_elapsed      | 58580    |
|    total_timesteps   | 96600    |
| train/               |          |
|    actor_loss        | -2.9     |
|    critic_loss       | 0.00534  |
|    ent_coef          | 0.000968 |
|    ent_coef_loss     | 0.414    |
|    learning_rate     | 0.0003   |
|    n_updates         | 724470   |
|    noise_critic_loss | 0.0202   |
-----------------------------------
[Step 483600] VLM Score: 3.25, VLM Success: 25.0%, Sim Success: 50.0%
-----------------------------------
| rollout/             |          |
|    ep_len_mean       | 75       |
|    ep_rew_mean       | 3.04     |
| time/                |          |
|    episodes          | 1292     |
|    fps               | 1        |
|    time_elapsed      | 58718    |
|    total_timesteps   | 96900    |
| train/               |          |
|    actor_loss        | -2.94    |
|    critic_loss       | 0.00544  |
|    ent_coef          | 0.000978 |
|    ent_coef_loss     | 2.08     |
|    learning_rate     | 0.0003   |
|    n_updates         | 726720   |
|    noise_critic_loss | 0.0166   |
-----------------------------------
[Step 484800] VLM Score: 3.25, VLM Success: 50.0%, Sim Success: 50.0%
-----------------------------------
| rollout/             |          |
|    ep_len_mean       | 75       |
|    ep_rew_mean       | 3.04     |
| time/                |          |
|    episodes          | 1296     |
|    fps               | 1        |
|    time_elapsed      | 58856    |
|    total_timesteps   | 97200    |
| train/               |          |
|    actor_loss        | -2.96    |
|    critic_loss       | 0.006    |
|    ent_coef          | 0.000976 |
|    ent_coef_loss     | -1.65    |
|    learning_rate     | 0.0003   |
|    n_updates         | 728970   |
|    noise_critic_loss | 0.0169   |
-----------------------------------
[Step 486000] VLM Score: 3.00, VLM Success: 25.0%, Sim Success: 50.0%
-----------------------------------
| rollout/             |          |
|    ep_len_mean       | 75       |
|    ep_rew_mean       | 3        |
| time/                |          |
|    episodes          | 1300     |
|    fps               | 1        |
|    time_elapsed      | 58994    |
|    total_timesteps   | 97500    |
| train/               |          |
|    actor_loss        | -2.93    |
|    critic_loss       | 0.00559  |
|    ent_coef          | 0.000951 |
|    ent_coef_loss     | 0.583    |
|    learning_rate     | 0.0003   |
|    n_updates         | 731220   |
|    noise_critic_loss | 0.0172   |
-----------------------------------
[Step 487200] VLM Score: 4.00, VLM Success: 75.0%, Sim Success: 50.0%
-----------------------------------
| rollout/             |          |
|    ep_len_mean       | 75       |
|    ep_rew_mean       | 3.05     |
| time/                |          |
|    episodes          | 1304     |
|    fps               | 1        |
|    time_elapsed      | 59133    |
|    total_timesteps   | 97800    |
| train/               |          |
|    actor_loss        | -2.94    |
|    critic_loss       | 0.00568  |
|    ent_coef          | 0.000985 |
|    ent_coef_loss     | -2.52    |
|    learning_rate     | 0.0003   |
|    n_updates         | 733470   |
|    noise_critic_loss | 0.0174   |
-----------------------------------
[Step 488400] VLM Score: 2.50, VLM Success: 0.0%, Sim Success: 75.0%
-----------------------------------
| rollout/             |          |
|    ep_len_mean       | 75       |
|    ep_rew_mean       | 3.05     |
| time/                |          |
|    episodes          | 1308     |
|    fps               | 1        |
|    time_elapsed      | 59272    |
|    total_timesteps   | 98100    |
| train/               |          |
|    actor_loss        | -2.91    |
|    critic_loss       | 0.0066   |
|    ent_coef          | 0.000988 |
|    ent_coef_loss     | -2.66    |
|    learning_rate     | 0.0003   |
|    n_updates         | 735720   |
|    noise_critic_loss | 0.018    |
-----------------------------------
[Step 489600] VLM Score: 2.75, VLM Success: 25.0%, Sim Success: 25.0%
-----------------------------------
| rollout/             |          |
|    ep_len_mean       | 75       |
|    ep_rew_mean       | 3.03     |
| time/                |          |
|    episodes          | 1312     |
|    fps               | 1        |
|    time_elapsed      | 59410    |
|    total_timesteps   | 98400    |
| train/               |          |
|    actor_loss        | -2.95    |
|    critic_loss       | 0.00541  |
|    ent_coef          | 0.001    |
|    ent_coef_loss     | 0.262    |
|    learning_rate     | 0.0003   |
|    n_updates         | 737970   |
|    noise_critic_loss | 0.0201   |
-----------------------------------
[Step 490800] VLM Score: 3.00, VLM Success: 25.0%, Sim Success: 75.0%
-----------------------------------
| rollout/             |          |
|    ep_len_mean       | 75       |
|    ep_rew_mean       | 3.04     |
| time/                |          |
|    episodes          | 1316     |
|    fps               | 1        |
|    time_elapsed      | 59548    |
|    total_timesteps   | 98700    |
| train/               |          |
|    actor_loss        | -2.96    |
|    critic_loss       | 0.00635  |
|    ent_coef          | 0.000999 |
|    ent_coef_loss     | 2.62     |
|    learning_rate     | 0.0003   |
|    n_updates         | 740220   |
|    noise_critic_loss | 0.0176   |
-----------------------------------
[VLM #2600] Task: Pick up the red cube from the table
    Frames: 62, Raw output: .2 seconds><14.2 seconds><15.2 seconds>Task: Pick up the red cube from the table
assistant
ANSWER: 3
    Parsed discrete score: 3/5 → Reward: -0.50
[Step 492000] VLM Score: 2.50, VLM Success: 0.0%, Sim Success: 25.0%
-----------------------------------
| rollout/             |          |
|    ep_len_mean       | 75       |
|    ep_rew_mean       | 3.01     |
| time/                |          |
|    episodes          | 1320     |
|    fps               | 1        |
|    time_elapsed      | 59685    |
|    total_timesteps   | 99000    |
| train/               |          |
|    actor_loss        | -2.87    |
|    critic_loss       | 0.00557  |
|    ent_coef          | 0.001    |
|    ent_coef_loss     | -1.48    |
|    learning_rate     | 0.0003   |
|    n_updates         | 742470   |
|    noise_critic_loss | 0.0206   |
-----------------------------------
[Step 493200] VLM Score: 3.75, VLM Success: 50.0%, Sim Success: 25.0%
-----------------------------------
| rollout/             |          |
|    ep_len_mean       | 75       |
|    ep_rew_mean       | 3.07     |
| time/                |          |
|    episodes          | 1324     |
|    fps               | 1        |
|    time_elapsed      | 59823    |
|    total_timesteps   | 99300    |
| train/               |          |
|    actor_loss        | -2.88    |
|    critic_loss       | 0.00575  |
|    ent_coef          | 0.000954 |
|    ent_coef_loss     | 0.608    |
|    learning_rate     | 0.0003   |
|    n_updates         | 744720   |
|    noise_critic_loss | 0.0191   |
-----------------------------------
[Step 494400] VLM Score: 4.00, VLM Success: 75.0%, Sim Success: 50.0%
-----------------------------------
| rollout/             |          |
|    ep_len_mean       | 75       |
|    ep_rew_mean       | 3.09     |
| time/                |          |
|    episodes          | 1328     |
|    fps               | 1        |
|    time_elapsed      | 59960    |
|    total_timesteps   | 99600    |
| train/               |          |
|    actor_loss        | -2.96    |
|    critic_loss       | 0.00609  |
|    ent_coef          | 0.000964 |
|    ent_coef_loss     | 2.78     |
|    learning_rate     | 0.0003   |
|    n_updates         | 746970   |
|    noise_critic_loss | 0.0187   |
-----------------------------------
[Step 495600] VLM Score: 3.50, VLM Success: 50.0%, Sim Success: 75.0%
-----------------------------------
| rollout/             |          |
|    ep_len_mean       | 75       |
|    ep_rew_mean       | 3.11     |
| time/                |          |
|    episodes          | 1332     |
|    fps               | 1        |
|    time_elapsed      | 60098    |
|    total_timesteps   | 99900    |
| train/               |          |
|    actor_loss        | -2.87    |
|    critic_loss       | 0.0057   |
|    ent_coef          | 0.000954 |
|    ent_coef_loss     | 0.0198   |
|    learning_rate     | 0.0003   |
|    n_updates         | 749220   |
|    noise_critic_loss | 0.0185   |
-----------------------------------
[Step 496800] VLM Score: 2.25, VLM Success: 0.0%, Sim Success: 50.0%
-----------------------------------
| rollout/             |          |
|    ep_len_mean       | 75       |
|    ep_rew_mean       | 3.09     |
| time/                |          |
|    episodes          | 1336     |
|    fps               | 1        |
|    time_elapsed      | 60236    |
|    total_timesteps   | 100200   |
| train/               |          |
|    actor_loss        | -2.91    |
|    critic_loss       | 0.00571  |
|    ent_coef          | 0.000984 |
|    ent_coef_loss     | 0.00175  |
|    learning_rate     | 0.0003   |
|    n_updates         | 751470   |
|    noise_critic_loss | 0.0168   |
-----------------------------------
[Step 498000] VLM Score: 2.25, VLM Success: 0.0%, Sim Success: 25.0%
-----------------------------------
| rollout/             |          |
|    ep_len_mean       | 75       |
|    ep_rew_mean       | 2.99     |
| time/                |          |
|    episodes          | 1340     |
|    fps               | 1        |
|    time_elapsed      | 60374    |
|    total_timesteps   | 100500   |
| train/               |          |
|    actor_loss        | -2.92    |
|    critic_loss       | 0.00615  |
|    ent_coef          | 0.00098  |
|    ent_coef_loss     | 0.342    |
|    learning_rate     | 0.0003   |
|    n_updates         | 753720   |
|    noise_critic_loss | 0.0153   |
-----------------------------------
[Step 499200] VLM Score: 3.00, VLM Success: 25.0%, Sim Success: 75.0%
-----------------------------------
| rollout/             |          |
|    ep_len_mean       | 75       |
|    ep_rew_mean       | 3        |
| time/                |          |
|    episodes          | 1344     |
|    fps               | 1        |
|    time_elapsed      | 60513    |
|    total_timesteps   | 100800   |
| train/               |          |
|    actor_loss        | -2.88    |
|    critic_loss       | 0.00574  |
|    ent_coef          | 0.000981 |
|    ent_coef_loss     | 0.596    |
|    learning_rate     | 0.0003   |
|    n_updates         | 755970   |
|    noise_critic_loss | 0.0192   |
-----------------------------------
[Step 500400] VLM Score: 2.75, VLM Success: 25.0%, Sim Success: 25.0%
-----------------------------------
| rollout/             |          |
|    ep_len_mean       | 75       |
|    ep_rew_mean       | 3.01     |
| time/                |          |
|    episodes          | 1348     |
|    fps               | 1        |
|    time_elapsed      | 60650    |
|    total_timesteps   | 101100   |
| train/               |          |
|    actor_loss        | -2.93    |
|    critic_loss       | 0.00557  |
|    ent_coef          | 0.000969 |
|    ent_coef_loss     | 0.804    |
|    learning_rate     | 0.0003   |
|    n_updates         | 758220   |
|    noise_critic_loss | 0.0179   |
-----------------------------------
[Step 501600] VLM Score: 3.00, VLM Success: 25.0%, Sim Success: 100.0%
-----------------------------------
| rollout/             |          |
|    ep_len_mean       | 75       |
|    ep_rew_mean       | 3.01     |
| time/                |          |
|    episodes          | 1352     |
|    fps               | 1        |
|    time_elapsed      | 60788    |
|    total_timesteps   | 101400   |
| train/               |          |
|    actor_loss        | -2.9     |
|    critic_loss       | 0.0053   |
|    ent_coef          | 0.00099  |
|    ent_coef_loss     | -4.69    |
|    learning_rate     | 0.0003   |
|    n_updates         | 760470   |
|    noise_critic_loss | 0.0163   |
-----------------------------------
[Step 502800] VLM Score: 2.50, VLM Success: 25.0%, Sim Success: 75.0%
-----------------------------------
| rollout/             |          |
|    ep_len_mean       | 75       |
|    ep_rew_mean       | 3.03     |
| time/                |          |
|    episodes          | 1356     |
|    fps               | 1        |
|    time_elapsed      | 60926    |
|    total_timesteps   | 101700   |
| train/               |          |
|    actor_loss        | -2.91    |
|    critic_loss       | 0.00616  |
|    ent_coef          | 0.000964 |
|    ent_coef_loss     | -0.885   |
|    learning_rate     | 0.0003   |
|    n_updates         | 762720   |
|    noise_critic_loss | 0.0198   |
-----------------------------------
[Step 504000] VLM Score: 3.00, VLM Success: 25.0%, Sim Success: 50.0%
-----------------------------------
| rollout/             |          |
|    ep_len_mean       | 75       |
|    ep_rew_mean       | 3        |
| time/                |          |
|    episodes          | 1360     |
|    fps               | 1        |
|    time_elapsed      | 61065    |
|    total_timesteps   | 102000   |
| train/               |          |
|    actor_loss        | -2.87    |
|    critic_loss       | 0.00549  |
|    ent_coef          | 0.000951 |
|    ent_coef_loss     | -1.55    |
|    learning_rate     | 0.0003   |
|    n_updates         | 764970   |
|    noise_critic_loss | 0.0177   |
-----------------------------------
[Step 505200] VLM Score: 4.25, VLM Success: 75.0%, Sim Success: 50.0%
-----------------------------------
| rollout/             |          |
|    ep_len_mean       | 75       |
|    ep_rew_mean       | 3.06     |
| time/                |          |
|    episodes          | 1364     |
|    fps               | 1        |
|    time_elapsed      | 61202    |
|    total_timesteps   | 102300   |
| train/               |          |
|    actor_loss        | -2.91    |
|    critic_loss       | 0.00566  |
|    ent_coef          | 0.000982 |
|    ent_coef_loss     | 2.26     |
|    learning_rate     | 0.0003   |
|    n_updates         | 767220   |
|    noise_critic_loss | 0.0181   |
-----------------------------------
[Step 506400] VLM Score: 3.25, VLM Success: 25.0%, Sim Success: 50.0%
-----------------------------------
| rollout/             |          |
|    ep_len_mean       | 75       |
|    ep_rew_mean       | 3.02     |
| time/                |          |
|    episodes          | 1368     |
|    fps               | 1        |
|    time_elapsed      | 61339    |
|    total_timesteps   | 102600   |
| train/               |          |
|    actor_loss        | -2.87    |
|    critic_loss       | 0.00598  |
|    ent_coef          | 0.000984 |
|    ent_coef_loss     | 0.742    |
|    learning_rate     | 0.0003   |
|    n_updates         | 769470   |
|    noise_critic_loss | 0.0175   |
-----------------------------------
[VLM #2650] Task: Pick up the red cube from the table
    Frames: 62, Raw output: .2 seconds><14.2 seconds><15.2 seconds>Task: Pick up the red cube from the table
assistant
ANSWER: 2
    Parsed discrete score: 2/5 → Reward: -0.75
[Step 507600] VLM Score: 2.25, VLM Success: 0.0%, Sim Success: 25.0%
-----------------------------------
| rollout/             |          |
|    ep_len_mean       | 75       |
|    ep_rew_mean       | 3.03     |
| time/                |          |
|    episodes          | 1372     |
|    fps               | 1        |
|    time_elapsed      | 61478    |
|    total_timesteps   | 102900   |
| train/               |          |
|    actor_loss        | -2.85    |
|    critic_loss       | 0.00568  |
|    ent_coef          | 0.000983 |
|    ent_coef_loss     | 0.0376   |
|    learning_rate     | 0.0003   |
|    n_updates         | 771720   |
|    noise_critic_loss | 0.0189   |
-----------------------------------
[Step 508800] VLM Score: 3.00, VLM Success: 50.0%, Sim Success: 25.0%
-----------------------------------
| rollout/             |          |
|    ep_len_mean       | 75       |
|    ep_rew_mean       | 3.01     |
| time/                |          |
|    episodes          | 1376     |
|    fps               | 1        |
|    time_elapsed      | 61615    |
|    total_timesteps   | 103200   |
| train/               |          |
|    actor_loss        | -2.87    |
|    critic_loss       | 0.00519  |
|    ent_coef          | 0.000974 |
|    ent_coef_loss     | -2.54    |
|    learning_rate     | 0.0003   |
|    n_updates         | 773970   |
|    noise_critic_loss | 0.018    |
-----------------------------------
[Step 510000] VLM Score: 2.00, VLM Success: 0.0%, Sim Success: 100.0%
-----------------------------------
| rollout/             |          |
|    ep_len_mean       | 75       |
|    ep_rew_mean       | 2.95     |
| time/                |          |
|    episodes          | 1380     |
|    fps               | 1        |
|    time_elapsed      | 61753    |
|    total_timesteps   | 103500   |
| train/               |          |
|    actor_loss        | -2.91    |
|    critic_loss       | 0.00516  |
|    ent_coef          | 0.00096  |
|    ent_coef_loss     | -1.75    |
|    learning_rate     | 0.0003   |
|    n_updates         | 776220   |
|    noise_critic_loss | 0.0177   |
-----------------------------------
[Step 511200] VLM Score: 3.25, VLM Success: 50.0%, Sim Success: 75.0%
-----------------------------------
| rollout/             |          |
|    ep_len_mean       | 75       |
|    ep_rew_mean       | 2.98     |
| time/                |          |
|    episodes          | 1384     |
|    fps               | 1        |
|    time_elapsed      | 61891    |
|    total_timesteps   | 103800   |
| train/               |          |
|    actor_loss        | -2.98    |
|    critic_loss       | 0.00539  |
|    ent_coef          | 0.000983 |
|    ent_coef_loss     | -0.428   |
|    learning_rate     | 0.0003   |
|    n_updates         | 778470   |
|    noise_critic_loss | 0.0207   |
-----------------------------------
[Step 512400] VLM Score: 2.75, VLM Success: 25.0%, Sim Success: 100.0%
-----------------------------------
| rollout/             |          |
|    ep_len_mean       | 75       |
|    ep_rew_mean       | 3        |
| time/                |          |
|    episodes          | 1388     |
|    fps               | 1        |
|    time_elapsed      | 62029    |
|    total_timesteps   | 104100   |
| train/               |          |
|    actor_loss        | -2.85    |
|    critic_loss       | 0.00607  |
|    ent_coef          | 0.001    |
|    ent_coef_loss     | -0.0785  |
|    learning_rate     | 0.0003   |
|    n_updates         | 780720   |
|    noise_critic_loss | 0.0204   |
-----------------------------------
[Step 513600] VLM Score: 3.00, VLM Success: 50.0%, Sim Success: 0.0%
-----------------------------------
| rollout/             |          |
|    ep_len_mean       | 75       |
|    ep_rew_mean       | 2.99     |
| time/                |          |
|    episodes          | 1392     |
|    fps               | 1        |
|    time_elapsed      | 62168    |
|    total_timesteps   | 104400   |
| train/               |          |
|    actor_loss        | -2.87    |
|    critic_loss       | 0.00543  |
|    ent_coef          | 0.001    |
|    ent_coef_loss     | 0.443    |
|    learning_rate     | 0.0003   |
|    n_updates         | 782970   |
|    noise_critic_loss | 0.0179   |
-----------------------------------
[Step 514800] VLM Score: 3.50, VLM Success: 50.0%, Sim Success: 0.0%
-----------------------------------
| rollout/             |          |
|    ep_len_mean       | 75       |
|    ep_rew_mean       | 3        |
| time/                |          |
|    episodes          | 1396     |
|    fps               | 1        |
|    time_elapsed      | 62307    |
|    total_timesteps   | 104700   |
| train/               |          |
|    actor_loss        | -2.88    |
|    critic_loss       | 0.00587  |
|    ent_coef          | 0.000974 |
|    ent_coef_loss     | 1.91     |
|    learning_rate     | 0.0003   |
|    n_updates         | 785220   |
|    noise_critic_loss | 0.0172   |
-----------------------------------
[Step 516000] VLM Score: 3.75, VLM Success: 75.0%, Sim Success: 25.0%
-----------------------------------
| rollout/             |          |
|    ep_len_mean       | 75       |
|    ep_rew_mean       | 3.03     |
| time/                |          |
|    episodes          | 1400     |
|    fps               | 1        |
|    time_elapsed      | 62444    |
|    total_timesteps   | 105000   |
| train/               |          |
|    actor_loss        | -2.91    |
|    critic_loss       | 0.00574  |
|    ent_coef          | 0.000987 |
|    ent_coef_loss     | -0.0684  |
|    learning_rate     | 0.0003   |
|    n_updates         | 787470   |
|    noise_critic_loss | 0.019    |
-----------------------------------
[Step 517200] VLM Score: 4.50, VLM Success: 75.0%, Sim Success: 25.0%
-----------------------------------
| rollout/             |          |
|    ep_len_mean       | 75       |
|    ep_rew_mean       | 3.05     |
| time/                |          |
|    episodes          | 1404     |
|    fps               | 1        |
|    time_elapsed      | 62582    |
|    total_timesteps   | 105300   |
| train/               |          |
|    actor_loss        | -2.91    |
|    critic_loss       | 0.00566  |
|    ent_coef          | 0.000998 |
|    ent_coef_loss     | -2.87    |
|    learning_rate     | 0.0003   |
|    n_updates         | 789720   |
|    noise_critic_loss | 0.0182   |
-----------------------------------
[Step 518400] VLM Score: 2.75, VLM Success: 25.0%, Sim Success: 75.0%
-----------------------------------
| rollout/             |          |
|    ep_len_mean       | 75       |
|    ep_rew_mean       | 3.06     |
| time/                |          |
|    episodes          | 1408     |
|    fps               | 1        |
|    time_elapsed      | 62720    |
|    total_timesteps   | 105600   |
| train/               |          |
|    actor_loss        | -2.93    |
|    critic_loss       | 0.00577  |
|    ent_coef          | 0.00097  |
|    ent_coef_loss     | 1.13     |
|    learning_rate     | 0.0003   |
|    n_updates         | 791970   |
|    noise_critic_loss | 0.0209   |
-----------------------------------
[Step 519600] VLM Score: 4.50, VLM Success: 100.0%, Sim Success: 75.0%
-----------------------------------
| rollout/             |          |
|    ep_len_mean       | 75       |
|    ep_rew_mean       | 3.13     |
| time/                |          |
|    episodes          | 1412     |
|    fps               | 1        |
|    time_elapsed      | 62857    |
|    total_timesteps   | 105900   |
| train/               |          |
|    actor_loss        | -2.91    |
|    critic_loss       | 0.00541  |
|    ent_coef          | 0.000976 |
|    ent_coef_loss     | 1.4      |
|    learning_rate     | 0.0003   |
|    n_updates         | 794220   |
|    noise_critic_loss | 0.0177   |
-----------------------------------
[Step 520800] VLM Score: 2.00, VLM Success: 0.0%, Sim Success: 100.0%
-----------------------------------
| rollout/             |          |
|    ep_len_mean       | 75       |
|    ep_rew_mean       | 3.09     |
| time/                |          |
|    episodes          | 1416     |
|    fps               | 1        |
|    time_elapsed      | 62995    |
|    total_timesteps   | 106200   |
| train/               |          |
|    actor_loss        | -2.88    |
|    critic_loss       | 0.00639  |
|    ent_coef          | 0.000976 |
|    ent_coef_loss     | 0.719    |
|    learning_rate     | 0.0003   |
|    n_updates         | 796470   |
|    noise_critic_loss | 0.0181   |
-----------------------------------
[VLM #2700] Task: Pick up the red cube from the table
    Frames: 62, Raw output: .2 seconds><14.2 seconds><15.2 seconds>Task: Pick up the red cube from the table
assistant
ANSWER: 2
    Parsed discrete score: 2/5 → Reward: -0.75
[Step 522000] VLM Score: 3.50, VLM Success: 50.0%, Sim Success: 75.0%
-----------------------------------
| rollout/             |          |
|    ep_len_mean       | 75       |
|    ep_rew_mean       | 3.13     |
| time/                |          |
|    episodes          | 1420     |
|    fps               | 1        |
|    time_elapsed      | 63133    |
|    total_timesteps   | 106500   |
| train/               |          |
|    actor_loss        | -2.91    |
|    critic_loss       | 0.0055   |
|    ent_coef          | 0.00095  |
|    ent_coef_loss     | 0.456    |
|    learning_rate     | 0.0003   |
|    n_updates         | 798720   |
|    noise_critic_loss | 0.019    |
-----------------------------------
[Step 523200] VLM Score: 3.25, VLM Success: 50.0%, Sim Success: 50.0%
-----------------------------------
| rollout/             |          |
|    ep_len_mean       | 75       |
|    ep_rew_mean       | 3.11     |
| time/                |          |
|    episodes          | 1424     |
|    fps               | 1        |
|    time_elapsed      | 63269    |
|    total_timesteps   | 106800   |
| train/               |          |
|    actor_loss        | -2.94    |
|    critic_loss       | 0.00606  |
|    ent_coef          | 0.000978 |
|    ent_coef_loss     | -0.911   |
|    learning_rate     | 0.0003   |
|    n_updates         | 800970   |
|    noise_critic_loss | 0.0171   |
-----------------------------------
[Step 524400] VLM Score: 3.50, VLM Success: 50.0%, Sim Success: 75.0%
-----------------------------------
| rollout/             |          |
|    ep_len_mean       | 75       |
|    ep_rew_mean       | 3.09     |
| time/                |          |
|    episodes          | 1428     |
|    fps               | 1        |
|    time_elapsed      | 63407    |
|    total_timesteps   | 107100   |
| train/               |          |
|    actor_loss        | -2.94    |
|    critic_loss       | 0.00632  |
|    ent_coef          | 0.000962 |
|    ent_coef_loss     | 0.861    |
|    learning_rate     | 0.0003   |
|    n_updates         | 803220   |
|    noise_critic_loss | 0.0178   |
-----------------------------------
[Step 525600] VLM Score: 2.25, VLM Success: 0.0%, Sim Success: 50.0%
-----------------------------------
| rollout/             |          |
|    ep_len_mean       | 75       |
|    ep_rew_mean       | 3.04     |
| time/                |          |
|    episodes          | 1432     |
|    fps               | 1        |
|    time_elapsed      | 63544    |
|    total_timesteps   | 107400   |
| train/               |          |
|    actor_loss        | -2.91    |
|    critic_loss       | 0.00556  |
|    ent_coef          | 0.000989 |
|    ent_coef_loss     | -0.478   |
|    learning_rate     | 0.0003   |
|    n_updates         | 805470   |
|    noise_critic_loss | 0.0199   |
-----------------------------------
[Step 526800] VLM Score: 3.00, VLM Success: 25.0%, Sim Success: 75.0%
-----------------------------------
| rollout/             |          |
|    ep_len_mean       | 75       |
|    ep_rew_mean       | 3.07     |
| time/                |          |
|    episodes          | 1436     |
|    fps               | 1        |
|    time_elapsed      | 63681    |
|    total_timesteps   | 107700   |
| train/               |          |
|    actor_loss        | -2.88    |
|    critic_loss       | 0.00535  |
|    ent_coef          | 0.001    |
|    ent_coef_loss     | -1.15    |
|    learning_rate     | 0.0003   |
|    n_updates         | 807720   |
|    noise_critic_loss | 0.0193   |
-----------------------------------
[Step 528000] VLM Score: 3.50, VLM Success: 50.0%, Sim Success: 50.0%
Eval episode 0 at timestep 528000
Eval episode 1 at timestep 528000
Eval episode 2 at timestep 528000
Eval episode 3 at timestep 528000
Eval episode 4 at timestep 528000
Eval episode 5 at timestep 528000
Eval episode 6 at timestep 528000
Eval episode 7 at timestep 528000
Eval episode 8 at timestep 528000
Eval episode 9 at timestep 528000
Eval episode 10 at timestep 528000
Eval episode 11 at timestep 528000
Eval episode 12 at timestep 528000
Eval episode 13 at timestep 528000
Eval episode 14 at timestep 528000
Eval episode 15 at timestep 528000
Eval episode 16 at timestep 528000
Eval episode 17 at timestep 528000
Eval episode 18 at timestep 528000
Eval episode 19 at timestep 528000
Eval episode 20 at timestep 528000
Eval episode 21 at timestep 528000
Eval episode 22 at timestep 528000
Eval episode 23 at timestep 528000
Eval episode 24 at timestep 528000
Eval episode 25 at timestep 528000
Eval episode 26 at timestep 528000
Eval episode 27 at timestep 528000
Eval episode 28 at timestep 528000
Eval episode 29 at timestep 528000
Eval episode 30 at timestep 528000
Eval episode 31 at timestep 528000
Eval episode 32 at timestep 528000
Eval episode 33 at timestep 528000
Eval episode 34 at timestep 528000
Eval episode 35 at timestep 528000
Eval episode 36 at timestep 528000
Eval episode 37 at timestep 528000
Eval episode 38 at timestep 528000
Eval episode 39 at timestep 528000
Eval episode 40 at timestep 528000
Eval episode 41 at timestep 528000
Eval episode 42 at timestep 528000
Eval episode 43 at timestep 528000
Eval episode 44 at timestep 528000
Eval episode 45 at timestep 528000
Eval episode 46 at timestep 528000
Eval episode 47 at timestep 528000
Eval episode 48 at timestep 528000
Eval episode 49 at timestep 528000
-----------------------------------
| rollout/             |          |
|    ep_len_mean       | 75       |
|    ep_rew_mean       | 3.12     |
| time/                |          |
|    episodes          | 1440     |
|    fps               | 1        |
|    time_elapsed      | 65615    |
|    total_timesteps   | 108000   |
| train/               |          |
|    actor_loss        | -2.88    |
|    critic_loss       | 0.00662  |
|    ent_coef          | 0.000977 |
|    ent_coef_loss     | -1.22    |
|    learning_rate     | 0.0003   |
|    n_updates         | 809970   |
|    noise_critic_loss | 0.0182   |
-----------------------------------
[Step 529200] VLM Score: 2.75, VLM Success: 25.0%, Sim Success: 75.0%
-----------------------------------
| rollout/             |          |
|    ep_len_mean       | 75       |
|    ep_rew_mean       | 3.11     |
| time/                |          |
|    episodes          | 1444     |
|    fps               | 1        |
|    time_elapsed      | 65752    |
|    total_timesteps   | 108300   |
| train/               |          |
|    actor_loss        | -2.86    |
|    critic_loss       | 0.00565  |
|    ent_coef          | 0.001    |
|    ent_coef_loss     | 0.209    |
|    learning_rate     | 0.0003   |
|    n_updates         | 812220   |
|    noise_critic_loss | 0.0176   |
-----------------------------------
[Step 530400] VLM Score: 2.50, VLM Success: 25.0%, Sim Success: 25.0%
-----------------------------------
| rollout/             |          |
|    ep_len_mean       | 75       |
|    ep_rew_mean       | 3.1      |
| time/                |          |
|    episodes          | 1448     |
|    fps               | 1        |
|    time_elapsed      | 65889    |
|    total_timesteps   | 108600   |
| train/               |          |
|    actor_loss        | -2.85    |
|    critic_loss       | 0.00601  |
|    ent_coef          | 0.000981 |
|    ent_coef_loss     | 2.48     |
|    learning_rate     | 0.0003   |
|    n_updates         | 814470   |
|    noise_critic_loss | 0.0171   |
-----------------------------------
[Step 531600] VLM Score: 2.75, VLM Success: 25.0%, Sim Success: 0.0%
-----------------------------------
| rollout/             |          |
|    ep_len_mean       | 75       |
|    ep_rew_mean       | 3.09     |
| time/                |          |
|    episodes          | 1452     |
|    fps               | 1        |
|    time_elapsed      | 66024    |
|    total_timesteps   | 108900   |
| train/               |          |
|    actor_loss        | -2.88    |
|    critic_loss       | 0.00576  |
|    ent_coef          | 0.000982 |
|    ent_coef_loss     | -0.517   |
|    learning_rate     | 0.0003   |
|    n_updates         | 816720   |
|    noise_critic_loss | 0.0177   |
-----------------------------------
[Step 532800] VLM Score: 3.00, VLM Success: 25.0%, Sim Success: 25.0%
-----------------------------------
| rollout/             |          |
|    ep_len_mean       | 75       |
|    ep_rew_mean       | 3.11     |
| time/                |          |
|    episodes          | 1456     |
|    fps               | 1        |
|    time_elapsed      | 66161    |
|    total_timesteps   | 109200   |
| train/               |          |
|    actor_loss        | -2.86    |
|    critic_loss       | 0.00717  |
|    ent_coef          | 0.000992 |
|    ent_coef_loss     | -0.603   |
|    learning_rate     | 0.0003   |
|    n_updates         | 818970   |
|    noise_critic_loss | 0.0172   |
-----------------------------------
[Step 534000] VLM Score: 2.50, VLM Success: 25.0%, Sim Success: 50.0%
-----------------------------------
| rollout/             |          |
|    ep_len_mean       | 75       |
|    ep_rew_mean       | 3.09     |
| time/                |          |
|    episodes          | 1460     |
|    fps               | 1        |
|    time_elapsed      | 66299    |
|    total_timesteps   | 109500   |
| train/               |          |
|    actor_loss        | -2.88    |
|    critic_loss       | 0.00645  |
|    ent_coef          | 0.000995 |
|    ent_coef_loss     | -1.46    |
|    learning_rate     | 0.0003   |
|    n_updates         | 821220   |
|    noise_critic_loss | 0.0186   |
-----------------------------------
[Step 535200] VLM Score: 2.25, VLM Success: 0.0%, Sim Success: 50.0%
-----------------------------------
| rollout/             |          |
|    ep_len_mean       | 75       |
|    ep_rew_mean       | 3.01     |
| time/                |          |
|    episodes          | 1464     |
|    fps               | 1        |
|    time_elapsed      | 66437    |
|    total_timesteps   | 109800   |
| train/               |          |
|    actor_loss        | -2.88    |
|    critic_loss       | 0.00585  |
|    ent_coef          | 0.000997 |
|    ent_coef_loss     | -0.512   |
|    learning_rate     | 0.0003   |
|    n_updates         | 823470   |
|    noise_critic_loss | 0.0183   |
-----------------------------------
[Step 536400] VLM Score: 4.00, VLM Success: 50.0%, Sim Success: 25.0%
-----------------------------------
| rollout/             |          |
|    ep_len_mean       | 75       |
|    ep_rew_mean       | 3.04     |
| time/                |          |
|    episodes          | 1468     |
|    fps               | 1        |
|    time_elapsed      | 66574    |
|    total_timesteps   | 110100   |
| train/               |          |
|    actor_loss        | -2.9     |
|    critic_loss       | 0.00672  |
|    ent_coef          | 0.000987 |
|    ent_coef_loss     | -0.791   |
|    learning_rate     | 0.0003   |
|    n_updates         | 825720   |
|    noise_critic_loss | 0.0173   |
-----------------------------------
[VLM #2750] Task: Pick up the red cube from the table
    Frames: 62, Raw output: .2 seconds><14.2 seconds><15.2 seconds>Task: Pick up the red cube from the table
assistant
ANSWER: 5
    Parsed discrete score: 5/5 → Reward: 0.00
[Step 537600] VLM Score: 4.50, VLM Success: 75.0%, Sim Success: 25.0%
-----------------------------------
| rollout/             |          |
|    ep_len_mean       | 75       |
|    ep_rew_mean       | 3.13     |
| time/                |          |
|    episodes          | 1472     |
|    fps               | 1        |
|    time_elapsed      | 66710    |
|    total_timesteps   | 110400   |
| train/               |          |
|    actor_loss        | -2.9     |
|    critic_loss       | 0.00607  |
|    ent_coef          | 0.000983 |
|    ent_coef_loss     | -0.278   |
|    learning_rate     | 0.0003   |
|    n_updates         | 827970   |
|    noise_critic_loss | 0.018    |
-----------------------------------
[Step 538800] VLM Score: 2.75, VLM Success: 25.0%, Sim Success: 50.0%
-----------------------------------
| rollout/             |          |
|    ep_len_mean       | 75       |
|    ep_rew_mean       | 3.12     |
| time/                |          |
|    episodes          | 1476     |
|    fps               | 1        |
|    time_elapsed      | 66847    |
|    total_timesteps   | 110700   |
| train/               |          |
|    actor_loss        | -2.89    |
|    critic_loss       | 0.00573  |
|    ent_coef          | 0.000995 |
|    ent_coef_loss     | 0.338    |
|    learning_rate     | 0.0003   |
|    n_updates         | 830220   |
|    noise_critic_loss | 0.0185   |
-----------------------------------
[Step 540000] VLM Score: 3.75, VLM Success: 50.0%, Sim Success: 25.0%
-----------------------------------
| rollout/             |          |
|    ep_len_mean       | 75       |
|    ep_rew_mean       | 3.19     |
| time/                |          |
|    episodes          | 1480     |
|    fps               | 1        |
|    time_elapsed      | 66984    |
|    total_timesteps   | 111000   |
| train/               |          |
|    actor_loss        | -2.82    |
|    critic_loss       | 0.00545  |
|    ent_coef          | 0.000964 |
|    ent_coef_loss     | -0.526   |
|    learning_rate     | 0.0003   |
|    n_updates         | 832470   |
|    noise_critic_loss | 0.0194   |
-----------------------------------
[Step 541200] VLM Score: 4.00, VLM Success: 50.0%, Sim Success: 0.0%
-----------------------------------
| rollout/             |          |
|    ep_len_mean       | 75       |
|    ep_rew_mean       | 3.22     |
| time/                |          |
|    episodes          | 1484     |
|    fps               | 1        |
|    time_elapsed      | 67121    |
|    total_timesteps   | 111300   |
| train/               |          |
|    actor_loss        | -2.84    |
|    critic_loss       | 0.00593  |
|    ent_coef          | 0.000973 |
|    ent_coef_loss     | -2.1     |
|    learning_rate     | 0.0003   |
|    n_updates         | 834720   |
|    noise_critic_loss | 0.0187   |
-----------------------------------
[Step 542400] VLM Score: 3.25, VLM Success: 50.0%, Sim Success: 25.0%
-----------------------------------
| rollout/             |          |
|    ep_len_mean       | 75       |
|    ep_rew_mean       | 3.24     |
| time/                |          |
|    episodes          | 1488     |
|    fps               | 1        |
|    time_elapsed      | 67259    |
|    total_timesteps   | 111600   |
| train/               |          |
|    actor_loss        | -2.86    |
|    critic_loss       | 0.00578  |
|    ent_coef          | 0.000988 |
|    ent_coef_loss     | -0.976   |
|    learning_rate     | 0.0003   |
|    n_updates         | 836970   |
|    noise_critic_loss | 0.0172   |
-----------------------------------
[Step 543600] VLM Score: 2.00, VLM Success: 0.0%, Sim Success: 25.0%
-----------------------------------
| rollout/             |          |
|    ep_len_mean       | 75       |
|    ep_rew_mean       | 3.2      |
| time/                |          |
|    episodes          | 1492     |
|    fps               | 1        |
|    time_elapsed      | 67396    |
|    total_timesteps   | 111900   |
| train/               |          |
|    actor_loss        | -2.86    |
|    critic_loss       | 0.00591  |
|    ent_coef          | 0.000992 |
|    ent_coef_loss     | 0.411    |
|    learning_rate     | 0.0003   |
|    n_updates         | 839220   |
|    noise_critic_loss | 0.0189   |
-----------------------------------
[Step 544800] VLM Score: 2.75, VLM Success: 25.0%, Sim Success: 50.0%
-----------------------------------
| rollout/             |          |
|    ep_len_mean       | 75       |
|    ep_rew_mean       | 3.17     |
| time/                |          |
|    episodes          | 1496     |
|    fps               | 1        |
|    time_elapsed      | 67534    |
|    total_timesteps   | 112200   |
| train/               |          |
|    actor_loss        | -2.85    |
|    critic_loss       | 0.0057   |
|    ent_coef          | 0.000987 |
|    ent_coef_loss     | 0.686    |
|    learning_rate     | 0.0003   |
|    n_updates         | 841470   |
|    noise_critic_loss | 0.0177   |
-----------------------------------
[Step 546000] VLM Score: 2.75, VLM Success: 25.0%, Sim Success: 100.0%
-----------------------------------
| rollout/             |          |
|    ep_len_mean       | 75       |
|    ep_rew_mean       | 3.13     |
| time/                |          |
|    episodes          | 1500     |
|    fps               | 1        |
|    time_elapsed      | 67672    |
|    total_timesteps   | 112500   |
| train/               |          |
|    actor_loss        | -2.86    |
|    critic_loss       | 0.0058   |
|    ent_coef          | 0.00098  |
|    ent_coef_loss     | -1.54    |
|    learning_rate     | 0.0003   |
|    n_updates         | 843720   |
|    noise_critic_loss | 0.0179   |
-----------------------------------
[Step 547200] VLM Score: 3.25, VLM Success: 50.0%, Sim Success: 75.0%
-----------------------------------
| rollout/             |          |
|    ep_len_mean       | 75       |
|    ep_rew_mean       | 3.08     |
| time/                |          |
|    episodes          | 1504     |
|    fps               | 1        |
|    time_elapsed      | 67811    |
|    total_timesteps   | 112800   |
| train/               |          |
|    actor_loss        | -2.82    |
|    critic_loss       | 0.00756  |
|    ent_coef          | 0.000997 |
|    ent_coef_loss     | -1.26    |
|    learning_rate     | 0.0003   |
|    n_updates         | 845970   |
|    noise_critic_loss | 0.0197   |
-----------------------------------
[Step 548400] VLM Score: 3.25, VLM Success: 50.0%, Sim Success: 75.0%
-----------------------------------
| rollout/             |          |
|    ep_len_mean       | 75       |
|    ep_rew_mean       | 3.1      |
| time/                |          |
|    episodes          | 1508     |
|    fps               | 1        |
|    time_elapsed      | 67949    |
|    total_timesteps   | 113100   |
| train/               |          |
|    actor_loss        | -2.88    |
|    critic_loss       | 0.00559  |
|    ent_coef          | 0.000992 |
|    ent_coef_loss     | -1.31    |
|    learning_rate     | 0.0003   |
|    n_updates         | 848220   |
|    noise_critic_loss | 0.0178   |
-----------------------------------
[Step 549600] VLM Score: 2.75, VLM Success: 25.0%, Sim Success: 50.0%
-----------------------------------
| rollout/             |          |
|    ep_len_mean       | 75       |
|    ep_rew_mean       | 3.03     |
| time/                |          |
|    episodes          | 1512     |
|    fps               | 1        |
|    time_elapsed      | 68086    |
|    total_timesteps   | 113400   |
| train/               |          |
|    actor_loss        | -2.85    |
|    critic_loss       | 0.00636  |
|    ent_coef          | 0.000977 |
|    ent_coef_loss     | -0.139   |
|    learning_rate     | 0.0003   |
|    n_updates         | 850470   |
|    noise_critic_loss | 0.0168   |
-----------------------------------
[Step 550800] VLM Score: 2.50, VLM Success: 25.0%, Sim Success: 25.0%
-----------------------------------
| rollout/             |          |
|    ep_len_mean       | 75       |
|    ep_rew_mean       | 3.05     |
| time/                |          |
|    episodes          | 1516     |
|    fps               | 1        |
|    time_elapsed      | 68224    |
|    total_timesteps   | 113700   |
| train/               |          |
|    actor_loss        | -2.87    |
|    critic_loss       | 0.00553  |
|    ent_coef          | 0.00102  |
|    ent_coef_loss     | -4.25    |
|    learning_rate     | 0.0003   |
|    n_updates         | 852720   |
|    noise_critic_loss | 0.0162   |
-----------------------------------
[VLM #2800] Task: Pick up the red cube from the table
    Frames: 62, Raw output: .2 seconds><14.2 seconds><15.2 seconds>Task: Pick up the red cube from the table
assistant
ANSWER: 2
    Parsed discrete score: 2/5 → Reward: -0.75
[Step 552000] VLM Score: 3.50, VLM Success: 50.0%, Sim Success: 25.0%
-----------------------------------
| rollout/             |          |
|    ep_len_mean       | 75       |
|    ep_rew_mean       | 3.05     |
| time/                |          |
|    episodes          | 1520     |
|    fps               | 1        |
|    time_elapsed      | 68361    |
|    total_timesteps   | 114000   |
| train/               |          |
|    actor_loss        | -2.88    |
|    critic_loss       | 0.00563  |
|    ent_coef          | 0.000992 |
|    ent_coef_loss     | 0.8      |
|    learning_rate     | 0.0003   |
|    n_updates         | 854970   |
|    noise_critic_loss | 0.0158   |
-----------------------------------
[Step 553200] VLM Score: 2.25, VLM Success: 0.0%, Sim Success: 25.0%
-----------------------------------
| rollout/             |          |
|    ep_len_mean       | 75       |
|    ep_rew_mean       | 3.01     |
| time/                |          |
|    episodes          | 1524     |
|    fps               | 1        |
|    time_elapsed      | 68498    |
|    total_timesteps   | 114300   |
| train/               |          |
|    actor_loss        | -2.84    |
|    critic_loss       | 0.00554  |
|    ent_coef          | 0.000997 |
|    ent_coef_loss     | -1.49    |
|    learning_rate     | 0.0003   |
|    n_updates         | 857220   |
|    noise_critic_loss | 0.017    |
-----------------------------------
[Step 554400] VLM Score: 4.00, VLM Success: 50.0%, Sim Success: 25.0%
-----------------------------------
| rollout/             |          |
|    ep_len_mean       | 75       |
|    ep_rew_mean       | 3.03     |
| time/                |          |
|    episodes          | 1528     |
|    fps               | 1        |
|    time_elapsed      | 68636    |
|    total_timesteps   | 114600   |
| train/               |          |
|    actor_loss        | -2.84    |
|    critic_loss       | 0.00614  |
|    ent_coef          | 0.000981 |
|    ent_coef_loss     | 2.47     |
|    learning_rate     | 0.0003   |
|    n_updates         | 859470   |
|    noise_critic_loss | 0.0179   |
-----------------------------------
[Step 555600] VLM Score: 2.75, VLM Success: 25.0%, Sim Success: 50.0%
-----------------------------------
| rollout/             |          |
|    ep_len_mean       | 75       |
|    ep_rew_mean       | 3.05     |
| time/                |          |
|    episodes          | 1532     |
|    fps               | 1        |
|    time_elapsed      | 68773    |
|    total_timesteps   | 114900   |
| train/               |          |
|    actor_loss        | -2.83    |
|    critic_loss       | 0.00565  |
|    ent_coef          | 0.000985 |
|    ent_coef_loss     | -0.0673  |
|    learning_rate     | 0.0003   |
|    n_updates         | 861720   |
|    noise_critic_loss | 0.0191   |
-----------------------------------
[Step 556800] VLM Score: 3.00, VLM Success: 25.0%, Sim Success: 25.0%
-----------------------------------
| rollout/             |          |
|    ep_len_mean       | 75       |
|    ep_rew_mean       | 3.05     |
| time/                |          |
|    episodes          | 1536     |
|    fps               | 1        |
|    time_elapsed      | 68910    |
|    total_timesteps   | 115200   |
| train/               |          |
|    actor_loss        | -2.84    |
|    critic_loss       | 0.00557  |
|    ent_coef          | 0.000992 |
|    ent_coef_loss     | 0.0616   |
|    learning_rate     | 0.0003   |
|    n_updates         | 863970   |
|    noise_critic_loss | 0.0183   |
-----------------------------------
[Step 558000] VLM Score: 2.75, VLM Success: 25.0%, Sim Success: 50.0%
-----------------------------------
| rollout/             |          |
|    ep_len_mean       | 75       |
|    ep_rew_mean       | 3.02     |
| time/                |          |
|    episodes          | 1540     |
|    fps               | 1        |
|    time_elapsed      | 69050    |
|    total_timesteps   | 115500   |
| train/               |          |
|    actor_loss        | -2.84    |
|    critic_loss       | 0.00542  |
|    ent_coef          | 0.000996 |
|    ent_coef_loss     | 1.23     |
|    learning_rate     | 0.0003   |
|    n_updates         | 866220   |
|    noise_critic_loss | 0.019    |
-----------------------------------
[Step 559200] VLM Score: 2.50, VLM Success: 25.0%, Sim Success: 75.0%
-----------------------------------
| rollout/             |          |
|    ep_len_mean       | 75       |
|    ep_rew_mean       | 3.01     |
| time/                |          |
|    episodes          | 1544     |
|    fps               | 1        |
|    time_elapsed      | 69188    |
|    total_timesteps   | 115800   |
| train/               |          |
|    actor_loss        | -2.86    |
|    critic_loss       | 0.00579  |
|    ent_coef          | 0.000979 |
|    ent_coef_loss     | 0.579    |
|    learning_rate     | 0.0003   |
|    n_updates         | 868470   |
|    noise_critic_loss | 0.018    |
-----------------------------------
[Step 560400] VLM Score: 2.25, VLM Success: 0.0%, Sim Success: 25.0%
-----------------------------------
| rollout/             |          |
|    ep_len_mean       | 75       |
|    ep_rew_mean       | 3        |
| time/                |          |
|    episodes          | 1548     |
|    fps               | 1        |
|    time_elapsed      | 69325    |
|    total_timesteps   | 116100   |
| train/               |          |
|    actor_loss        | -2.81    |
|    critic_loss       | 0.00565  |
|    ent_coef          | 0.00101  |
|    ent_coef_loss     | 0.149    |
|    learning_rate     | 0.0003   |
|    n_updates         | 870720   |
|    noise_critic_loss | 0.018    |
-----------------------------------
[Step 561600] VLM Score: 3.50, VLM Success: 50.0%, Sim Success: 25.0%
-----------------------------------
| rollout/             |          |
|    ep_len_mean       | 75       |
|    ep_rew_mean       | 3.03     |
| time/                |          |
|    episodes          | 1552     |
|    fps               | 1        |
|    time_elapsed      | 69462    |
|    total_timesteps   | 116400   |
| train/               |          |
|    actor_loss        | -2.84    |
|    critic_loss       | 0.00582  |
|    ent_coef          | 0.00101  |
|    ent_coef_loss     | -3.23    |
|    learning_rate     | 0.0003   |
|    n_updates         | 872970   |
|    noise_critic_loss | 0.0179   |
-----------------------------------
[Step 562800] VLM Score: 3.00, VLM Success: 25.0%, Sim Success: 75.0%
-----------------------------------
| rollout/             |          |
|    ep_len_mean       | 75       |
|    ep_rew_mean       | 3.03     |
| time/                |          |
|    episodes          | 1556     |
|    fps               | 1        |
|    time_elapsed      | 69601    |
|    total_timesteps   | 116700   |
| train/               |          |
|    actor_loss        | -2.85    |
|    critic_loss       | 0.00562  |
|    ent_coef          | 0.00102  |
|    ent_coef_loss     | -1.88    |
|    learning_rate     | 0.0003   |
|    n_updates         | 875220   |
|    noise_critic_loss | 0.0178   |
-----------------------------------
[Step 564000] VLM Score: 3.50, VLM Success: 50.0%, Sim Success: 100.0%
-----------------------------------
| rollout/             |          |
|    ep_len_mean       | 75       |
|    ep_rew_mean       | 3.07     |
| time/                |          |
|    episodes          | 1560     |
|    fps               | 1        |
|    time_elapsed      | 69740    |
|    total_timesteps   | 117000   |
| train/               |          |
|    actor_loss        | -2.78    |
|    critic_loss       | 0.00609  |
|    ent_coef          | 0.000998 |
|    ent_coef_loss     | -1.46    |
|    learning_rate     | 0.0003   |
|    n_updates         | 877470   |
|    noise_critic_loss | 0.0204   |
-----------------------------------
[Step 565200] VLM Score: 3.00, VLM Success: 25.0%, Sim Success: 50.0%
-----------------------------------
| rollout/             |          |
|    ep_len_mean       | 75       |
|    ep_rew_mean       | 3.1      |
| time/                |          |
|    episodes          | 1564     |
|    fps               | 1        |
|    time_elapsed      | 69878    |
|    total_timesteps   | 117300   |
| train/               |          |
|    actor_loss        | -2.82    |
|    critic_loss       | 0.00578  |
|    ent_coef          | 0.000977 |
|    ent_coef_loss     | 0.373    |
|    learning_rate     | 0.0003   |
|    n_updates         | 879720   |
|    noise_critic_loss | 0.0172   |
-----------------------------------
[Step 566400] VLM Score: 3.50, VLM Success: 50.0%, Sim Success: 100.0%
-----------------------------------
| rollout/             |          |
|    ep_len_mean       | 75       |
|    ep_rew_mean       | 3.08     |
| time/                |          |
|    episodes          | 1568     |
|    fps               | 1        |
|    time_elapsed      | 70015    |
|    total_timesteps   | 117600   |
| train/               |          |
|    actor_loss        | -2.82    |
|    critic_loss       | 0.00574  |
|    ent_coef          | 0.000975 |
|    ent_coef_loss     | -3.31    |
|    learning_rate     | 0.0003   |
|    n_updates         | 881970   |
|    noise_critic_loss | 0.0177   |
-----------------------------------
[VLM #2850] Task: Pick up the red cube from the table
    Frames: 62, Raw output: .2 seconds><14.2 seconds><15.2 seconds>Task: Pick up the red cube from the table
assistant
ANSWER: 4
    Parsed discrete score: 4/5 → Reward: -0.25
[Step 567600] VLM Score: 4.75, VLM Success: 100.0%, Sim Success: 50.0%
-----------------------------------
| rollout/             |          |
|    ep_len_mean       | 75       |
|    ep_rew_mean       | 3.09     |
| time/                |          |
|    episodes          | 1572     |
|    fps               | 1        |
|    time_elapsed      | 70154    |
|    total_timesteps   | 117900   |
| train/               |          |
|    actor_loss        | -2.82    |
|    critic_loss       | 0.00586  |
|    ent_coef          | 0.000955 |
|    ent_coef_loss     | -2.29    |
|    learning_rate     | 0.0003   |
|    n_updates         | 884220   |
|    noise_critic_loss | 0.0172   |
-----------------------------------
[Step 568800] VLM Score: 3.00, VLM Success: 25.0%, Sim Success: 75.0%
-----------------------------------
| rollout/             |          |
|    ep_len_mean       | 75       |
|    ep_rew_mean       | 3.1      |
| time/                |          |
|    episodes          | 1576     |
|    fps               | 1        |
|    time_elapsed      | 70292    |
|    total_timesteps   | 118200   |
| train/               |          |
|    actor_loss        | -2.79    |
|    critic_loss       | 0.00681  |
|    ent_coef          | 0.000994 |
|    ent_coef_loss     | 0.0817   |
|    learning_rate     | 0.0003   |
|    n_updates         | 886470   |
|    noise_critic_loss | 0.0187   |
-----------------------------------
[Step 570000] VLM Score: 2.25, VLM Success: 0.0%, Sim Success: 75.0%
-----------------------------------
| rollout/             |          |
|    ep_len_mean       | 75       |
|    ep_rew_mean       | 3.04     |
| time/                |          |
|    episodes          | 1580     |
|    fps               | 1        |
|    time_elapsed      | 70430    |
|    total_timesteps   | 118500   |
| train/               |          |
|    actor_loss        | -2.88    |
|    critic_loss       | 0.00552  |
|    ent_coef          | 0.000973 |
|    ent_coef_loss     | 0.0742   |
|    learning_rate     | 0.0003   |
|    n_updates         | 888720   |
|    noise_critic_loss | 0.0182   |
-----------------------------------
[Step 571200] VLM Score: 3.50, VLM Success: 50.0%, Sim Success: 75.0%
-----------------------------------
| rollout/             |          |
|    ep_len_mean       | 75       |
|    ep_rew_mean       | 3.02     |
| time/                |          |
|    episodes          | 1584     |
|    fps               | 1        |
|    time_elapsed      | 70568    |
|    total_timesteps   | 118800   |
| train/               |          |
|    actor_loss        | -2.89    |
|    critic_loss       | 0.0055   |
|    ent_coef          | 0.000979 |
|    ent_coef_loss     | -0.477   |
|    learning_rate     | 0.0003   |
|    n_updates         | 890970   |
|    noise_critic_loss | 0.0197   |
-----------------------------------
[Step 572400] VLM Score: 2.25, VLM Success: 0.0%, Sim Success: 50.0%
-----------------------------------
| rollout/             |          |
|    ep_len_mean       | 75       |
|    ep_rew_mean       | 2.98     |
| time/                |          |
|    episodes          | 1588     |
|    fps               | 1        |
|    time_elapsed      | 70706    |
|    total_timesteps   | 119100   |
| train/               |          |
|    actor_loss        | -2.84    |
|    critic_loss       | 0.00618  |
|    ent_coef          | 0.000982 |
|    ent_coef_loss     | 1.95     |
|    learning_rate     | 0.0003   |
|    n_updates         | 893220   |
|    noise_critic_loss | 0.0204   |
-----------------------------------
[Step 573600] VLM Score: 2.75, VLM Success: 25.0%, Sim Success: 100.0%
-----------------------------------
| rollout/             |          |
|    ep_len_mean       | 75       |
|    ep_rew_mean       | 3.01     |
| time/                |          |
|    episodes          | 1592     |
|    fps               | 1        |
|    time_elapsed      | 70844    |
|    total_timesteps   | 119400   |
| train/               |          |
|    actor_loss        | -2.81    |
|    critic_loss       | 0.00567  |
|    ent_coef          | 0.001    |
|    ent_coef_loss     | 1.12     |
|    learning_rate     | 0.0003   |
|    n_updates         | 895470   |
|    noise_critic_loss | 0.0174   |
-----------------------------------
[Step 574800] VLM Score: 3.50, VLM Success: 50.0%, Sim Success: 25.0%
-----------------------------------
| rollout/             |          |
|    ep_len_mean       | 75       |
|    ep_rew_mean       | 3.04     |
| time/                |          |
|    episodes          | 1596     |
|    fps               | 1        |
|    time_elapsed      | 70983    |
|    total_timesteps   | 119700   |
| train/               |          |
|    actor_loss        | -2.78    |
|    critic_loss       | 0.00632  |
|    ent_coef          | 0.001    |
|    ent_coef_loss     | 3.55     |
|    learning_rate     | 0.0003   |
|    n_updates         | 897720   |
|    noise_critic_loss | 0.0189   |
-----------------------------------
[Step 576000] VLM Score: 2.50, VLM Success: 0.0%, Sim Success: 25.0%
Eval episode 0 at timestep 576000
Eval episode 1 at timestep 576000
Eval episode 2 at timestep 576000
Eval episode 3 at timestep 576000
Eval episode 4 at timestep 576000
Eval episode 5 at timestep 576000
Eval episode 6 at timestep 576000
Eval episode 7 at timestep 576000
Eval episode 8 at timestep 576000
Eval episode 9 at timestep 576000
Eval episode 10 at timestep 576000
Eval episode 11 at timestep 576000
Eval episode 12 at timestep 576000
Eval episode 13 at timestep 576000
Eval episode 14 at timestep 576000
Eval episode 15 at timestep 576000
Eval episode 16 at timestep 576000
Eval episode 17 at timestep 576000
Eval episode 18 at timestep 576000
Eval episode 19 at timestep 576000
Eval episode 20 at timestep 576000
Eval episode 21 at timestep 576000
Eval episode 22 at timestep 576000
Eval episode 23 at timestep 576000
Eval episode 24 at timestep 576000
Eval episode 25 at timestep 576000
Eval episode 26 at timestep 576000
Eval episode 27 at timestep 576000
Eval episode 28 at timestep 576000
Eval episode 29 at timestep 576000
Eval episode 30 at timestep 576000
Eval episode 31 at timestep 576000
Eval episode 32 at timestep 576000
Eval episode 33 at timestep 576000
Eval episode 34 at timestep 576000
Eval episode 35 at timestep 576000
Eval episode 36 at timestep 576000
Eval episode 37 at timestep 576000
Eval episode 38 at timestep 576000
Eval episode 39 at timestep 576000
Eval episode 40 at timestep 576000
Eval episode 41 at timestep 576000
Eval episode 42 at timestep 576000
Eval episode 43 at timestep 576000
Eval episode 44 at timestep 576000
Eval episode 45 at timestep 576000
Eval episode 46 at timestep 576000
Eval episode 47 at timestep 576000
Eval episode 48 at timestep 576000
Eval episode 49 at timestep 576000
-----------------------------------
| rollout/             |          |
|    ep_len_mean       | 75       |
|    ep_rew_mean       | 3.03     |
| time/                |          |
|    episodes          | 1600     |
|    fps               | 1        |
|    time_elapsed      | 72928    |
|    total_timesteps   | 120000   |
| train/               |          |
|    actor_loss        | -2.84    |
|    critic_loss       | 0.0059   |
|    ent_coef          | 0.000991 |
|    ent_coef_loss     | -3.44    |
|    learning_rate     | 0.0003   |
|    n_updates         | 899970   |
|    noise_critic_loss | 0.0185   |
-----------------------------------
[Step 577200] VLM Score: 2.00, VLM Success: 0.0%, Sim Success: 100.0%
-----------------------------------
| rollout/             |          |
|    ep_len_mean       | 75       |
|    ep_rew_mean       | 2.98     |
| time/                |          |
|    episodes          | 1604     |
|    fps               | 1        |
|    time_elapsed      | 73067    |
|    total_timesteps   | 120300   |
| train/               |          |
|    actor_loss        | -2.82    |
|    critic_loss       | 0.00633  |
|    ent_coef          | 0.00102  |
|    ent_coef_loss     | -0.414   |
|    learning_rate     | 0.0003   |
|    n_updates         | 902220   |
|    noise_critic_loss | 0.0181   |
-----------------------------------
[Step 578400] VLM Score: 3.00, VLM Success: 25.0%, Sim Success: 75.0%
-----------------------------------
| rollout/             |          |
|    ep_len_mean       | 75       |
|    ep_rew_mean       | 2.97     |
| time/                |          |
|    episodes          | 1608     |
|    fps               | 1        |
|    time_elapsed      | 73204    |
|    total_timesteps   | 120600   |
| train/               |          |
|    actor_loss        | -2.81    |
|    critic_loss       | 0.00627  |
|    ent_coef          | 0.00101  |
|    ent_coef_loss     | -1.71    |
|    learning_rate     | 0.0003   |
|    n_updates         | 904470   |
|    noise_critic_loss | 0.0179   |
-----------------------------------
[Step 579600] VLM Score: 1.75, VLM Success: 0.0%, Sim Success: 50.0%
-----------------------------------
| rollout/             |          |
|    ep_len_mean       | 75       |
|    ep_rew_mean       | 2.93     |
| time/                |          |
|    episodes          | 1612     |
|    fps               | 1        |
|    time_elapsed      | 73343    |
|    total_timesteps   | 120900   |
| train/               |          |
|    actor_loss        | -2.79    |
|    critic_loss       | 0.0066   |
|    ent_coef          | 0.00102  |
|    ent_coef_loss     | -0.625   |
|    learning_rate     | 0.0003   |
|    n_updates         | 906720   |
|    noise_critic_loss | 0.0179   |
-----------------------------------
[Step 580800] VLM Score: 2.50, VLM Success: 25.0%, Sim Success: 50.0%
-----------------------------------
| rollout/             |          |
|    ep_len_mean       | 75       |
|    ep_rew_mean       | 2.93     |
| time/                |          |
|    episodes          | 1616     |
|    fps               | 1        |
|    time_elapsed      | 73482    |
|    total_timesteps   | 121200   |
| train/               |          |
|    actor_loss        | -2.81    |
|    critic_loss       | 0.00606  |
|    ent_coef          | 0.00101  |
|    ent_coef_loss     | -0.692   |
|    learning_rate     | 0.0003   |
|    n_updates         | 908970   |
|    noise_critic_loss | 0.0197   |
-----------------------------------
[VLM #2900] Task: Pick up the red cube from the table
    Frames: 62, Raw output: .2 seconds><14.2 seconds><15.2 seconds>Task: Pick up the red cube from the table
assistant
ANSWER: 5
    Parsed discrete score: 5/5 → Reward: 0.00
[Step 582000] VLM Score: 3.50, VLM Success: 50.0%, Sim Success: 50.0%
-----------------------------------
| rollout/             |          |
|    ep_len_mean       | 75       |
|    ep_rew_mean       | 2.93     |
| time/                |          |
|    episodes          | 1620     |
|    fps               | 1        |
|    time_elapsed      | 73619    |
|    total_timesteps   | 121500   |
| train/               |          |
|    actor_loss        | -2.84    |
|    critic_loss       | 0.00577  |
|    ent_coef          | 0.00103  |
|    ent_coef_loss     | -3.33    |
|    learning_rate     | 0.0003   |
|    n_updates         | 911220   |
|    noise_critic_loss | 0.0197   |
-----------------------------------
[Step 583200] VLM Score: 3.75, VLM Success: 50.0%, Sim Success: 25.0%
-----------------------------------
| rollout/             |          |
|    ep_len_mean       | 75       |
|    ep_rew_mean       | 2.99     |
| time/                |          |
|    episodes          | 1624     |
|    fps               | 1        |
|    time_elapsed      | 73756    |
|    total_timesteps   | 121800   |
| train/               |          |
|    actor_loss        | -2.8     |
|    critic_loss       | 0.00598  |
|    ent_coef          | 0.00101  |
|    ent_coef_loss     | -0.744   |
|    learning_rate     | 0.0003   |
|    n_updates         | 913470   |
|    noise_critic_loss | 0.0178   |
-----------------------------------
[Step 584400] VLM Score: 3.00, VLM Success: 25.0%, Sim Success: 100.0%
-----------------------------------
| rollout/             |          |
|    ep_len_mean       | 75       |
|    ep_rew_mean       | 2.95     |
| time/                |          |
|    episodes          | 1628     |
|    fps               | 1        |
|    time_elapsed      | 73893    |
|    total_timesteps   | 122100   |
| train/               |          |
|    actor_loss        | -2.81    |
|    critic_loss       | 0.00618  |
|    ent_coef          | 0.000997 |
|    ent_coef_loss     | -0.904   |
|    learning_rate     | 0.0003   |
|    n_updates         | 915720   |
|    noise_critic_loss | 0.0183   |
-----------------------------------
[Step 585600] VLM Score: 3.50, VLM Success: 50.0%, Sim Success: 75.0%
-----------------------------------
| rollout/             |          |
|    ep_len_mean       | 75       |
|    ep_rew_mean       | 2.98     |
| time/                |          |
|    episodes          | 1632     |
|    fps               | 1        |
|    time_elapsed      | 74031    |
|    total_timesteps   | 122400   |
| train/               |          |
|    actor_loss        | -2.82    |
|    critic_loss       | 0.00661  |
|    ent_coef          | 0.000993 |
|    ent_coef_loss     | 0.478    |
|    learning_rate     | 0.0003   |
|    n_updates         | 917970   |
|    noise_critic_loss | 0.0183   |
-----------------------------------
[Step 586800] VLM Score: 3.75, VLM Success: 50.0%, Sim Success: 50.0%
-----------------------------------
| rollout/             |          |
|    ep_len_mean       | 75       |
|    ep_rew_mean       | 3.01     |
| time/                |          |
|    episodes          | 1636     |
|    fps               | 1        |
|    time_elapsed      | 74170    |
|    total_timesteps   | 122700   |
| train/               |          |
|    actor_loss        | -2.82    |
|    critic_loss       | 0.00611  |
|    ent_coef          | 0.000982 |
|    ent_coef_loss     | -1.27    |
|    learning_rate     | 0.0003   |
|    n_updates         | 920220   |
|    noise_critic_loss | 0.0187   |
-----------------------------------
[Step 588000] VLM Score: 4.25, VLM Success: 75.0%, Sim Success: 50.0%
-----------------------------------
| rollout/             |          |
|    ep_len_mean       | 75       |
|    ep_rew_mean       | 3.07     |
| time/                |          |
|    episodes          | 1640     |
|    fps               | 1        |
|    time_elapsed      | 74308    |
|    total_timesteps   | 123000   |
| train/               |          |
|    actor_loss        | -2.79    |
|    critic_loss       | 0.00613  |
|    ent_coef          | 0.000999 |
|    ent_coef_loss     | -1.2     |
|    learning_rate     | 0.0003   |
|    n_updates         | 922470   |
|    noise_critic_loss | 0.0179   |
-----------------------------------
[Step 589200] VLM Score: 2.75, VLM Success: 25.0%, Sim Success: 75.0%
-----------------------------------
| rollout/             |          |
|    ep_len_mean       | 75       |
|    ep_rew_mean       | 3.08     |
| time/                |          |
|    episodes          | 1644     |
|    fps               | 1        |
|    time_elapsed      | 74446    |
|    total_timesteps   | 123300   |
| train/               |          |
|    actor_loss        | -2.8     |
|    critic_loss       | 0.00645  |
|    ent_coef          | 0.00101  |
|    ent_coef_loss     | -1.25    |
|    learning_rate     | 0.0003   |
|    n_updates         | 924720   |
|    noise_critic_loss | 0.0177   |
-----------------------------------
[Step 590400] VLM Score: 2.75, VLM Success: 25.0%, Sim Success: 25.0%
-----------------------------------
| rollout/             |          |
|    ep_len_mean       | 75       |
|    ep_rew_mean       | 3.1      |
| time/                |          |
|    episodes          | 1648     |
|    fps               | 1        |
|    time_elapsed      | 74583    |
|    total_timesteps   | 123600   |
| train/               |          |
|    actor_loss        | -2.79    |
|    critic_loss       | 0.00618  |
|    ent_coef          | 0.000983 |
|    ent_coef_loss     | -0.973   |
|    learning_rate     | 0.0003   |
|    n_updates         | 926970   |
|    noise_critic_loss | 0.0178   |
-----------------------------------
[Step 591600] VLM Score: 3.75, VLM Success: 75.0%, Sim Success: 0.0%
-----------------------------------
| rollout/             |          |
|    ep_len_mean       | 75       |
|    ep_rew_mean       | 3.11     |
| time/                |          |
|    episodes          | 1652     |
|    fps               | 1        |
|    time_elapsed      | 74720    |
|    total_timesteps   | 123900   |
| train/               |          |
|    actor_loss        | -2.79    |
|    critic_loss       | 0.0058   |
|    ent_coef          | 0.00101  |
|    ent_coef_loss     | 1.54     |
|    learning_rate     | 0.0003   |
|    n_updates         | 929220   |
|    noise_critic_loss | 0.018    |
-----------------------------------
[Step 592800] VLM Score: 2.75, VLM Success: 25.0%, Sim Success: 25.0%
-----------------------------------
| rollout/             |          |
|    ep_len_mean       | 75       |
|    ep_rew_mean       | 3.1      |
| time/                |          |
|    episodes          | 1656     |
|    fps               | 1        |
|    time_elapsed      | 74857    |
|    total_timesteps   | 124200   |
| train/               |          |
|    actor_loss        | -2.75    |
|    critic_loss       | 0.00718  |
|    ent_coef          | 0.000996 |
|    ent_coef_loss     | 2        |
|    learning_rate     | 0.0003   |
|    n_updates         | 931470   |
|    noise_critic_loss | 0.0209   |
-----------------------------------
[Step 594000] VLM Score: 2.25, VLM Success: 0.0%, Sim Success: 50.0%
-----------------------------------
| rollout/             |          |
|    ep_len_mean       | 75       |
|    ep_rew_mean       | 3.05     |
| time/                |          |
|    episodes          | 1660     |
|    fps               | 1        |
|    time_elapsed      | 74994    |
|    total_timesteps   | 124500   |
| train/               |          |
|    actor_loss        | -2.78    |
|    critic_loss       | 0.00598  |
|    ent_coef          | 0.000978 |
|    ent_coef_loss     | 2.03     |
|    learning_rate     | 0.0003   |
|    n_updates         | 933720   |
|    noise_critic_loss | 0.0182   |
-----------------------------------
[Step 595200] VLM Score: 4.50, VLM Success: 75.0%, Sim Success: 50.0%
-----------------------------------
| rollout/             |          |
|    ep_len_mean       | 75       |
|    ep_rew_mean       | 3.11     |
| time/                |          |
|    episodes          | 1664     |
|    fps               | 1        |
|    time_elapsed      | 75132    |
|    total_timesteps   | 124800   |
| train/               |          |
|    actor_loss        | -2.82    |
|    critic_loss       | 0.00662  |
|    ent_coef          | 0.000984 |
|    ent_coef_loss     | 0.922    |
|    learning_rate     | 0.0003   |
|    n_updates         | 935970   |
|    noise_critic_loss | 0.0175   |
-----------------------------------
[Step 596400] VLM Score: 3.00, VLM Success: 25.0%, Sim Success: 50.0%
-----------------------------------
| rollout/             |          |
|    ep_len_mean       | 75       |
|    ep_rew_mean       | 3.09     |
| time/                |          |
|    episodes          | 1668     |
|    fps               | 1        |
|    time_elapsed      | 75269    |
|    total_timesteps   | 125100   |
| train/               |          |
|    actor_loss        | -2.78    |
|    critic_loss       | 0.00646  |
|    ent_coef          | 0.001    |
|    ent_coef_loss     | 0.654    |
|    learning_rate     | 0.0003   |
|    n_updates         | 938220   |
|    noise_critic_loss | 0.0198   |
-----------------------------------
[VLM #2950] Task: Pick up the red cube from the table
    Frames: 62, Raw output: .2 seconds><14.2 seconds><15.2 seconds>Task: Pick up the red cube from the table
assistant
ANSWER: 2
    Parsed discrete score: 2/5 → Reward: -0.75
[Step 597600] VLM Score: 2.00, VLM Success: 0.0%, Sim Success: 25.0%
-----------------------------------
| rollout/             |          |
|    ep_len_mean       | 75       |
|    ep_rew_mean       | 2.98     |
| time/                |          |
|    episodes          | 1672     |
|    fps               | 1        |
|    time_elapsed      | 75406    |
|    total_timesteps   | 125400   |
| train/               |          |
|    actor_loss        | -2.83    |
|    critic_loss       | 0.00571  |
|    ent_coef          | 0.000974 |
|    ent_coef_loss     | -0.234   |
|    learning_rate     | 0.0003   |
|    n_updates         | 940470   |
|    noise_critic_loss | 0.019    |
-----------------------------------
[Step 598800] VLM Score: 3.00, VLM Success: 25.0%, Sim Success: 0.0%
-----------------------------------
| rollout/             |          |
|    ep_len_mean       | 75       |
|    ep_rew_mean       | 2.98     |
| time/                |          |
|    episodes          | 1676     |
|    fps               | 1        |
|    time_elapsed      | 75543    |
|    total_timesteps   | 125700   |
| train/               |          |
|    actor_loss        | -2.78    |
|    critic_loss       | 0.00613  |
|    ent_coef          | 0.000986 |
|    ent_coef_loss     | -1.75    |
|    learning_rate     | 0.0003   |
|    n_updates         | 942720   |
|    noise_critic_loss | 0.0174   |
-----------------------------------
[Step 600000] VLM Score: 4.75, VLM Success: 100.0%, Sim Success: 75.0%
-----------------------------------
| rollout/             |          |
|    ep_len_mean       | 75       |
|    ep_rew_mean       | 3.08     |
| time/                |          |
|    episodes          | 1680     |
|    fps               | 1        |
|    time_elapsed      | 75679    |
|    total_timesteps   | 126000   |
| train/               |          |
|    actor_loss        | -2.84    |
|    critic_loss       | 0.00631  |
|    ent_coef          | 0.000996 |
|    ent_coef_loss     | -2.33    |
|    learning_rate     | 0.0003   |
|    n_updates         | 944970   |
|    noise_critic_loss | 0.0198   |
-----------------------------------
[Step 601200] VLM Score: 2.75, VLM Success: 0.0%, Sim Success: 25.0%
-----------------------------------
| rollout/             |          |
|    ep_len_mean       | 75       |
|    ep_rew_mean       | 3.05     |
| time/                |          |
|    episodes          | 1684     |
|    fps               | 1        |
|    time_elapsed      | 75816    |
|    total_timesteps   | 126300   |
| train/               |          |
|    actor_loss        | -2.8     |
|    critic_loss       | 0.00637  |
|    ent_coef          | 0.000992 |
|    ent_coef_loss     | -1.49    |
|    learning_rate     | 0.0003   |
|    n_updates         | 947220   |
|    noise_critic_loss | 0.0197   |
-----------------------------------
[Step 602400] VLM Score: 3.25, VLM Success: 50.0%, Sim Success: 50.0%
-----------------------------------
| rollout/             |          |
|    ep_len_mean       | 75       |
|    ep_rew_mean       | 3.09     |
| time/                |          |
|    episodes          | 1688     |
|    fps               | 1        |
|    time_elapsed      | 75953    |
|    total_timesteps   | 126600   |
| train/               |          |
|    actor_loss        | -2.75    |
|    critic_loss       | 0.00566  |
|    ent_coef          | 0.00099  |
|    ent_coef_loss     | -2.32    |
|    learning_rate     | 0.0003   |
|    n_updates         | 949470   |
|    noise_critic_loss | 0.0198   |
-----------------------------------
[Step 603600] VLM Score: 3.25, VLM Success: 50.0%, Sim Success: 0.0%
-----------------------------------
| rollout/             |          |
|    ep_len_mean       | 75       |
|    ep_rew_mean       | 3.11     |
| time/                |          |
|    episodes          | 1692     |
|    fps               | 1        |
|    time_elapsed      | 76091    |
|    total_timesteps   | 126900   |
| train/               |          |
|    actor_loss        | -2.78    |
|    critic_loss       | 0.00547  |
|    ent_coef          | 0.000973 |
|    ent_coef_loss     | -1.74    |
|    learning_rate     | 0.0003   |
|    n_updates         | 951720   |
|    noise_critic_loss | 0.0177   |
-----------------------------------
[Step 604800] VLM Score: 2.75, VLM Success: 25.0%, Sim Success: 25.0%
-----------------------------------
| rollout/             |          |
|    ep_len_mean       | 75       |
|    ep_rew_mean       | 3.08     |
| time/                |          |
|    episodes          | 1696     |
|    fps               | 1        |
|    time_elapsed      | 76228    |
|    total_timesteps   | 127200   |
| train/               |          |
|    actor_loss        | -2.83    |
|    critic_loss       | 0.0058   |
|    ent_coef          | 0.00102  |
|    ent_coef_loss     | -0.186   |
|    learning_rate     | 0.0003   |
|    n_updates         | 953970   |
|    noise_critic_loss | 0.0188   |
-----------------------------------
[Step 606000] VLM Score: 3.25, VLM Success: 50.0%, Sim Success: 75.0%
-----------------------------------
| rollout/             |          |
|    ep_len_mean       | 75       |
|    ep_rew_mean       | 3.11     |
| time/                |          |
|    episodes          | 1700     |
|    fps               | 1        |
|    time_elapsed      | 76366    |
|    total_timesteps   | 127500   |
| train/               |          |
|    actor_loss        | -2.8     |
|    critic_loss       | 0.00583  |
|    ent_coef          | 0.001    |
|    ent_coef_loss     | -1.62    |
|    learning_rate     | 0.0003   |
|    n_updates         | 956220   |
|    noise_critic_loss | 0.0181   |
-----------------------------------
[Step 607200] VLM Score: 3.75, VLM Success: 50.0%, Sim Success: 50.0%
-----------------------------------
| rollout/             |          |
|    ep_len_mean       | 75       |
|    ep_rew_mean       | 3.18     |
| time/                |          |
|    episodes          | 1704     |
|    fps               | 1        |
|    time_elapsed      | 76504    |
|    total_timesteps   | 127800   |
| train/               |          |
|    actor_loss        | -2.79    |
|    critic_loss       | 0.00563  |
|    ent_coef          | 0.00099  |
|    ent_coef_loss     | 0.0335   |
|    learning_rate     | 0.0003   |
|    n_updates         | 958470   |
|    noise_critic_loss | 0.0187   |
-----------------------------------
[Step 608400] VLM Score: 3.00, VLM Success: 25.0%, Sim Success: 100.0%
-----------------------------------
| rollout/             |          |
|    ep_len_mean       | 75       |
|    ep_rew_mean       | 3.18     |
| time/                |          |
|    episodes          | 1708     |
|    fps               | 1        |
|    time_elapsed      | 76642    |
|    total_timesteps   | 128100   |
| train/               |          |
|    actor_loss        | -2.82    |
|    critic_loss       | 0.00625  |
|    ent_coef          | 0.000988 |
|    ent_coef_loss     | 1.09     |
|    learning_rate     | 0.0003   |
|    n_updates         | 960720   |
|    noise_critic_loss | 0.0196   |
-----------------------------------
[Step 609600] VLM Score: 2.75, VLM Success: 25.0%, Sim Success: 75.0%
-----------------------------------
| rollout/             |          |
|    ep_len_mean       | 75       |
|    ep_rew_mean       | 3.22     |
| time/                |          |
|    episodes          | 1712     |
|    fps               | 1        |
|    time_elapsed      | 76779    |
|    total_timesteps   | 128400   |
| train/               |          |
|    actor_loss        | -2.78    |
|    critic_loss       | 0.00571  |
|    ent_coef          | 0.000976 |
|    ent_coef_loss     | -2.09    |
|    learning_rate     | 0.0003   |
|    n_updates         | 962970   |
|    noise_critic_loss | 0.0176   |
-----------------------------------
[Step 610800] VLM Score: 3.50, VLM Success: 25.0%, Sim Success: 25.0%
-----------------------------------
| rollout/             |          |
|    ep_len_mean       | 75       |
|    ep_rew_mean       | 3.26     |
| time/                |          |
|    episodes          | 1716     |
|    fps               | 1        |
|    time_elapsed      | 76916    |
|    total_timesteps   | 128700   |
| train/               |          |
|    actor_loss        | -2.72    |
|    critic_loss       | 0.00599  |
|    ent_coef          | 0.000988 |
|    ent_coef_loss     | 2.8      |
|    learning_rate     | 0.0003   |
|    n_updates         | 965220   |
|    noise_critic_loss | 0.0218   |
-----------------------------------
[VLM #3000] Task: Pick up the red cube from the table
    Frames: 62, Raw output: .2 seconds><14.2 seconds><15.2 seconds>Task: Pick up the red cube from the table
assistant
ANSWER: 2
    Parsed discrete score: 2/5 → Reward: -0.75
[Step 612000] VLM Score: 2.75, VLM Success: 25.0%, Sim Success: 50.0%
-----------------------------------
| rollout/             |          |
|    ep_len_mean       | 75       |
|    ep_rew_mean       | 3.23     |
| time/                |          |
|    episodes          | 1720     |
|    fps               | 1        |
|    time_elapsed      | 77056    |
|    total_timesteps   | 129000   |
| train/               |          |
|    actor_loss        | -2.8     |
|    critic_loss       | 0.00598  |
|    ent_coef          | 0.00101  |
|    ent_coef_loss     | 0.164    |
|    learning_rate     | 0.0003   |
|    n_updates         | 967470   |
|    noise_critic_loss | 0.0187   |
-----------------------------------
[Step 613200] VLM Score: 3.00, VLM Success: 25.0%, Sim Success: 25.0%
-----------------------------------
| rollout/             |          |
|    ep_len_mean       | 75       |
|    ep_rew_mean       | 3.2      |
| time/                |          |
|    episodes          | 1724     |
|    fps               | 1        |
|    time_elapsed      | 77192    |
|    total_timesteps   | 129300   |
| train/               |          |
|    actor_loss        | -2.79    |
|    critic_loss       | 0.00573  |
|    ent_coef          | 0.001    |
|    ent_coef_loss     | 0.422    |
|    learning_rate     | 0.0003   |
|    n_updates         | 969720   |
|    noise_critic_loss | 0.0187   |
-----------------------------------
[Step 614400] VLM Score: 2.50, VLM Success: 0.0%, Sim Success: 25.0%
-----------------------------------
| rollout/             |          |
|    ep_len_mean       | 75       |
|    ep_rew_mean       | 3.18     |
| time/                |          |
|    episodes          | 1728     |
|    fps               | 1        |
|    time_elapsed      | 77329    |
|    total_timesteps   | 129600   |
| train/               |          |
|    actor_loss        | -2.78    |
|    critic_loss       | 0.00624  |
|    ent_coef          | 0.00101  |
|    ent_coef_loss     | -0.101   |
|    learning_rate     | 0.0003   |
|    n_updates         | 971970   |
|    noise_critic_loss | 0.0192   |
-----------------------------------
[Step 615600] VLM Score: 2.00, VLM Success: 0.0%, Sim Success: 50.0%
-----------------------------------
| rollout/             |          |
|    ep_len_mean       | 75       |
|    ep_rew_mean       | 3.12     |
| time/                |          |
|    episodes          | 1732     |
|    fps               | 1        |
|    time_elapsed      | 77468    |
|    total_timesteps   | 129900   |
| train/               |          |
|    actor_loss        | -2.79    |
|    critic_loss       | 0.00573  |
|    ent_coef          | 0.00101  |
|    ent_coef_loss     | 1.04     |
|    learning_rate     | 0.0003   |
|    n_updates         | 974220   |
|    noise_critic_loss | 0.0186   |
-----------------------------------
[Step 616800] VLM Score: 4.00, VLM Success: 75.0%, Sim Success: 50.0%
-----------------------------------
| rollout/             |          |
|    ep_len_mean       | 75       |
|    ep_rew_mean       | 3.13     |
| time/                |          |
|    episodes          | 1736     |
|    fps               | 1        |
|    time_elapsed      | 77605    |
|    total_timesteps   | 130200   |
| train/               |          |
|    actor_loss        | -2.79    |
|    critic_loss       | 0.00633  |
|    ent_coef          | 0.00101  |
|    ent_coef_loss     | 1.26     |
|    learning_rate     | 0.0003   |
|    n_updates         | 976470   |
|    noise_critic_loss | 0.0187   |
-----------------------------------
[Step 618000] VLM Score: 3.00, VLM Success: 25.0%, Sim Success: 75.0%
-----------------------------------
| rollout/             |          |
|    ep_len_mean       | 75       |
|    ep_rew_mean       | 3.08     |
| time/                |          |
|    episodes          | 1740     |
|    fps               | 1        |
|    time_elapsed      | 77743    |
|    total_timesteps   | 130500   |
| train/               |          |
|    actor_loss        | -2.77    |
|    critic_loss       | 0.00589  |
|    ent_coef          | 0.001    |
|    ent_coef_loss     | 0.265    |
|    learning_rate     | 0.0003   |
|    n_updates         | 978720   |
|    noise_critic_loss | 0.0181   |
-----------------------------------
[Step 619200] VLM Score: 2.50, VLM Success: 0.0%, Sim Success: 50.0%
-----------------------------------
| rollout/             |          |
|    ep_len_mean       | 75       |
|    ep_rew_mean       | 3.07     |
| time/                |          |
|    episodes          | 1744     |
|    fps               | 1        |
|    time_elapsed      | 77881    |
|    total_timesteps   | 130800   |
| train/               |          |
|    actor_loss        | -2.78    |
|    critic_loss       | 0.00625  |
|    ent_coef          | 0.000999 |
|    ent_coef_loss     | -0.544   |
|    learning_rate     | 0.0003   |
|    n_updates         | 980970   |
|    noise_critic_loss | 0.0178   |
-----------------------------------
[Step 620400] VLM Score: 2.00, VLM Success: 0.0%, Sim Success: 50.0%
-----------------------------------
| rollout/             |          |
|    ep_len_mean       | 75       |
|    ep_rew_mean       | 3.04     |
| time/                |          |
|    episodes          | 1748     |
|    fps               | 1        |
|    time_elapsed      | 78019    |
|    total_timesteps   | 131100   |
| train/               |          |
|    actor_loss        | -2.76    |
|    critic_loss       | 0.00683  |
|    ent_coef          | 0.000985 |
|    ent_coef_loss     | -2.19    |
|    learning_rate     | 0.0003   |
|    n_updates         | 983220   |
|    noise_critic_loss | 0.0168   |
-----------------------------------
[Step 621600] VLM Score: 4.50, VLM Success: 75.0%, Sim Success: 50.0%
-----------------------------------
| rollout/             |          |
|    ep_len_mean       | 75       |
|    ep_rew_mean       | 3.07     |
| time/                |          |
|    episodes          | 1752     |
|    fps               | 1        |
|    time_elapsed      | 78157    |
|    total_timesteps   | 131400   |
| train/               |          |
|    actor_loss        | -2.76    |
|    critic_loss       | 0.00674  |
|    ent_coef          | 0.000996 |
|    ent_coef_loss     | 0.575    |
|    learning_rate     | 0.0003   |
|    n_updates         | 985470   |
|    noise_critic_loss | 0.0171   |
-----------------------------------
[Step 622800] VLM Score: 3.50, VLM Success: 50.0%, Sim Success: 0.0%
-----------------------------------
| rollout/             |          |
|    ep_len_mean       | 75       |
|    ep_rew_mean       | 3.1      |
| time/                |          |
|    episodes          | 1756     |
|    fps               | 1        |
|    time_elapsed      | 78296    |
|    total_timesteps   | 131700   |
| train/               |          |
|    actor_loss        | -2.78    |
|    critic_loss       | 0.00603  |
|    ent_coef          | 0.000987 |
|    ent_coef_loss     | 1.02     |
|    learning_rate     | 0.0003   |
|    n_updates         | 987720   |
|    noise_critic_loss | 0.0183   |
-----------------------------------
[Step 624000] VLM Score: 2.00, VLM Success: 0.0%, Sim Success: 50.0%
Eval episode 0 at timestep 624000
Eval episode 1 at timestep 624000
Eval episode 2 at timestep 624000
Eval episode 3 at timestep 624000
Eval episode 4 at timestep 624000
Eval episode 5 at timestep 624000
Eval episode 6 at timestep 624000
Eval episode 7 at timestep 624000
Eval episode 8 at timestep 624000
Eval episode 9 at timestep 624000
Eval episode 10 at timestep 624000
Eval episode 11 at timestep 624000
Eval episode 12 at timestep 624000
Eval episode 13 at timestep 624000
Eval episode 14 at timestep 624000
Eval episode 15 at timestep 624000
Eval episode 16 at timestep 624000
Eval episode 17 at timestep 624000
Eval episode 18 at timestep 624000
Eval episode 19 at timestep 624000
Eval episode 20 at timestep 624000
Eval episode 21 at timestep 624000
Eval episode 22 at timestep 624000
Eval episode 23 at timestep 624000
Eval episode 24 at timestep 624000
Eval episode 25 at timestep 624000
Eval episode 26 at timestep 624000
Eval episode 27 at timestep 624000
Eval episode 28 at timestep 624000
Eval episode 29 at timestep 624000
Eval episode 30 at timestep 624000
Eval episode 31 at timestep 624000
Eval episode 32 at timestep 624000
Eval episode 33 at timestep 624000
Eval episode 34 at timestep 624000
Eval episode 35 at timestep 624000
Eval episode 36 at timestep 624000
Eval episode 37 at timestep 624000
Eval episode 38 at timestep 624000
Eval episode 39 at timestep 624000
Eval episode 40 at timestep 624000
Eval episode 41 at timestep 624000
Eval episode 42 at timestep 624000
Eval episode 43 at timestep 624000
Eval episode 44 at timestep 624000
Eval episode 45 at timestep 624000
Eval episode 46 at timestep 624000
Eval episode 47 at timestep 624000
Eval episode 48 at timestep 624000
Eval episode 49 at timestep 624000
-----------------------------------
| rollout/             |          |
|    ep_len_mean       | 75       |
|    ep_rew_mean       | 3.09     |
| time/                |          |
|    episodes          | 1760     |
|    fps               | 1        |
|    time_elapsed      | 80222    |
|    total_timesteps   | 132000   |
| train/               |          |
|    actor_loss        | -2.8     |
|    critic_loss       | 0.00634  |
|    ent_coef          | 0.00101  |
|    ent_coef_loss     | 0.681    |
|    learning_rate     | 0.0003   |
|    n_updates         | 989970   |
|    noise_critic_loss | 0.0177   |
-----------------------------------
[Step 625200] VLM Score: 3.50, VLM Success: 50.0%, Sim Success: 75.0%
-----------------------------------
| rollout/             |          |
|    ep_len_mean       | 75       |
|    ep_rew_mean       | 3.05     |
| time/                |          |
|    episodes          | 1764     |
|    fps               | 1        |
|    time_elapsed      | 80361    |
|    total_timesteps   | 132300   |
| train/               |          |
|    actor_loss        | -2.77    |
|    critic_loss       | 0.00618  |
|    ent_coef          | 0.00101  |
|    ent_coef_loss     | -1.63    |
|    learning_rate     | 0.0003   |
|    n_updates         | 992220   |
|    noise_critic_loss | 0.0188   |
-----------------------------------
[Step 626400] VLM Score: 2.50, VLM Success: 0.0%, Sim Success: 50.0%
-----------------------------------
| rollout/             |          |
|    ep_len_mean       | 75       |
|    ep_rew_mean       | 3.03     |
| time/                |          |
|    episodes          | 1768     |
|    fps               | 1        |
|    time_elapsed      | 80499    |
|    total_timesteps   | 132600   |
| train/               |          |
|    actor_loss        | -2.77    |
|    critic_loss       | 0.00631  |
|    ent_coef          | 0.000999 |
|    ent_coef_loss     | 1.27     |
|    learning_rate     | 0.0003   |
|    n_updates         | 994470   |
|    noise_critic_loss | 0.0191   |
-----------------------------------
[VLM #3050] Task: Pick up the red cube from the table
    Frames: 62, Raw output: .2 seconds><14.2 seconds><15.2 seconds>Task: Pick up the red cube from the table
assistant
ANSWER: 2
    Parsed discrete score: 2/5 → Reward: -0.75
[Step 627600] VLM Score: 2.75, VLM Success: 25.0%, Sim Success: 50.0%
-----------------------------------
| rollout/             |          |
|    ep_len_mean       | 75       |
|    ep_rew_mean       | 3.06     |
| time/                |          |
|    episodes          | 1772     |
|    fps               | 1        |
|    time_elapsed      | 80638    |
|    total_timesteps   | 132900   |
| train/               |          |
|    actor_loss        | -2.8     |
|    critic_loss       | 0.00624  |
|    ent_coef          | 0.00102  |
|    ent_coef_loss     | 0.799    |
|    learning_rate     | 0.0003   |
|    n_updates         | 996720   |
|    noise_critic_loss | 0.0179   |
-----------------------------------
[Step 628800] VLM Score: 3.25, VLM Success: 50.0%, Sim Success: 50.0%
-----------------------------------
| rollout/             |          |
|    ep_len_mean       | 75       |
|    ep_rew_mean       | 3.07     |
| time/                |          |
|    episodes          | 1776     |
|    fps               | 1        |
|    time_elapsed      | 80776    |
|    total_timesteps   | 133200   |
| train/               |          |
|    actor_loss        | -2.78    |
|    critic_loss       | 0.00706  |
|    ent_coef          | 0.000996 |
|    ent_coef_loss     | 0.594    |
|    learning_rate     | 0.0003   |
|    n_updates         | 998970   |
|    noise_critic_loss | 0.0196   |
-----------------------------------
[Step 630000] VLM Score: 3.25, VLM Success: 50.0%, Sim Success: 25.0%
-----------------------------------
| rollout/             |          |
|    ep_len_mean       | 75       |
|    ep_rew_mean       | 3.01     |
| time/                |          |
|    episodes          | 1780     |
|    fps               | 1        |
|    time_elapsed      | 80914    |
|    total_timesteps   | 133500   |
| train/               |          |
|    actor_loss        | -2.79    |
|    critic_loss       | 0.00606  |
|    ent_coef          | 0.00101  |
|    ent_coef_loss     | -0.334   |
|    learning_rate     | 0.0003   |
|    n_updates         | 1001220  |
|    noise_critic_loss | 0.0188   |
-----------------------------------
[Step 631200] VLM Score: 3.50, VLM Success: 50.0%, Sim Success: 50.0%
-----------------------------------
| rollout/             |          |
|    ep_len_mean       | 75       |
|    ep_rew_mean       | 3.04     |
| time/                |          |
|    episodes          | 1784     |
|    fps               | 1        |
|    time_elapsed      | 81052    |
|    total_timesteps   | 133800   |
| train/               |          |
|    actor_loss        | -2.8     |
|    critic_loss       | 0.0057   |
|    ent_coef          | 0.000983 |
|    ent_coef_loss     | -0.0644  |
|    learning_rate     | 0.0003   |
|    n_updates         | 1003470  |
|    noise_critic_loss | 0.0185   |
-----------------------------------
[Step 632400] VLM Score: 2.00, VLM Success: 0.0%, Sim Success: 75.0%
-----------------------------------
| rollout/             |          |
|    ep_len_mean       | 75       |
|    ep_rew_mean       | 2.99     |
| time/                |          |
|    episodes          | 1788     |
|    fps               | 1        |
|    time_elapsed      | 81190    |
|    total_timesteps   | 134100   |
| train/               |          |
|    actor_loss        | -2.76    |
|    critic_loss       | 0.00644  |
|    ent_coef          | 0.00101  |
|    ent_coef_loss     | -1.56    |
|    learning_rate     | 0.0003   |
|    n_updates         | 1005720  |
|    noise_critic_loss | 0.0167   |
-----------------------------------
[Step 633600] VLM Score: 2.00, VLM Success: 0.0%, Sim Success: 75.0%
-----------------------------------
| rollout/             |          |
|    ep_len_mean       | 75       |
|    ep_rew_mean       | 2.94     |
| time/                |          |
|    episodes          | 1792     |
|    fps               | 1        |
|    time_elapsed      | 81328    |
|    total_timesteps   | 134400   |
| train/               |          |
|    actor_loss        | -2.78    |
|    critic_loss       | 0.00574  |
|    ent_coef          | 0.000995 |
|    ent_coef_loss     | 0.35     |
|    learning_rate     | 0.0003   |
|    n_updates         | 1007970  |
|    noise_critic_loss | 0.0176   |
-----------------------------------
[Step 634800] VLM Score: 2.75, VLM Success: 25.0%, Sim Success: 25.0%
-----------------------------------
| rollout/             |          |
|    ep_len_mean       | 75       |
|    ep_rew_mean       | 2.94     |
| time/                |          |
|    episodes          | 1796     |
|    fps               | 1        |
|    time_elapsed      | 81466    |
|    total_timesteps   | 134700   |
| train/               |          |
|    actor_loss        | -2.75    |
|    critic_loss       | 0.00616  |
|    ent_coef          | 0.001    |
|    ent_coef_loss     | 1.08     |
|    learning_rate     | 0.0003   |
|    n_updates         | 1010220  |
|    noise_critic_loss | 0.0185   |
-----------------------------------
[Step 636000] VLM Score: 3.00, VLM Success: 25.0%, Sim Success: 75.0%
-----------------------------------
| rollout/             |          |
|    ep_len_mean       | 75       |
|    ep_rew_mean       | 2.93     |
| time/                |          |
|    episodes          | 1800     |
|    fps               | 1        |
|    time_elapsed      | 81605    |
|    total_timesteps   | 135000   |
| train/               |          |
|    actor_loss        | -2.79    |
|    critic_loss       | 0.00594  |
|    ent_coef          | 0.00102  |
|    ent_coef_loss     | 1.02     |
|    learning_rate     | 0.0003   |
|    n_updates         | 1012470  |
|    noise_critic_loss | 0.0199   |
-----------------------------------
[Step 637200] VLM Score: 2.00, VLM Success: 0.0%, Sim Success: 50.0%
-----------------------------------
| rollout/             |          |
|    ep_len_mean       | 75       |
|    ep_rew_mean       | 2.86     |
| time/                |          |
|    episodes          | 1804     |
|    fps               | 1        |
|    time_elapsed      | 81743    |
|    total_timesteps   | 135300   |
| train/               |          |
|    actor_loss        | -2.77    |
|    critic_loss       | 0.00609  |
|    ent_coef          | 0.000997 |
|    ent_coef_loss     | -0.629   |
|    learning_rate     | 0.0003   |
|    n_updates         | 1014720  |
|    noise_critic_loss | 0.0179   |
-----------------------------------
[Step 638400] VLM Score: 2.00, VLM Success: 0.0%, Sim Success: 75.0%
-----------------------------------
| rollout/             |          |
|    ep_len_mean       | 75       |
|    ep_rew_mean       | 2.82     |
| time/                |          |
|    episodes          | 1808     |
|    fps               | 1        |
|    time_elapsed      | 81883    |
|    total_timesteps   | 135600   |
| train/               |          |
|    actor_loss        | -2.79    |
|    critic_loss       | 0.00606  |
|    ent_coef          | 0.000978 |
|    ent_coef_loss     | 0.744    |
|    learning_rate     | 0.0003   |
|    n_updates         | 1016970  |
|    noise_critic_loss | 0.0192   |
-----------------------------------
[Step 639600] VLM Score: 3.50, VLM Success: 50.0%, Sim Success: 50.0%
-----------------------------------
| rollout/             |          |
|    ep_len_mean       | 75       |
|    ep_rew_mean       | 2.85     |
| time/                |          |
|    episodes          | 1812     |
|    fps               | 1        |
|    time_elapsed      | 82021    |
|    total_timesteps   | 135900   |
| train/               |          |
|    actor_loss        | -2.79    |
|    critic_loss       | 0.00601  |
|    ent_coef          | 0.000994 |
|    ent_coef_loss     | -1.04    |
|    learning_rate     | 0.0003   |
|    n_updates         | 1019220  |
|    noise_critic_loss | 0.0184   |
-----------------------------------
[Step 640800] VLM Score: 4.25, VLM Success: 75.0%, Sim Success: 75.0%
-----------------------------------
| rollout/             |          |
|    ep_len_mean       | 75       |
|    ep_rew_mean       | 2.88     |
| time/                |          |
|    episodes          | 1816     |
|    fps               | 1        |
|    time_elapsed      | 82157    |
|    total_timesteps   | 136200   |
| train/               |          |
|    actor_loss        | -2.79    |
|    critic_loss       | 0.0062   |
|    ent_coef          | 0.00101  |
|    ent_coef_loss     | 1.04     |
|    learning_rate     | 0.0003   |
|    n_updates         | 1021470  |
|    noise_critic_loss | 0.0196   |
-----------------------------------
[VLM #3100] Task: Pick up the red cube from the table
    Frames: 62, Raw output: .2 seconds><14.2 seconds><15.2 seconds>Task: Pick up the red cube from the table
assistant
ANSWER: 4
    Parsed discrete score: 4/5 → Reward: -0.25
[Step 642000] VLM Score: 4.75, VLM Success: 100.0%, Sim Success: 50.0%
-----------------------------------
| rollout/             |          |
|    ep_len_mean       | 75       |
|    ep_rew_mean       | 2.96     |
| time/                |          |
|    episodes          | 1820     |
|    fps               | 1        |
|    time_elapsed      | 82294    |
|    total_timesteps   | 136500   |
| train/               |          |
|    actor_loss        | -2.76    |
|    critic_loss       | 0.00617  |
|    ent_coef          | 0.00101  |
|    ent_coef_loss     | 1.37     |
|    learning_rate     | 0.0003   |
|    n_updates         | 1023720  |
|    noise_critic_loss | 0.0196   |
-----------------------------------
[Step 643200] VLM Score: 2.00, VLM Success: 0.0%, Sim Success: 75.0%
-----------------------------------
| rollout/             |          |
|    ep_len_mean       | 75       |
|    ep_rew_mean       | 2.92     |
| time/                |          |
|    episodes          | 1824     |
|    fps               | 1        |
|    time_elapsed      | 82432    |
|    total_timesteps   | 136800   |
| train/               |          |
|    actor_loss        | -2.77    |
|    critic_loss       | 0.00598  |
|    ent_coef          | 0.001    |
|    ent_coef_loss     | -1.01    |
|    learning_rate     | 0.0003   |
|    n_updates         | 1025970  |
|    noise_critic_loss | 0.0186   |
-----------------------------------
[Step 644400] VLM Score: 3.00, VLM Success: 25.0%, Sim Success: 75.0%
-----------------------------------
| rollout/             |          |
|    ep_len_mean       | 75       |
|    ep_rew_mean       | 2.94     |
| time/                |          |
|    episodes          | 1828     |
|    fps               | 1        |
|    time_elapsed      | 82570    |
|    total_timesteps   | 137100   |
| train/               |          |
|    actor_loss        | -2.71    |
|    critic_loss       | 0.00687  |
|    ent_coef          | 0.001    |
|    ent_coef_loss     | 0.779    |
|    learning_rate     | 0.0003   |
|    n_updates         | 1028220  |
|    noise_critic_loss | 0.02     |
-----------------------------------
[Step 645600] VLM Score: 3.00, VLM Success: 50.0%, Sim Success: 25.0%
-----------------------------------
| rollout/             |          |
|    ep_len_mean       | 75       |
|    ep_rew_mean       | 2.98     |
| time/                |          |
|    episodes          | 1832     |
|    fps               | 1        |
|    time_elapsed      | 82709    |
|    total_timesteps   | 137400   |
| train/               |          |
|    actor_loss        | -2.77    |
|    critic_loss       | 0.00637  |
|    ent_coef          | 0.001    |
|    ent_coef_loss     | 0.366    |
|    learning_rate     | 0.0003   |
|    n_updates         | 1030470  |
|    noise_critic_loss | 0.0193   |
-----------------------------------
[Step 646800] VLM Score: 3.50, VLM Success: 50.0%, Sim Success: 50.0%
-----------------------------------
| rollout/             |          |
|    ep_len_mean       | 75       |
|    ep_rew_mean       | 2.96     |
| time/                |          |
|    episodes          | 1836     |
|    fps               | 1        |
|    time_elapsed      | 82845    |
|    total_timesteps   | 137700   |
| train/               |          |
|    actor_loss        | -2.73    |
|    critic_loss       | 0.00587  |
|    ent_coef          | 0.000997 |
|    ent_coef_loss     | 0.876    |
|    learning_rate     | 0.0003   |
|    n_updates         | 1032720  |
|    noise_critic_loss | 0.0199   |
-----------------------------------
[Step 648000] VLM Score: 3.25, VLM Success: 25.0%, Sim Success: 25.0%
-----------------------------------
| rollout/             |          |
|    ep_len_mean       | 75       |
|    ep_rew_mean       | 2.97     |
| time/                |          |
|    episodes          | 1840     |
|    fps               | 1        |
|    time_elapsed      | 82983    |
|    total_timesteps   | 138000   |
| train/               |          |
|    actor_loss        | -2.77    |
|    critic_loss       | 0.00657  |
|    ent_coef          | 0.000992 |
|    ent_coef_loss     | -0.166   |
|    learning_rate     | 0.0003   |
|    n_updates         | 1034970  |
|    noise_critic_loss | 0.0181   |
-----------------------------------
[Step 649200] VLM Score: 2.75, VLM Success: 25.0%, Sim Success: 50.0%
-----------------------------------
| rollout/             |          |
|    ep_len_mean       | 75       |
|    ep_rew_mean       | 2.98     |
| time/                |          |
|    episodes          | 1844     |
|    fps               | 1        |
|    time_elapsed      | 83121    |
|    total_timesteps   | 138300   |
| train/               |          |
|    actor_loss        | -2.78    |
|    critic_loss       | 0.00649  |
|    ent_coef          | 0.00101  |
|    ent_coef_loss     | 0.945    |
|    learning_rate     | 0.0003   |
|    n_updates         | 1037220  |
|    noise_critic_loss | 0.019    |
-----------------------------------
[Step 650400] VLM Score: 2.25, VLM Success: 0.0%, Sim Success: 25.0%
-----------------------------------
| rollout/             |          |
|    ep_len_mean       | 75       |
|    ep_rew_mean       | 2.99     |
| time/                |          |
|    episodes          | 1848     |
|    fps               | 1        |
|    time_elapsed      | 83257    |
|    total_timesteps   | 138600   |
| train/               |          |
|    actor_loss        | -2.72    |
|    critic_loss       | 0.00635  |
|    ent_coef          | 0.001    |
|    ent_coef_loss     | -2.7     |
|    learning_rate     | 0.0003   |
|    n_updates         | 1039470  |
|    noise_critic_loss | 0.0195   |
-----------------------------------
[Step 651600] VLM Score: 2.50, VLM Success: 25.0%, Sim Success: 0.0%
-----------------------------------
| rollout/             |          |
|    ep_len_mean       | 75       |
|    ep_rew_mean       | 2.91     |
| time/                |          |
|    episodes          | 1852     |
|    fps               | 1        |
|    time_elapsed      | 83394    |
|    total_timesteps   | 138900   |
| train/               |          |
|    actor_loss        | -2.71    |
|    critic_loss       | 0.00616  |
|    ent_coef          | 0.00101  |
|    ent_coef_loss     | 2.35     |
|    learning_rate     | 0.0003   |
|    n_updates         | 1041720  |
|    noise_critic_loss | 0.0186   |
-----------------------------------
[Step 652800] VLM Score: 3.50, VLM Success: 50.0%, Sim Success: 75.0%
-----------------------------------
| rollout/             |          |
|    ep_len_mean       | 75       |
|    ep_rew_mean       | 2.91     |
| time/                |          |
|    episodes          | 1856     |
|    fps               | 1        |
|    time_elapsed      | 83533    |
|    total_timesteps   | 139200   |
| train/               |          |
|    actor_loss        | -2.74    |
|    critic_loss       | 0.00628  |
|    ent_coef          | 0.00101  |
|    ent_coef_loss     | -0.38    |
|    learning_rate     | 0.0003   |
|    n_updates         | 1043970  |
|    noise_critic_loss | 0.0192   |
-----------------------------------
[Step 654000] VLM Score: 4.25, VLM Success: 75.0%, Sim Success: 25.0%
-----------------------------------
| rollout/             |          |
|    ep_len_mean       | 75       |
|    ep_rew_mean       | 3        |
| time/                |          |
|    episodes          | 1860     |
|    fps               | 1        |
|    time_elapsed      | 83671    |
|    total_timesteps   | 139500   |
| train/               |          |
|    actor_loss        | -2.74    |
|    critic_loss       | 0.00645  |
|    ent_coef          | 0.000993 |
|    ent_coef_loss     | 0.13     |
|    learning_rate     | 0.0003   |
|    n_updates         | 1046220  |
|    noise_critic_loss | 0.0182   |
-----------------------------------
[Step 655200] VLM Score: 3.50, VLM Success: 50.0%, Sim Success: 50.0%
-----------------------------------
| rollout/             |          |
|    ep_len_mean       | 75       |
|    ep_rew_mean       | 3        |
| time/                |          |
|    episodes          | 1864     |
|    fps               | 1        |
|    time_elapsed      | 83809    |
|    total_timesteps   | 139800   |
| train/               |          |
|    actor_loss        | -2.77    |
|    critic_loss       | 0.00632  |
|    ent_coef          | 0.000988 |
|    ent_coef_loss     | 1.56     |
|    learning_rate     | 0.0003   |
|    n_updates         | 1048470  |
|    noise_critic_loss | 0.0182   |
-----------------------------------
[Step 656400] VLM Score: 4.00, VLM Success: 75.0%, Sim Success: 50.0%
-----------------------------------
| rollout/             |          |
|    ep_len_mean       | 75       |
|    ep_rew_mean       | 3.06     |
| time/                |          |
|    episodes          | 1868     |
|    fps               | 1        |
|    time_elapsed      | 83946    |
|    total_timesteps   | 140100   |
| train/               |          |
|    actor_loss        | -2.75    |
|    critic_loss       | 0.00636  |
|    ent_coef          | 0.00101  |
|    ent_coef_loss     | -2.1     |
|    learning_rate     | 0.0003   |
|    n_updates         | 1050720  |
|    noise_critic_loss | 0.0182   |
-----------------------------------
[VLM #3150] Task: Pick up the red cube from the table
    Frames: 62, Raw output: .2 seconds><14.2 seconds><15.2 seconds>Task: Pick up the red cube from the table
assistant
ANSWER: 5
    Parsed discrete score: 5/5 → Reward: 0.00
[Step 657600] VLM Score: 3.50, VLM Success: 50.0%, Sim Success: 50.0%
-----------------------------------
| rollout/             |          |
|    ep_len_mean       | 75       |
|    ep_rew_mean       | 3.09     |
| time/                |          |
|    episodes          | 1872     |
|    fps               | 1        |
|    time_elapsed      | 84083    |
|    total_timesteps   | 140400   |
| train/               |          |
|    actor_loss        | -2.76    |
|    critic_loss       | 0.00623  |
|    ent_coef          | 0.001    |
|    ent_coef_loss     | 0.317    |
|    learning_rate     | 0.0003   |
|    n_updates         | 1052970  |
|    noise_critic_loss | 0.0176   |
-----------------------------------
[Step 658800] VLM Score: 2.00, VLM Success: 0.0%, Sim Success: 50.0%
-----------------------------------
| rollout/             |          |
|    ep_len_mean       | 75       |
|    ep_rew_mean       | 3.04     |
| time/                |          |
|    episodes          | 1876     |
|    fps               | 1        |
|    time_elapsed      | 84221    |
|    total_timesteps   | 140700   |
| train/               |          |
|    actor_loss        | -2.77    |
|    critic_loss       | 0.00686  |
|    ent_coef          | 0.00102  |
|    ent_coef_loss     | 2.41     |
|    learning_rate     | 0.0003   |
|    n_updates         | 1055220  |
|    noise_critic_loss | 0.0187   |
-----------------------------------
[Step 660000] VLM Score: 2.75, VLM Success: 25.0%, Sim Success: 50.0%
-----------------------------------
| rollout/             |          |
|    ep_len_mean       | 75       |
|    ep_rew_mean       | 3.02     |
| time/                |          |
|    episodes          | 1880     |
|    fps               | 1        |
|    time_elapsed      | 84357    |
|    total_timesteps   | 141000   |
| train/               |          |
|    actor_loss        | -2.76    |
|    critic_loss       | 0.00708  |
|    ent_coef          | 0.000991 |
|    ent_coef_loss     | -1.47    |
|    learning_rate     | 0.0003   |
|    n_updates         | 1057470  |
|    noise_critic_loss | 0.0198   |
-----------------------------------
[Step 661200] VLM Score: 2.75, VLM Success: 25.0%, Sim Success: 25.0%
-----------------------------------
| rollout/             |          |
|    ep_len_mean       | 75       |
|    ep_rew_mean       | 2.99     |
| time/                |          |
|    episodes          | 1884     |
|    fps               | 1        |
|    time_elapsed      | 84494    |
|    total_timesteps   | 141300   |
| train/               |          |
|    actor_loss        | -2.75    |
|    critic_loss       | 0.00611  |
|    ent_coef          | 0.00101  |
|    ent_coef_loss     | -1.93    |
|    learning_rate     | 0.0003   |
|    n_updates         | 1059720  |
|    noise_critic_loss | 0.0188   |
-----------------------------------
[Step 662400] VLM Score: 3.00, VLM Success: 50.0%, Sim Success: 50.0%
-----------------------------------
| rollout/             |          |
|    ep_len_mean       | 75       |
|    ep_rew_mean       | 3.03     |
| time/                |          |
|    episodes          | 1888     |
|    fps               | 1        |
|    time_elapsed      | 84633    |
|    total_timesteps   | 141600   |
| train/               |          |
|    actor_loss        | -2.73    |
|    critic_loss       | 0.00661  |
|    ent_coef          | 0.00101  |
|    ent_coef_loss     | 1.71     |
|    learning_rate     | 0.0003   |
|    n_updates         | 1061970  |
|    noise_critic_loss | 0.0192   |
-----------------------------------
[Step 663600] VLM Score: 3.75, VLM Success: 50.0%, Sim Success: 25.0%
-----------------------------------
| rollout/             |          |
|    ep_len_mean       | 75       |
|    ep_rew_mean       | 3.1      |
| time/                |          |
|    episodes          | 1892     |
|    fps               | 1        |
|    time_elapsed      | 84770    |
|    total_timesteps   | 141900   |
| train/               |          |
|    actor_loss        | -2.76    |
|    critic_loss       | 0.00659  |
|    ent_coef          | 0.00101  |
|    ent_coef_loss     | 1.03     |
|    learning_rate     | 0.0003   |
|    n_updates         | 1064220  |
|    noise_critic_loss | 0.0194   |
-----------------------------------
[Step 664800] VLM Score: 2.00, VLM Success: 0.0%, Sim Success: 100.0%
-----------------------------------
| rollout/             |          |
|    ep_len_mean       | 75       |
|    ep_rew_mean       | 3.07     |
| time/                |          |
|    episodes          | 1896     |
|    fps               | 1        |
|    time_elapsed      | 84908    |
|    total_timesteps   | 142200   |
| train/               |          |
|    actor_loss        | -2.7     |
|    critic_loss       | 0.006    |
|    ent_coef          | 0.000983 |
|    ent_coef_loss     | -0.533   |
|    learning_rate     | 0.0003   |
|    n_updates         | 1066470  |
|    noise_critic_loss | 0.022    |
-----------------------------------
[Step 666000] VLM Score: 2.75, VLM Success: 25.0%, Sim Success: 25.0%
-----------------------------------
| rollout/             |          |
|    ep_len_mean       | 75       |
|    ep_rew_mean       | 3.06     |
| time/                |          |
|    episodes          | 1900     |
|    fps               | 1        |
|    time_elapsed      | 85045    |
|    total_timesteps   | 142500   |
| train/               |          |
|    actor_loss        | -2.7     |
|    critic_loss       | 0.00608  |
|    ent_coef          | 0.000986 |
|    ent_coef_loss     | 0.0668   |
|    learning_rate     | 0.0003   |
|    n_updates         | 1068720  |
|    noise_critic_loss | 0.0201   |
-----------------------------------
[Step 667200] VLM Score: 2.75, VLM Success: 25.0%, Sim Success: 75.0%
-----------------------------------
| rollout/             |          |
|    ep_len_mean       | 75       |
|    ep_rew_mean       | 3.09     |
| time/                |          |
|    episodes          | 1904     |
|    fps               | 1        |
|    time_elapsed      | 85182    |
|    total_timesteps   | 142800   |
| train/               |          |
|    actor_loss        | -2.74    |
|    critic_loss       | 0.00686  |
|    ent_coef          | 0.000978 |
|    ent_coef_loss     | 1.4      |
|    learning_rate     | 0.0003   |
|    n_updates         | 1070970  |
|    noise_critic_loss | 0.0192   |
-----------------------------------
[Step 668400] VLM Score: 2.75, VLM Success: 25.0%, Sim Success: 50.0%
-----------------------------------
| rollout/             |          |
|    ep_len_mean       | 75       |
|    ep_rew_mean       | 3.12     |
| time/                |          |
|    episodes          | 1908     |
|    fps               | 1        |
|    time_elapsed      | 85320    |
|    total_timesteps   | 143100   |
| train/               |          |
|    actor_loss        | -2.75    |
|    critic_loss       | 0.00649  |
|    ent_coef          | 0.00103  |
|    ent_coef_loss     | 2.64     |
|    learning_rate     | 0.0003   |
|    n_updates         | 1073220  |
|    noise_critic_loss | 0.0194   |
-----------------------------------
[Step 669600] VLM Score: 1.75, VLM Success: 0.0%, Sim Success: 75.0%
-----------------------------------
| rollout/             |          |
|    ep_len_mean       | 75       |
|    ep_rew_mean       | 3.05     |
| time/                |          |
|    episodes          | 1912     |
|    fps               | 1        |
|    time_elapsed      | 85459    |
|    total_timesteps   | 143400   |
| train/               |          |
|    actor_loss        | -2.78    |
|    critic_loss       | 0.00681  |
|    ent_coef          | 0.00103  |
|    ent_coef_loss     | 0.346    |
|    learning_rate     | 0.0003   |
|    n_updates         | 1075470  |
|    noise_critic_loss | 0.0203   |
-----------------------------------
[Step 670800] VLM Score: 2.75, VLM Success: 25.0%, Sim Success: 50.0%
-----------------------------------
| rollout/             |          |
|    ep_len_mean       | 75       |
|    ep_rew_mean       | 2.99     |
| time/                |          |
|    episodes          | 1916     |
|    fps               | 1        |
|    time_elapsed      | 85597    |
|    total_timesteps   | 143700   |
| train/               |          |
|    actor_loss        | -2.73    |
|    critic_loss       | 0.00605  |
|    ent_coef          | 0.000996 |
|    ent_coef_loss     | 1.24     |
|    learning_rate     | 0.0003   |
|    n_updates         | 1077720  |
|    noise_critic_loss | 0.0186   |
-----------------------------------
[VLM #3200] Task: Pick up the red cube from the table
    Frames: 62, Raw output: .2 seconds><14.2 seconds><15.2 seconds>Task: Pick up the red cube from the table
assistant
ANSWER: 2
    Parsed discrete score: 2/5 → Reward: -0.75
[Step 672000] VLM Score: 2.50, VLM Success: 25.0%, Sim Success: 75.0%
Eval episode 0 at timestep 672000
Eval episode 1 at timestep 672000
Eval episode 2 at timestep 672000
Eval episode 3 at timestep 672000
Eval episode 4 at timestep 672000
Eval episode 5 at timestep 672000
Eval episode 6 at timestep 672000
Eval episode 7 at timestep 672000
Eval episode 8 at timestep 672000
Eval episode 9 at timestep 672000
Eval episode 10 at timestep 672000
Eval episode 11 at timestep 672000
Eval episode 12 at timestep 672000
Eval episode 13 at timestep 672000
Eval episode 14 at timestep 672000
Eval episode 15 at timestep 672000
Eval episode 16 at timestep 672000
Eval episode 17 at timestep 672000
Eval episode 18 at timestep 672000
Eval episode 19 at timestep 672000
Eval episode 20 at timestep 672000
Eval episode 21 at timestep 672000
Eval episode 22 at timestep 672000
Eval episode 23 at timestep 672000
Eval episode 24 at timestep 672000
Eval episode 25 at timestep 672000
Eval episode 26 at timestep 672000
Eval episode 27 at timestep 672000
Eval episode 28 at timestep 672000
Eval episode 29 at timestep 672000
Eval episode 30 at timestep 672000
Eval episode 31 at timestep 672000
Eval episode 32 at timestep 672000
Eval episode 33 at timestep 672000
Eval episode 34 at timestep 672000
Eval episode 35 at timestep 672000
Eval episode 36 at timestep 672000
Eval episode 37 at timestep 672000
Eval episode 38 at timestep 672000
Eval episode 39 at timestep 672000
Eval episode 40 at timestep 672000
Eval episode 41 at timestep 672000
Eval episode 42 at timestep 672000
Eval episode 43 at timestep 672000
Eval episode 44 at timestep 672000
Eval episode 45 at timestep 672000
Eval episode 46 at timestep 672000
Eval episode 47 at timestep 672000
Eval episode 48 at timestep 672000
Eval episode 49 at timestep 672000
-----------------------------------
| rollout/             |          |
|    ep_len_mean       | 75       |
|    ep_rew_mean       | 2.9      |
| time/                |          |
|    episodes          | 1920     |
|    fps               | 1        |
|    time_elapsed      | 87521    |
|    total_timesteps   | 144000   |
| train/               |          |
|    actor_loss        | -2.74    |
|    critic_loss       | 0.00651  |
|    ent_coef          | 0.001    |
|    ent_coef_loss     | -1.77    |
|    learning_rate     | 0.0003   |
|    n_updates         | 1079970  |
|    noise_critic_loss | 0.0192   |
-----------------------------------
[Step 673200] VLM Score: 2.75, VLM Success: 25.0%, Sim Success: 25.0%
-----------------------------------
| rollout/             |          |
|    ep_len_mean       | 75       |
|    ep_rew_mean       | 2.93     |
| time/                |          |
|    episodes          | 1924     |
|    fps               | 1        |
|    time_elapsed      | 87659    |
|    total_timesteps   | 144300   |
| train/               |          |
|    actor_loss        | -2.73    |
|    critic_loss       | 0.00708  |
|    ent_coef          | 0.00101  |
|    ent_coef_loss     | -1.73    |
|    learning_rate     | 0.0003   |
|    n_updates         | 1082220  |
|    noise_critic_loss | 0.0184   |
-----------------------------------
[Step 674400] VLM Score: 3.00, VLM Success: 25.0%, Sim Success: 50.0%
-----------------------------------
| rollout/             |          |
|    ep_len_mean       | 75       |
|    ep_rew_mean       | 2.93     |
| time/                |          |
|    episodes          | 1928     |
|    fps               | 1        |
|    time_elapsed      | 87797    |
|    total_timesteps   | 144600   |
| train/               |          |
|    actor_loss        | -2.77    |
|    critic_loss       | 0.0066   |
|    ent_coef          | 0.00102  |
|    ent_coef_loss     | 0.203    |
|    learning_rate     | 0.0003   |
|    n_updates         | 1084470  |
|    noise_critic_loss | 0.0198   |
-----------------------------------
[Step 675600] VLM Score: 3.25, VLM Success: 50.0%, Sim Success: 75.0%
-----------------------------------
| rollout/             |          |
|    ep_len_mean       | 75       |
|    ep_rew_mean       | 2.94     |
| time/                |          |
|    episodes          | 1932     |
|    fps               | 1        |
|    time_elapsed      | 87935    |
|    total_timesteps   | 144900   |
| train/               |          |
|    actor_loss        | -2.7     |
|    critic_loss       | 0.00668  |
|    ent_coef          | 0.00103  |
|    ent_coef_loss     | -0.958   |
|    learning_rate     | 0.0003   |
|    n_updates         | 1086720  |
|    noise_critic_loss | 0.0198   |
-----------------------------------
[Step 676800] VLM Score: 2.50, VLM Success: 0.0%, Sim Success: 25.0%
-----------------------------------
| rollout/             |          |
|    ep_len_mean       | 75       |
|    ep_rew_mean       | 2.9      |
| time/                |          |
|    episodes          | 1936     |
|    fps               | 1        |
|    time_elapsed      | 88073    |
|    total_timesteps   | 145200   |
| train/               |          |
|    actor_loss        | -2.71    |
|    critic_loss       | 0.00662  |
|    ent_coef          | 0.00102  |
|    ent_coef_loss     | 0.558    |
|    learning_rate     | 0.0003   |
|    n_updates         | 1088970  |
|    noise_critic_loss | 0.0193   |
-----------------------------------
[Step 678000] VLM Score: 2.00, VLM Success: 0.0%, Sim Success: 75.0%
-----------------------------------
| rollout/             |          |
|    ep_len_mean       | 75       |
|    ep_rew_mean       | 2.85     |
| time/                |          |
|    episodes          | 1940     |
|    fps               | 1        |
|    time_elapsed      | 88212    |
|    total_timesteps   | 145500   |
| train/               |          |
|    actor_loss        | -2.7     |
|    critic_loss       | 0.00664  |
|    ent_coef          | 0.00101  |
|    ent_coef_loss     | -1.52    |
|    learning_rate     | 0.0003   |
|    n_updates         | 1091220  |
|    noise_critic_loss | 0.0204   |
-----------------------------------
[Step 679200] VLM Score: 4.00, VLM Success: 75.0%, Sim Success: 50.0%
-----------------------------------
| rollout/             |          |
|    ep_len_mean       | 75       |
|    ep_rew_mean       | 2.9      |
| time/                |          |
|    episodes          | 1944     |
|    fps               | 1        |
|    time_elapsed      | 88349    |
|    total_timesteps   | 145800   |
| train/               |          |
|    actor_loss        | -2.69    |
|    critic_loss       | 0.00636  |
|    ent_coef          | 0.00103  |
|    ent_coef_loss     | 1.66     |
|    learning_rate     | 0.0003   |
|    n_updates         | 1093470  |
|    noise_critic_loss | 0.019    |
-----------------------------------
[Step 680400] VLM Score: 3.00, VLM Success: 25.0%, Sim Success: 75.0%
-----------------------------------
| rollout/             |          |
|    ep_len_mean       | 75       |
|    ep_rew_mean       | 2.93     |
| time/                |          |
|    episodes          | 1948     |
|    fps               | 1        |
|    time_elapsed      | 88487    |
|    total_timesteps   | 146100   |
| train/               |          |
|    actor_loss        | -2.74    |
|    critic_loss       | 0.00667  |
|    ent_coef          | 0.00102  |
|    ent_coef_loss     | 0.537    |
|    learning_rate     | 0.0003   |
|    n_updates         | 1095720  |
|    noise_critic_loss | 0.0216   |
-----------------------------------
[Step 681600] VLM Score: 3.00, VLM Success: 25.0%, Sim Success: 50.0%
-----------------------------------
| rollout/             |          |
|    ep_len_mean       | 75       |
|    ep_rew_mean       | 2.95     |
| time/                |          |
|    episodes          | 1952     |
|    fps               | 1        |
|    time_elapsed      | 88624    |
|    total_timesteps   | 146400   |
| train/               |          |
|    actor_loss        | -2.68    |
|    critic_loss       | 0.00626  |
|    ent_coef          | 0.00103  |
|    ent_coef_loss     | -0.137   |
|    learning_rate     | 0.0003   |
|    n_updates         | 1097970  |
|    noise_critic_loss | 0.0204   |
-----------------------------------
[Step 682800] VLM Score: 3.75, VLM Success: 50.0%, Sim Success: 75.0%
-----------------------------------
| rollout/             |          |
|    ep_len_mean       | 75       |
|    ep_rew_mean       | 2.96     |
| time/                |          |
|    episodes          | 1956     |
|    fps               | 1        |
|    time_elapsed      | 88762    |
|    total_timesteps   | 146700   |
| train/               |          |
|    actor_loss        | -2.73    |
|    critic_loss       | 0.00684  |
|    ent_coef          | 0.00104  |
|    ent_coef_loss     | 0.0616   |
|    learning_rate     | 0.0003   |
|    n_updates         | 1100220  |
|    noise_critic_loss | 0.0204   |
-----------------------------------
[Step 684000] VLM Score: 3.50, VLM Success: 50.0%, Sim Success: 75.0%
-----------------------------------
| rollout/             |          |
|    ep_len_mean       | 75       |
|    ep_rew_mean       | 2.93     |
| time/                |          |
|    episodes          | 1960     |
|    fps               | 1        |
|    time_elapsed      | 88900    |
|    total_timesteps   | 147000   |
| train/               |          |
|    actor_loss        | -2.78    |
|    critic_loss       | 0.00613  |
|    ent_coef          | 0.00103  |
|    ent_coef_loss     | -2.42    |
|    learning_rate     | 0.0003   |
|    n_updates         | 1102470  |
|    noise_critic_loss | 0.0212   |
-----------------------------------
[Step 685200] VLM Score: 2.75, VLM Success: 25.0%, Sim Success: 50.0%
-----------------------------------
| rollout/             |          |
|    ep_len_mean       | 75       |
|    ep_rew_mean       | 2.9      |
| time/                |          |
|    episodes          | 1964     |
|    fps               | 1        |
|    time_elapsed      | 89038    |
|    total_timesteps   | 147300   |
| train/               |          |
|    actor_loss        | -2.67    |
|    critic_loss       | 0.00719  |
|    ent_coef          | 0.00102  |
|    ent_coef_loss     | -0.0985  |
|    learning_rate     | 0.0003   |
|    n_updates         | 1104720  |
|    noise_critic_loss | 0.0205   |
-----------------------------------
[Step 686400] VLM Score: 2.75, VLM Success: 25.0%, Sim Success: 50.0%
-----------------------------------
| rollout/             |          |
|    ep_len_mean       | 75       |
|    ep_rew_mean       | 2.85     |
| time/                |          |
|    episodes          | 1968     |
|    fps               | 1        |
|    time_elapsed      | 89176    |
|    total_timesteps   | 147600   |
| train/               |          |
|    actor_loss        | -2.67    |
|    critic_loss       | 0.00718  |
|    ent_coef          | 0.00101  |
|    ent_coef_loss     | 0.159    |
|    learning_rate     | 0.0003   |
|    n_updates         | 1106970  |
|    noise_critic_loss | 0.019    |
-----------------------------------
[VLM #3250] Task: Pick up the red cube from the table
    Frames: 62, Raw output: .2 seconds><14.2 seconds><15.2 seconds>Task: Pick up the red cube from the table
assistant
ANSWER: 5
    Parsed discrete score: 5/5 → Reward: 0.00
[Step 687600] VLM Score: 4.25, VLM Success: 75.0%, Sim Success: 25.0%
-----------------------------------
| rollout/             |          |
|    ep_len_mean       | 75       |
|    ep_rew_mean       | 2.88     |
| time/                |          |
|    episodes          | 1972     |
|    fps               | 1        |
|    time_elapsed      | 89312    |
|    total_timesteps   | 147900   |
| train/               |          |
|    actor_loss        | -2.66    |
|    critic_loss       | 0.00657  |
|    ent_coef          | 0.00103  |
|    ent_coef_loss     | 1.36     |
|    learning_rate     | 0.0003   |
|    n_updates         | 1109220  |
|    noise_critic_loss | 0.0199   |
-----------------------------------
[Step 688800] VLM Score: 2.50, VLM Success: 0.0%, Sim Success: 50.0%
-----------------------------------
| rollout/             |          |
|    ep_len_mean       | 75       |
|    ep_rew_mean       | 2.9      |
| time/                |          |
|    episodes          | 1976     |
|    fps               | 1        |
|    time_elapsed      | 89450    |
|    total_timesteps   | 148200   |
| train/               |          |
|    actor_loss        | -2.74    |
|    critic_loss       | 0.0081   |
|    ent_coef          | 0.00102  |
|    ent_coef_loss     | 0.766    |
|    learning_rate     | 0.0003   |
|    n_updates         | 1111470  |
|    noise_critic_loss | 0.0202   |
-----------------------------------
[Step 690000] VLM Score: 3.50, VLM Success: 50.0%, Sim Success: 25.0%
-----------------------------------
| rollout/             |          |
|    ep_len_mean       | 75       |
|    ep_rew_mean       | 2.93     |
| time/                |          |
|    episodes          | 1980     |
|    fps               | 1        |
|    time_elapsed      | 89587    |
|    total_timesteps   | 148500   |
| train/               |          |
|    actor_loss        | -2.65    |
|    critic_loss       | 0.00652  |
|    ent_coef          | 0.00102  |
|    ent_coef_loss     | -0.928   |
|    learning_rate     | 0.0003   |
|    n_updates         | 1113720  |
|    noise_critic_loss | 0.0196   |
-----------------------------------
[Step 691200] VLM Score: 2.50, VLM Success: 25.0%, Sim Success: 100.0%
-----------------------------------
| rollout/             |          |
|    ep_len_mean       | 75       |
|    ep_rew_mean       | 2.92     |
| time/                |          |
|    episodes          | 1984     |
|    fps               | 1        |
|    time_elapsed      | 89725    |
|    total_timesteps   | 148800   |
| train/               |          |
|    actor_loss        | -2.72    |
|    critic_loss       | 0.00697  |
|    ent_coef          | 0.00102  |
|    ent_coef_loss     | 2.85     |
|    learning_rate     | 0.0003   |
|    n_updates         | 1115970  |
|    noise_critic_loss | 0.019    |
-----------------------------------
[Step 692400] VLM Score: 3.00, VLM Success: 50.0%, Sim Success: 25.0%
-----------------------------------
| rollout/             |          |
|    ep_len_mean       | 75       |
|    ep_rew_mean       | 2.92     |
| time/                |          |
|    episodes          | 1988     |
|    fps               | 1        |
|    time_elapsed      | 89862    |
|    total_timesteps   | 149100   |
| train/               |          |
|    actor_loss        | -2.69    |
|    critic_loss       | 0.00633  |
|    ent_coef          | 0.00102  |
|    ent_coef_loss     | -0.771   |
|    learning_rate     | 0.0003   |
|    n_updates         | 1118220  |
|    noise_critic_loss | 0.0187   |
-----------------------------------
[Step 693600] VLM Score: 2.75, VLM Success: 25.0%, Sim Success: 75.0%
-----------------------------------
| rollout/             |          |
|    ep_len_mean       | 75       |
|    ep_rew_mean       | 2.88     |
| time/                |          |
|    episodes          | 1992     |
|    fps               | 1        |
|    time_elapsed      | 90001    |
|    total_timesteps   | 149400   |
| train/               |          |
|    actor_loss        | -2.7     |
|    critic_loss       | 0.00683  |
|    ent_coef          | 0.00102  |
|    ent_coef_loss     | -2.24    |
|    learning_rate     | 0.0003   |
|    n_updates         | 1120470  |
|    noise_critic_loss | 0.0187   |
-----------------------------------
[Step 694800] VLM Score: 2.75, VLM Success: 25.0%, Sim Success: 50.0%
-----------------------------------
| rollout/             |          |
|    ep_len_mean       | 75       |
|    ep_rew_mean       | 2.91     |
| time/                |          |
|    episodes          | 1996     |
|    fps               | 1        |
|    time_elapsed      | 90140    |
|    total_timesteps   | 149700   |
| train/               |          |
|    actor_loss        | -2.69    |
|    critic_loss       | 0.00655  |
|    ent_coef          | 0.00102  |
|    ent_coef_loss     | 0.374    |
|    learning_rate     | 0.0003   |
|    n_updates         | 1122720  |
|    noise_critic_loss | 0.0198   |
-----------------------------------
[Step 696000] VLM Score: 2.50, VLM Success: 0.0%, Sim Success: 0.0%
-----------------------------------
| rollout/             |          |
|    ep_len_mean       | 75       |
|    ep_rew_mean       | 2.9      |
| time/                |          |
|    episodes          | 2000     |
|    fps               | 1        |
|    time_elapsed      | 90276    |
|    total_timesteps   | 150000   |
| train/               |          |
|    actor_loss        | -2.64    |
|    critic_loss       | 0.00638  |
|    ent_coef          | 0.00102  |
|    ent_coef_loss     | 0.59     |
|    learning_rate     | 0.0003   |
|    n_updates         | 1124970  |
|    noise_critic_loss | 0.0206   |
-----------------------------------
[Step 697200] VLM Score: 2.50, VLM Success: 25.0%, Sim Success: 50.0%
-----------------------------------
| rollout/             |          |
|    ep_len_mean       | 75       |
|    ep_rew_mean       | 2.89     |
| time/                |          |
|    episodes          | 2004     |
|    fps               | 1        |
|    time_elapsed      | 90414    |
|    total_timesteps   | 150300   |
| train/               |          |
|    actor_loss        | -2.69    |
|    critic_loss       | 0.00644  |
|    ent_coef          | 0.001    |
|    ent_coef_loss     | -1.23    |
|    learning_rate     | 0.0003   |
|    n_updates         | 1127220  |
|    noise_critic_loss | 0.0193   |
-----------------------------------
[Step 698400] VLM Score: 3.00, VLM Success: 50.0%, Sim Success: 50.0%
-----------------------------------
| rollout/             |          |
|    ep_len_mean       | 75       |
|    ep_rew_mean       | 2.9      |
| time/                |          |
|    episodes          | 2008     |
|    fps               | 1        |
|    time_elapsed      | 90552    |
|    total_timesteps   | 150600   |
| train/               |          |
|    actor_loss        | -2.74    |
|    critic_loss       | 0.00663  |
|    ent_coef          | 0.00101  |
|    ent_coef_loss     | 0.609    |
|    learning_rate     | 0.0003   |
|    n_updates         | 1129470  |
|    noise_critic_loss | 0.0198   |
-----------------------------------
[Step 699600] VLM Score: 3.75, VLM Success: 50.0%, Sim Success: 0.0%
-----------------------------------
| rollout/             |          |
|    ep_len_mean       | 75       |
|    ep_rew_mean       | 2.98     |
| time/                |          |
|    episodes          | 2012     |
|    fps               | 1        |
|    time_elapsed      | 90690    |
|    total_timesteps   | 150900   |
| train/               |          |
|    actor_loss        | -2.72    |
|    critic_loss       | 0.00651  |
|    ent_coef          | 0.001    |
|    ent_coef_loss     | -2.77    |
|    learning_rate     | 0.0003   |
|    n_updates         | 1131720  |
|    noise_critic_loss | 0.0197   |
-----------------------------------
[Step 700800] VLM Score: 3.25, VLM Success: 50.0%, Sim Success: 25.0%
-----------------------------------
| rollout/             |          |
|    ep_len_mean       | 75       |
|    ep_rew_mean       | 3        |
| time/                |          |
|    episodes          | 2016     |
|    fps               | 1        |
|    time_elapsed      | 90828    |
|    total_timesteps   | 151200   |
| train/               |          |
|    actor_loss        | -2.67    |
|    critic_loss       | 0.00634  |
|    ent_coef          | 0.001    |
|    ent_coef_loss     | 1.57     |
|    learning_rate     | 0.0003   |
|    n_updates         | 1133970  |
|    noise_critic_loss | 0.0186   |
-----------------------------------
[VLM #3300] Task: Pick up the red cube from the table
    Frames: 62, Raw output: .2 seconds><14.2 seconds><15.2 seconds>Task: Pick up the red cube from the table
assistant
ANSWER: 2
    Parsed discrete score: 2/5 → Reward: -0.75
[Step 702000] VLM Score: 3.25, VLM Success: 25.0%, Sim Success: 25.0%
-----------------------------------
| rollout/             |          |
|    ep_len_mean       | 75       |
|    ep_rew_mean       | 3.03     |
| time/                |          |
|    episodes          | 2020     |
|    fps               | 1        |
|    time_elapsed      | 90965    |
|    total_timesteps   | 151500   |
| train/               |          |
|    actor_loss        | -2.72    |
|    critic_loss       | 0.00639  |
|    ent_coef          | 0.00103  |
|    ent_coef_loss     | -0.769   |
|    learning_rate     | 0.0003   |
|    n_updates         | 1136220  |
|    noise_critic_loss | 0.0196   |
-----------------------------------
[Step 703200] VLM Score: 2.00, VLM Success: 0.0%, Sim Success: 75.0%
-----------------------------------
| rollout/             |          |
|    ep_len_mean       | 75       |
|    ep_rew_mean       | 3        |
| time/                |          |
|    episodes          | 2024     |
|    fps               | 1        |
|    time_elapsed      | 91105    |
|    total_timesteps   | 151800   |
| train/               |          |
|    actor_loss        | -2.7     |
|    critic_loss       | 0.00618  |
|    ent_coef          | 0.001    |
|    ent_coef_loss     | -1.72    |
|    learning_rate     | 0.0003   |
|    n_updates         | 1138470  |
|    noise_critic_loss | 0.0201   |
-----------------------------------
[Step 704400] VLM Score: 3.25, VLM Success: 50.0%, Sim Success: 50.0%
-----------------------------------
| rollout/             |          |
|    ep_len_mean       | 75       |
|    ep_rew_mean       | 3.01     |
| time/                |          |
|    episodes          | 2028     |
|    fps               | 1        |
|    time_elapsed      | 91242    |
|    total_timesteps   | 152100   |
| train/               |          |
|    actor_loss        | -2.73    |
|    critic_loss       | 0.00694  |
|    ent_coef          | 0.00101  |
|    ent_coef_loss     | 0.421    |
|    learning_rate     | 0.0003   |
|    n_updates         | 1140720  |
|    noise_critic_loss | 0.0197   |
-----------------------------------
[Step 705600] VLM Score: 2.75, VLM Success: 25.0%, Sim Success: 25.0%
-----------------------------------
| rollout/             |          |
|    ep_len_mean       | 75       |
|    ep_rew_mean       | 2.99     |
| time/                |          |
|    episodes          | 2032     |
|    fps               | 1        |
|    time_elapsed      | 91380    |
|    total_timesteps   | 152400   |
| train/               |          |
|    actor_loss        | -2.7     |
|    critic_loss       | 0.00616  |
|    ent_coef          | 0.00103  |
|    ent_coef_loss     | 0.199    |
|    learning_rate     | 0.0003   |
|    n_updates         | 1142970  |
|    noise_critic_loss | 0.0188   |
-----------------------------------
[Step 706800] VLM Score: 4.25, VLM Success: 75.0%, Sim Success: 100.0%
-----------------------------------
| rollout/             |          |
|    ep_len_mean       | 75       |
|    ep_rew_mean       | 3.06     |
| time/                |          |
|    episodes          | 2036     |
|    fps               | 1        |
|    time_elapsed      | 91519    |
|    total_timesteps   | 152700   |
| train/               |          |
|    actor_loss        | -2.71    |
|    critic_loss       | 0.00666  |
|    ent_coef          | 0.00103  |
|    ent_coef_loss     | -0.4     |
|    learning_rate     | 0.0003   |
|    n_updates         | 1145220  |
|    noise_critic_loss | 0.019    |
-----------------------------------
[Step 708000] VLM Score: 2.25, VLM Success: 0.0%, Sim Success: 25.0%
-----------------------------------
| rollout/             |          |
|    ep_len_mean       | 75       |
|    ep_rew_mean       | 3.07     |
| time/                |          |
|    episodes          | 2040     |
|    fps               | 1        |
|    time_elapsed      | 91657    |
|    total_timesteps   | 153000   |
| train/               |          |
|    actor_loss        | -2.69    |
|    critic_loss       | 0.0063   |
|    ent_coef          | 0.00101  |
|    ent_coef_loss     | -0.89    |
|    learning_rate     | 0.0003   |
|    n_updates         | 1147470  |
|    noise_critic_loss | 0.0187   |
-----------------------------------
[Step 709200] VLM Score: 3.00, VLM Success: 25.0%, Sim Success: 75.0%
-----------------------------------
| rollout/             |          |
|    ep_len_mean       | 75       |
|    ep_rew_mean       | 3.03     |
| time/                |          |
|    episodes          | 2044     |
|    fps               | 1        |
|    time_elapsed      | 91796    |
|    total_timesteps   | 153300   |
| train/               |          |
|    actor_loss        | -2.67    |
|    critic_loss       | 0.00675  |
|    ent_coef          | 0.000997 |
|    ent_coef_loss     | -0.834   |
|    learning_rate     | 0.0003   |
|    n_updates         | 1149720  |
|    noise_critic_loss | 0.0207   |
-----------------------------------
[Step 710400] VLM Score: 2.75, VLM Success: 25.0%, Sim Success: 0.0%
-----------------------------------
| rollout/             |          |
|    ep_len_mean       | 75       |
|    ep_rew_mean       | 3.02     |
| time/                |          |
|    episodes          | 2048     |
|    fps               | 1        |
|    time_elapsed      | 91934    |
|    total_timesteps   | 153600   |
| train/               |          |
|    actor_loss        | -2.69    |
|    critic_loss       | 0.00693  |
|    ent_coef          | 0.00103  |
|    ent_coef_loss     | -1.17    |
|    learning_rate     | 0.0003   |
|    n_updates         | 1151970  |
|    noise_critic_loss | 0.0188   |
-----------------------------------
[Step 711600] VLM Score: 2.75, VLM Success: 25.0%, Sim Success: 25.0%
-----------------------------------
| rollout/             |          |
|    ep_len_mean       | 75       |
|    ep_rew_mean       | 3.01     |
| time/                |          |
|    episodes          | 2052     |
|    fps               | 1        |
|    time_elapsed      | 92072    |
|    total_timesteps   | 153900   |
| train/               |          |
|    actor_loss        | -2.73    |
|    critic_loss       | 0.00653  |
|    ent_coef          | 0.00102  |
|    ent_coef_loss     | -1.24    |
|    learning_rate     | 0.0003   |
|    n_updates         | 1154220  |
|    noise_critic_loss | 0.0181   |
-----------------------------------
[Step 712800] VLM Score: 2.75, VLM Success: 25.0%, Sim Success: 50.0%
-----------------------------------
| rollout/             |          |
|    ep_len_mean       | 75       |
|    ep_rew_mean       | 2.97     |
| time/                |          |
|    episodes          | 2056     |
|    fps               | 1        |
|    time_elapsed      | 92211    |
|    total_timesteps   | 154200   |
| train/               |          |
|    actor_loss        | -2.69    |
|    critic_loss       | 0.00744  |
|    ent_coef          | 0.00101  |
|    ent_coef_loss     | 1.47     |
|    learning_rate     | 0.0003   |
|    n_updates         | 1156470  |
|    noise_critic_loss | 0.0181   |
-----------------------------------
[Step 714000] VLM Score: 3.75, VLM Success: 75.0%, Sim Success: 25.0%
-----------------------------------
| rollout/             |          |
|    ep_len_mean       | 75       |
|    ep_rew_mean       | 2.98     |
| time/                |          |
|    episodes          | 2060     |
|    fps               | 1        |
|    time_elapsed      | 92348    |
|    total_timesteps   | 154500   |
| train/               |          |
|    actor_loss        | -2.65    |
|    critic_loss       | 0.00726  |
|    ent_coef          | 0.00101  |
|    ent_coef_loss     | 0.659    |
|    learning_rate     | 0.0003   |
|    n_updates         | 1158720  |
|    noise_critic_loss | 0.0186   |
-----------------------------------
[Step 715200] VLM Score: 3.50, VLM Success: 50.0%, Sim Success: 25.0%
-----------------------------------
| rollout/             |          |
|    ep_len_mean       | 75       |
|    ep_rew_mean       | 3.01     |
| time/                |          |
|    episodes          | 2064     |
|    fps               | 1        |
|    time_elapsed      | 92487    |
|    total_timesteps   | 154800   |
| train/               |          |
|    actor_loss        | -2.65    |
|    critic_loss       | 0.00636  |
|    ent_coef          | 0.00103  |
|    ent_coef_loss     | 0.391    |
|    learning_rate     | 0.0003   |
|    n_updates         | 1160970  |
|    noise_critic_loss | 0.0188   |
-----------------------------------
[Step 716400] VLM Score: 2.25, VLM Success: 0.0%, Sim Success: 50.0%
-----------------------------------
| rollout/             |          |
|    ep_len_mean       | 75       |
|    ep_rew_mean       | 2.99     |
| time/                |          |
|    episodes          | 2068     |
|    fps               | 1        |
|    time_elapsed      | 92625    |
|    total_timesteps   | 155100   |
| train/               |          |
|    actor_loss        | -2.67    |
|    critic_loss       | 0.00617  |
|    ent_coef          | 0.00103  |
|    ent_coef_loss     | 0.194    |
|    learning_rate     | 0.0003   |
|    n_updates         | 1163220  |
|    noise_critic_loss | 0.0187   |
-----------------------------------
[VLM #3350] Task: Pick up the red cube from the table
    Frames: 62, Raw output: .2 seconds><14.2 seconds><15.2 seconds>Task: Pick up the red cube from the table
assistant
ANSWER: 2
    Parsed discrete score: 2/5 → Reward: -0.75
[Step 717600] VLM Score: 2.75, VLM Success: 25.0%, Sim Success: 25.0%
-----------------------------------
| rollout/             |          |
|    ep_len_mean       | 75       |
|    ep_rew_mean       | 2.93     |
| time/                |          |
|    episodes          | 2072     |
|    fps               | 1        |
|    time_elapsed      | 92762    |
|    total_timesteps   | 155400   |
| train/               |          |
|    actor_loss        | -2.72    |
|    critic_loss       | 0.00721  |
|    ent_coef          | 0.00102  |
|    ent_coef_loss     | 1.47     |
|    learning_rate     | 0.0003   |
|    n_updates         | 1165470  |
|    noise_critic_loss | 0.0194   |
-----------------------------------
[Step 718800] VLM Score: 3.25, VLM Success: 50.0%, Sim Success: 25.0%
-----------------------------------
| rollout/             |          |
|    ep_len_mean       | 75       |
|    ep_rew_mean       | 2.96     |
| time/                |          |
|    episodes          | 2076     |
|    fps               | 1        |
|    time_elapsed      | 92900    |
|    total_timesteps   | 155700   |
| train/               |          |
|    actor_loss        | -2.69    |
|    critic_loss       | 0.0064   |
|    ent_coef          | 0.001    |
|    ent_coef_loss     | 1.17     |
|    learning_rate     | 0.0003   |
|    n_updates         | 1167720  |
|    noise_critic_loss | 0.0184   |
-----------------------------------
[Step 720000] VLM Score: 3.25, VLM Success: 25.0%, Sim Success: 25.0%
Eval episode 0 at timestep 720000
Eval episode 1 at timestep 720000
Eval episode 2 at timestep 720000
Eval episode 3 at timestep 720000
Eval episode 4 at timestep 720000
Eval episode 5 at timestep 720000
Eval episode 6 at timestep 720000
Eval episode 7 at timestep 720000
Eval episode 8 at timestep 720000
Eval episode 9 at timestep 720000
Eval episode 10 at timestep 720000
Eval episode 11 at timestep 720000
Eval episode 12 at timestep 720000
Eval episode 13 at timestep 720000
Eval episode 14 at timestep 720000
Eval episode 15 at timestep 720000
Eval episode 16 at timestep 720000
Eval episode 17 at timestep 720000
Eval episode 18 at timestep 720000
Eval episode 19 at timestep 720000
Eval episode 20 at timestep 720000
Eval episode 21 at timestep 720000
Eval episode 22 at timestep 720000
Eval episode 23 at timestep 720000
Eval episode 24 at timestep 720000
Eval episode 25 at timestep 720000
Eval episode 26 at timestep 720000
Eval episode 27 at timestep 720000
Eval episode 28 at timestep 720000
Eval episode 29 at timestep 720000
Eval episode 30 at timestep 720000
Eval episode 31 at timestep 720000
Eval episode 32 at timestep 720000
Eval episode 33 at timestep 720000
Eval episode 34 at timestep 720000
Eval episode 35 at timestep 720000
Eval episode 36 at timestep 720000
Eval episode 37 at timestep 720000
Eval episode 38 at timestep 720000
Eval episode 39 at timestep 720000
Eval episode 40 at timestep 720000
Eval episode 41 at timestep 720000
Eval episode 42 at timestep 720000
Eval episode 43 at timestep 720000
Eval episode 44 at timestep 720000
Eval episode 45 at timestep 720000
Eval episode 46 at timestep 720000
Eval episode 47 at timestep 720000
Eval episode 48 at timestep 720000
Eval episode 49 at timestep 720000
-----------------------------------
| rollout/             |          |
|    ep_len_mean       | 75       |
|    ep_rew_mean       | 2.95     |
| time/                |          |
|    episodes          | 2080     |
|    fps               | 1        |
|    time_elapsed      | 94820    |
|    total_timesteps   | 156000   |
| train/               |          |
|    actor_loss        | -2.66    |
|    critic_loss       | 0.00692  |
|    ent_coef          | 0.00102  |
|    ent_coef_loss     | -0.842   |
|    learning_rate     | 0.0003   |
|    n_updates         | 1169970  |
|    noise_critic_loss | 0.0179   |
-----------------------------------
[Step 721200] VLM Score: 3.25, VLM Success: 50.0%, Sim Success: 50.0%
-----------------------------------
| rollout/             |          |
|    ep_len_mean       | 75       |
|    ep_rew_mean       | 2.98     |
| time/                |          |
|    episodes          | 2084     |
|    fps               | 1        |
|    time_elapsed      | 94958    |
|    total_timesteps   | 156300   |
| train/               |          |
|    actor_loss        | -2.68    |
|    critic_loss       | 0.00689  |
|    ent_coef          | 0.00102  |
|    ent_coef_loss     | -0.394   |
|    learning_rate     | 0.0003   |
|    n_updates         | 1172220  |
|    noise_critic_loss | 0.0209   |
-----------------------------------
[Step 722400] VLM Score: 3.00, VLM Success: 25.0%, Sim Success: 0.0%
-----------------------------------
| rollout/             |          |
|    ep_len_mean       | 75       |
|    ep_rew_mean       | 2.98     |
| time/                |          |
|    episodes          | 2088     |
|    fps               | 1        |
|    time_elapsed      | 95095    |
|    total_timesteps   | 156600   |
| train/               |          |
|    actor_loss        | -2.68    |
|    critic_loss       | 0.00596  |
|    ent_coef          | 0.000981 |
|    ent_coef_loss     | 0.277    |
|    learning_rate     | 0.0003   |
|    n_updates         | 1174470  |
|    noise_critic_loss | 0.0182   |
-----------------------------------
[Step 723600] VLM Score: 3.50, VLM Success: 50.0%, Sim Success: 50.0%
-----------------------------------
| rollout/             |          |
|    ep_len_mean       | 75       |
|    ep_rew_mean       | 3.01     |
| time/                |          |
|    episodes          | 2092     |
|    fps               | 1        |
|    time_elapsed      | 95235    |
|    total_timesteps   | 156900   |
| train/               |          |
|    actor_loss        | -2.66    |
|    critic_loss       | 0.0062   |
|    ent_coef          | 0.00101  |
|    ent_coef_loss     | 0.48     |
|    learning_rate     | 0.0003   |
|    n_updates         | 1176720  |
|    noise_critic_loss | 0.0185   |
-----------------------------------
[Step 724800] VLM Score: 2.00, VLM Success: 0.0%, Sim Success: 100.0%
-----------------------------------
| rollout/             |          |
|    ep_len_mean       | 75       |
|    ep_rew_mean       | 2.98     |
| time/                |          |
|    episodes          | 2096     |
|    fps               | 1        |
|    time_elapsed      | 95373    |
|    total_timesteps   | 157200   |
| train/               |          |
|    actor_loss        | -2.65    |
|    critic_loss       | 0.00685  |
|    ent_coef          | 0.00103  |
|    ent_coef_loss     | 1.24     |
|    learning_rate     | 0.0003   |
|    n_updates         | 1178970  |
|    noise_critic_loss | 0.0208   |
-----------------------------------
[Step 726000] VLM Score: 3.00, VLM Success: 25.0%, Sim Success: 25.0%
-----------------------------------
| rollout/             |          |
|    ep_len_mean       | 75       |
|    ep_rew_mean       | 3        |
| time/                |          |
|    episodes          | 2100     |
|    fps               | 1        |
|    time_elapsed      | 95511    |
|    total_timesteps   | 157500   |
| train/               |          |
|    actor_loss        | -2.71    |
|    critic_loss       | 0.00728  |
|    ent_coef          | 0.000999 |
|    ent_coef_loss     | 0.457    |
|    learning_rate     | 0.0003   |
|    n_updates         | 1181220  |
|    noise_critic_loss | 0.0197   |
-----------------------------------
[Step 727200] VLM Score: 2.50, VLM Success: 0.0%, Sim Success: 25.0%
-----------------------------------
| rollout/             |          |
|    ep_len_mean       | 75       |
|    ep_rew_mean       | 3        |
| time/                |          |
|    episodes          | 2104     |
|    fps               | 1        |
|    time_elapsed      | 95650    |
|    total_timesteps   | 157800   |
| train/               |          |
|    actor_loss        | -2.68    |
|    critic_loss       | 0.00713  |
|    ent_coef          | 0.000998 |
|    ent_coef_loss     | 0.316    |
|    learning_rate     | 0.0003   |
|    n_updates         | 1183470  |
|    noise_critic_loss | 0.0194   |
-----------------------------------
[Step 728400] VLM Score: 3.00, VLM Success: 25.0%, Sim Success: 50.0%
-----------------------------------
| rollout/             |          |
|    ep_len_mean       | 75       |
|    ep_rew_mean       | 3        |
| time/                |          |
|    episodes          | 2108     |
|    fps               | 1        |
|    time_elapsed      | 95789    |
|    total_timesteps   | 158100   |
| train/               |          |
|    actor_loss        | -2.68    |
|    critic_loss       | 0.0072   |
|    ent_coef          | 0.001    |
|    ent_coef_loss     | 0.744    |
|    learning_rate     | 0.0003   |
|    n_updates         | 1185720  |
|    noise_critic_loss | 0.0191   |
-----------------------------------
[Step 729600] VLM Score: 2.00, VLM Success: 0.0%, Sim Success: 0.0%
-----------------------------------
| rollout/             |          |
|    ep_len_mean       | 75       |
|    ep_rew_mean       | 2.93     |
| time/                |          |
|    episodes          | 2112     |
|    fps               | 1        |
|    time_elapsed      | 95925    |
|    total_timesteps   | 158400   |
| train/               |          |
|    actor_loss        | -2.72    |
|    critic_loss       | 0.00615  |
|    ent_coef          | 0.00099  |
|    ent_coef_loss     | 1.47     |
|    learning_rate     | 0.0003   |
|    n_updates         | 1187970  |
|    noise_critic_loss | 0.0193   |
-----------------------------------
[Step 730800] VLM Score: 2.00, VLM Success: 0.0%, Sim Success: 75.0%
-----------------------------------
| rollout/             |          |
|    ep_len_mean       | 75       |
|    ep_rew_mean       | 2.88     |
| time/                |          |
|    episodes          | 2116     |
|    fps               | 1        |
|    time_elapsed      | 96064    |
|    total_timesteps   | 158700   |
| train/               |          |
|    actor_loss        | -2.72    |
|    critic_loss       | 0.00702  |
|    ent_coef          | 0.000996 |
|    ent_coef_loss     | -1.56    |
|    learning_rate     | 0.0003   |
|    n_updates         | 1190220  |
|    noise_critic_loss | 0.0195   |
-----------------------------------
[VLM #3400] Task: Pick up the red cube from the table
    Frames: 62, Raw output: .2 seconds><14.2 seconds><15.2 seconds>Task: Pick up the red cube from the table
assistant
ANSWER: 5
    Parsed discrete score: 5/5 → Reward: 0.00
[Step 732000] VLM Score: 3.75, VLM Success: 50.0%, Sim Success: 50.0%
-----------------------------------
| rollout/             |          |
|    ep_len_mean       | 75       |
|    ep_rew_mean       | 2.9      |
| time/                |          |
|    episodes          | 2120     |
|    fps               | 1        |
|    time_elapsed      | 96202    |
|    total_timesteps   | 159000   |
| train/               |          |
|    actor_loss        | -2.71    |
|    critic_loss       | 0.00634  |
|    ent_coef          | 0.001    |
|    ent_coef_loss     | -1.23    |
|    learning_rate     | 0.0003   |
|    n_updates         | 1192470  |
|    noise_critic_loss | 0.0183   |
-----------------------------------
[Step 733200] VLM Score: 3.75, VLM Success: 75.0%, Sim Success: 25.0%
-----------------------------------
| rollout/             |          |
|    ep_len_mean       | 75       |
|    ep_rew_mean       | 2.97     |
| time/                |          |
|    episodes          | 2124     |
|    fps               | 1        |
|    time_elapsed      | 96340    |
|    total_timesteps   | 159300   |
| train/               |          |
|    actor_loss        | -2.68    |
|    critic_loss       | 0.00654  |
|    ent_coef          | 0.00101  |
|    ent_coef_loss     | -0.167   |
|    learning_rate     | 0.0003   |
|    n_updates         | 1194720  |
|    noise_critic_loss | 0.0187   |
-----------------------------------
[Step 734400] VLM Score: 3.00, VLM Success: 25.0%, Sim Success: 25.0%
-----------------------------------
| rollout/             |          |
|    ep_len_mean       | 75       |
|    ep_rew_mean       | 2.96     |
| time/                |          |
|    episodes          | 2128     |
|    fps               | 1        |
|    time_elapsed      | 96477    |
|    total_timesteps   | 159600   |
| train/               |          |
|    actor_loss        | -2.72    |
|    critic_loss       | 0.00739  |
|    ent_coef          | 0.00102  |
|    ent_coef_loss     | -0.0227  |
|    learning_rate     | 0.0003   |
|    n_updates         | 1196970  |
|    noise_critic_loss | 0.0188   |
-----------------------------------
[Step 735600] VLM Score: 2.75, VLM Success: 25.0%, Sim Success: 25.0%
-----------------------------------
| rollout/             |          |
|    ep_len_mean       | 75       |
|    ep_rew_mean       | 2.96     |
| time/                |          |
|    episodes          | 2132     |
|    fps               | 1        |
|    time_elapsed      | 96616    |
|    total_timesteps   | 159900   |
| train/               |          |
|    actor_loss        | -2.7     |
|    critic_loss       | 0.00613  |
|    ent_coef          | 0.00101  |
|    ent_coef_loss     | 1.42     |
|    learning_rate     | 0.0003   |
|    n_updates         | 1199220  |
|    noise_critic_loss | 0.0173   |
-----------------------------------
[Step 736800] VLM Score: 3.25, VLM Success: 50.0%, Sim Success: 50.0%
-----------------------------------
| rollout/             |          |
|    ep_len_mean       | 75       |
|    ep_rew_mean       | 2.92     |
| time/                |          |
|    episodes          | 2136     |
|    fps               | 1        |
|    time_elapsed      | 96756    |
|    total_timesteps   | 160200   |
| train/               |          |
|    actor_loss        | -2.72    |
|    critic_loss       | 0.00656  |
|    ent_coef          | 0.00102  |
|    ent_coef_loss     | -0.11    |
|    learning_rate     | 0.0003   |
|    n_updates         | 1201470  |
|    noise_critic_loss | 0.02     |
-----------------------------------
[Step 738000] VLM Score: 3.00, VLM Success: 25.0%, Sim Success: 75.0%
-----------------------------------
| rollout/             |          |
|    ep_len_mean       | 75       |
|    ep_rew_mean       | 2.95     |
| time/                |          |
|    episodes          | 2140     |
|    fps               | 1        |
|    time_elapsed      | 96894    |
|    total_timesteps   | 160500   |
| train/               |          |
|    actor_loss        | -2.73    |
|    critic_loss       | 0.00636  |
|    ent_coef          | 0.001    |
|    ent_coef_loss     | 1.76     |
|    learning_rate     | 0.0003   |
|    n_updates         | 1203720  |
|    noise_critic_loss | 0.0195   |
-----------------------------------
[Step 739200] VLM Score: 3.00, VLM Success: 25.0%, Sim Success: 50.0%
-----------------------------------
| rollout/             |          |
|    ep_len_mean       | 75       |
|    ep_rew_mean       | 2.95     |
| time/                |          |
|    episodes          | 2144     |
|    fps               | 1        |
|    time_elapsed      | 97030    |
|    total_timesteps   | 160800   |
| train/               |          |
|    actor_loss        | -2.68    |
|    critic_loss       | 0.00598  |
|    ent_coef          | 0.001    |
|    ent_coef_loss     | 2.32     |
|    learning_rate     | 0.0003   |
|    n_updates         | 1205970  |
|    noise_critic_loss | 0.0195   |
-----------------------------------
[Step 740400] VLM Score: 3.25, VLM Success: 50.0%, Sim Success: 50.0%
-----------------------------------
| rollout/             |          |
|    ep_len_mean       | 75       |
|    ep_rew_mean       | 2.97     |
| time/                |          |
|    episodes          | 2148     |
|    fps               | 1        |
|    time_elapsed      | 97168    |
|    total_timesteps   | 161100   |
| train/               |          |
|    actor_loss        | -2.67    |
|    critic_loss       | 0.00661  |
|    ent_coef          | 0.000999 |
|    ent_coef_loss     | 0.198    |
|    learning_rate     | 0.0003   |
|    n_updates         | 1208220  |
|    noise_critic_loss | 0.0193   |
-----------------------------------
[Step 741600] VLM Score: 3.50, VLM Success: 50.0%, Sim Success: 75.0%
-----------------------------------
| rollout/             |          |
|    ep_len_mean       | 75       |
|    ep_rew_mean       | 3        |
| time/                |          |
|    episodes          | 2152     |
|    fps               | 1        |
|    time_elapsed      | 97306    |
|    total_timesteps   | 161400   |
| train/               |          |
|    actor_loss        | -2.7     |
|    critic_loss       | 0.00597  |
|    ent_coef          | 0.00103  |
|    ent_coef_loss     | 1.82     |
|    learning_rate     | 0.0003   |
|    n_updates         | 1210470  |
|    noise_critic_loss | 0.0184   |
-----------------------------------
[Step 742800] VLM Score: 4.00, VLM Success: 75.0%, Sim Success: 50.0%
-----------------------------------
| rollout/             |          |
|    ep_len_mean       | 75       |
|    ep_rew_mean       | 3.05     |
| time/                |          |
|    episodes          | 2156     |
|    fps               | 1        |
|    time_elapsed      | 97443    |
|    total_timesteps   | 161700   |
| train/               |          |
|    actor_loss        | -2.63    |
|    critic_loss       | 0.0061   |
|    ent_coef          | 0.000999 |
|    ent_coef_loss     | -1       |
|    learning_rate     | 0.0003   |
|    n_updates         | 1212720  |
|    noise_critic_loss | 0.0193   |
-----------------------------------
[Step 744000] VLM Score: 3.50, VLM Success: 50.0%, Sim Success: 50.0%
-----------------------------------
| rollout/             |          |
|    ep_len_mean       | 75       |
|    ep_rew_mean       | 3.04     |
| time/                |          |
|    episodes          | 2160     |
|    fps               | 1        |
|    time_elapsed      | 97581    |
|    total_timesteps   | 162000   |
| train/               |          |
|    actor_loss        | -2.72    |
|    critic_loss       | 0.0064   |
|    ent_coef          | 0.001    |
|    ent_coef_loss     | 0.257    |
|    learning_rate     | 0.0003   |
|    n_updates         | 1214970  |
|    noise_critic_loss | 0.0181   |
-----------------------------------
[Step 745200] VLM Score: 2.50, VLM Success: 25.0%, Sim Success: 75.0%
-----------------------------------
| rollout/             |          |
|    ep_len_mean       | 75       |
|    ep_rew_mean       | 3        |
| time/                |          |
|    episodes          | 2164     |
|    fps               | 1        |
|    time_elapsed      | 97720    |
|    total_timesteps   | 162300   |
| train/               |          |
|    actor_loss        | -2.72    |
|    critic_loss       | 0.00713  |
|    ent_coef          | 0.000986 |
|    ent_coef_loss     | -2.17    |
|    learning_rate     | 0.0003   |
|    n_updates         | 1217220  |
|    noise_critic_loss | 0.0195   |
-----------------------------------
[Step 746400] VLM Score: 2.75, VLM Success: 25.0%, Sim Success: 50.0%
-----------------------------------
| rollout/             |          |
|    ep_len_mean       | 75       |
|    ep_rew_mean       | 3.02     |
| time/                |          |
|    episodes          | 2168     |
|    fps               | 1        |
|    time_elapsed      | 97859    |
|    total_timesteps   | 162600   |
| train/               |          |
|    actor_loss        | -2.67    |
|    critic_loss       | 0.00627  |
|    ent_coef          | 0.00101  |
|    ent_coef_loss     | -0.619   |
|    learning_rate     | 0.0003   |
|    n_updates         | 1219470  |
|    noise_critic_loss | 0.0183   |
-----------------------------------
[VLM #3450] Task: Pick up the red cube from the table
    Frames: 62, Raw output: .2 seconds><14.2 seconds><15.2 seconds>Task: Pick up the red cube from the table
assistant
ANSWER: 5
    Parsed discrete score: 5/5 → Reward: 0.00
[Step 747600] VLM Score: 4.25, VLM Success: 75.0%, Sim Success: 75.0%
-----------------------------------
| rollout/             |          |
|    ep_len_mean       | 75       |
|    ep_rew_mean       | 3.08     |
| time/                |          |
|    episodes          | 2172     |
|    fps               | 1        |
|    time_elapsed      | 97997    |
|    total_timesteps   | 162900   |
| train/               |          |
|    actor_loss        | -2.7     |
|    critic_loss       | 0.00688  |
|    ent_coef          | 0.00103  |
|    ent_coef_loss     | -1.57    |
|    learning_rate     | 0.0003   |
|    n_updates         | 1221720  |
|    noise_critic_loss | 0.0184   |
-----------------------------------
[Step 748800] VLM Score: 3.75, VLM Success: 50.0%, Sim Success: 75.0%
-----------------------------------
| rollout/             |          |
|    ep_len_mean       | 75       |
|    ep_rew_mean       | 3.1      |
| time/                |          |
|    episodes          | 2176     |
|    fps               | 1        |
|    time_elapsed      | 98134    |
|    total_timesteps   | 163200   |
| train/               |          |
|    actor_loss        | -2.67    |
|    critic_loss       | 0.00706  |
|    ent_coef          | 0.00105  |
|    ent_coef_loss     | -0.976   |
|    learning_rate     | 0.0003   |
|    n_updates         | 1223970  |
|    noise_critic_loss | 0.0184   |
-----------------------------------
[Step 750000] VLM Score: 3.25, VLM Success: 50.0%, Sim Success: 0.0%
-----------------------------------
| rollout/             |          |
|    ep_len_mean       | 75       |
|    ep_rew_mean       | 3.1      |
| time/                |          |
|    episodes          | 2180     |
|    fps               | 1        |
|    time_elapsed      | 98271    |
|    total_timesteps   | 163500   |
| train/               |          |
|    actor_loss        | -2.69    |
|    critic_loss       | 0.00598  |
|    ent_coef          | 0.000996 |
|    ent_coef_loss     | 1.24     |
|    learning_rate     | 0.0003   |
|    n_updates         | 1226220  |
|    noise_critic_loss | 0.0185   |
-----------------------------------
[Step 751200] VLM Score: 3.00, VLM Success: 25.0%, Sim Success: 50.0%
-----------------------------------
| rollout/             |          |
|    ep_len_mean       | 75       |
|    ep_rew_mean       | 3.09     |
| time/                |          |
|    episodes          | 2184     |
|    fps               | 1        |
|    time_elapsed      | 98408    |
|    total_timesteps   | 163800   |
| train/               |          |
|    actor_loss        | -2.67    |
|    critic_loss       | 0.0063   |
|    ent_coef          | 0.00101  |
|    ent_coef_loss     | -0.275   |
|    learning_rate     | 0.0003   |
|    n_updates         | 1228470  |
|    noise_critic_loss | 0.0188   |
-----------------------------------
[Step 752400] VLM Score: 3.75, VLM Success: 50.0%, Sim Success: 75.0%
-----------------------------------
| rollout/             |          |
|    ep_len_mean       | 75       |
|    ep_rew_mean       | 3.12     |
| time/                |          |
|    episodes          | 2188     |
|    fps               | 1        |
|    time_elapsed      | 98546    |
|    total_timesteps   | 164100   |
| train/               |          |
|    actor_loss        | -2.66    |
|    critic_loss       | 0.00655  |
|    ent_coef          | 0.000998 |
|    ent_coef_loss     | 1.18     |
|    learning_rate     | 0.0003   |
|    n_updates         | 1230720  |
|    noise_critic_loss | 0.0181   |
-----------------------------------
[Step 753600] VLM Score: 2.75, VLM Success: 25.0%, Sim Success: 50.0%
-----------------------------------
| rollout/             |          |
|    ep_len_mean       | 75       |
|    ep_rew_mean       | 3.09     |
| time/                |          |
|    episodes          | 2192     |
|    fps               | 1        |
|    time_elapsed      | 98683    |
|    total_timesteps   | 164400   |
| train/               |          |
|    actor_loss        | -2.7     |
|    critic_loss       | 0.00645  |
|    ent_coef          | 0.00101  |
|    ent_coef_loss     | 0.779    |
|    learning_rate     | 0.0003   |
|    n_updates         | 1232970  |
|    noise_critic_loss | 0.0179   |
-----------------------------------
[Step 754800] VLM Score: 2.50, VLM Success: 25.0%, Sim Success: 50.0%
-----------------------------------
| rollout/             |          |
|    ep_len_mean       | 75       |
|    ep_rew_mean       | 3.11     |
| time/                |          |
|    episodes          | 2196     |
|    fps               | 1        |
|    time_elapsed      | 98821    |
|    total_timesteps   | 164700   |
| train/               |          |
|    actor_loss        | -2.66    |
|    critic_loss       | 0.00592  |
|    ent_coef          | 0.00102  |
|    ent_coef_loss     | 1.38     |
|    learning_rate     | 0.0003   |
|    n_updates         | 1235220  |
|    noise_critic_loss | 0.019    |
-----------------------------------
[Step 756000] VLM Score: 3.25, VLM Success: 25.0%, Sim Success: 75.0%
-----------------------------------
| rollout/             |          |
|    ep_len_mean       | 75       |
|    ep_rew_mean       | 3.12     |
| time/                |          |
|    episodes          | 2200     |
|    fps               | 1        |
|    time_elapsed      | 98958    |
|    total_timesteps   | 165000   |
| train/               |          |
|    actor_loss        | -2.71    |
|    critic_loss       | 0.00627  |
|    ent_coef          | 0.00101  |
|    ent_coef_loss     | -0.942   |
|    learning_rate     | 0.0003   |
|    n_updates         | 1237470  |
|    noise_critic_loss | 0.0189   |
-----------------------------------
[Step 757200] VLM Score: 2.75, VLM Success: 25.0%, Sim Success: 75.0%
-----------------------------------
| rollout/             |          |
|    ep_len_mean       | 75       |
|    ep_rew_mean       | 3.13     |
| time/                |          |
|    episodes          | 2204     |
|    fps               | 1        |
|    time_elapsed      | 99097    |
|    total_timesteps   | 165300   |
| train/               |          |
|    actor_loss        | -2.67    |
|    critic_loss       | 0.0058   |
|    ent_coef          | 0.00102  |
|    ent_coef_loss     | -1.07    |
|    learning_rate     | 0.0003   |
|    n_updates         | 1239720  |
|    noise_critic_loss | 0.0184   |
-----------------------------------
[Step 758400] VLM Score: 2.50, VLM Success: 25.0%, Sim Success: 50.0%
-----------------------------------
| rollout/             |          |
|    ep_len_mean       | 75       |
|    ep_rew_mean       | 3.11     |
| time/                |          |
|    episodes          | 2208     |
|    fps               | 1        |
|    time_elapsed      | 99233    |
|    total_timesteps   | 165600   |
| train/               |          |
|    actor_loss        | -2.67    |
|    critic_loss       | 0.00665  |
|    ent_coef          | 0.00101  |
|    ent_coef_loss     | 3.62     |
|    learning_rate     | 0.0003   |
|    n_updates         | 1241970  |
|    noise_critic_loss | 0.0189   |
-----------------------------------
[Step 759600] VLM Score: 2.25, VLM Success: 0.0%, Sim Success: 0.0%
-----------------------------------
| rollout/             |          |
|    ep_len_mean       | 75       |
|    ep_rew_mean       | 3.12     |
| time/                |          |
|    episodes          | 2212     |
|    fps               | 1        |
|    time_elapsed      | 99370    |
|    total_timesteps   | 165900   |
| train/               |          |
|    actor_loss        | -2.71    |
|    critic_loss       | 0.0062   |
|    ent_coef          | 0.000998 |
|    ent_coef_loss     | -0.0355  |
|    learning_rate     | 0.0003   |
|    n_updates         | 1244220  |
|    noise_critic_loss | 0.0185   |
-----------------------------------
[Step 760800] VLM Score: 2.75, VLM Success: 25.0%, Sim Success: 50.0%
-----------------------------------
| rollout/             |          |
|    ep_len_mean       | 75       |
|    ep_rew_mean       | 3.15     |
| time/                |          |
|    episodes          | 2216     |
|    fps               | 1        |
|    time_elapsed      | 99508    |
|    total_timesteps   | 166200   |
| train/               |          |
|    actor_loss        | -2.7     |
|    critic_loss       | 0.00581  |
|    ent_coef          | 0.00102  |
|    ent_coef_loss     | -1.31    |
|    learning_rate     | 0.0003   |
|    n_updates         | 1246470  |
|    noise_critic_loss | 0.0184   |
-----------------------------------
[VLM #3500] Task: Pick up the red cube from the table
    Frames: 62, Raw output: .2 seconds><14.2 seconds><15.2 seconds>Task: Pick up the red cube from the table
assistant
ANSWER: 5
    Parsed discrete score: 5/5 → Reward: 0.00
[Step 762000] VLM Score: 3.00, VLM Success: 25.0%, Sim Success: 50.0%
-----------------------------------
| rollout/             |          |
|    ep_len_mean       | 75       |
|    ep_rew_mean       | 3.12     |
| time/                |          |
|    episodes          | 2220     |
|    fps               | 1        |
|    time_elapsed      | 99647    |
|    total_timesteps   | 166500   |
| train/               |          |
|    actor_loss        | -2.65    |
|    critic_loss       | 0.00651  |
|    ent_coef          | 0.00102  |
|    ent_coef_loss     | 0.212    |
|    learning_rate     | 0.0003   |
|    n_updates         | 1248720  |
|    noise_critic_loss | 0.0191   |
-----------------------------------
[Step 763200] VLM Score: 2.75, VLM Success: 25.0%, Sim Success: 75.0%
-----------------------------------
| rollout/             |          |
|    ep_len_mean       | 75       |
|    ep_rew_mean       | 3.08     |
| time/                |          |
|    episodes          | 2224     |
|    fps               | 1        |
|    time_elapsed      | 99786    |
|    total_timesteps   | 166800   |
| train/               |          |
|    actor_loss        | -2.64    |
|    critic_loss       | 0.00649  |
|    ent_coef          | 0.001    |
|    ent_coef_loss     | -1.52    |
|    learning_rate     | 0.0003   |
|    n_updates         | 1250970  |
|    noise_critic_loss | 0.0183   |
-----------------------------------
[Step 764400] VLM Score: 2.25, VLM Success: 0.0%, Sim Success: 75.0%
-----------------------------------
| rollout/             |          |
|    ep_len_mean       | 75       |
|    ep_rew_mean       | 3.05     |
| time/                |          |
|    episodes          | 2228     |
|    fps               | 1        |
|    time_elapsed      | 99924    |
|    total_timesteps   | 167100   |
| train/               |          |
|    actor_loss        | -2.67    |
|    critic_loss       | 0.0066   |
|    ent_coef          | 0.00102  |
|    ent_coef_loss     | 2.53     |
|    learning_rate     | 0.0003   |
|    n_updates         | 1253220  |
|    noise_critic_loss | 0.0183   |
-----------------------------------
[Step 765600] VLM Score: 2.75, VLM Success: 25.0%, Sim Success: 50.0%
-----------------------------------
| rollout/             |          |
|    ep_len_mean       | 75       |
|    ep_rew_mean       | 3.05     |
| time/                |          |
|    episodes          | 2232     |
|    fps               | 1        |
|    time_elapsed      | 100063   |
|    total_timesteps   | 167400   |
| train/               |          |
|    actor_loss        | -2.66    |
|    critic_loss       | 0.00756  |
|    ent_coef          | 0.00101  |
|    ent_coef_loss     | 0.436    |
|    learning_rate     | 0.0003   |
|    n_updates         | 1255470  |
|    noise_critic_loss | 0.0204   |
-----------------------------------
[Step 766800] VLM Score: 3.50, VLM Success: 50.0%, Sim Success: 75.0%
-----------------------------------
| rollout/             |          |
|    ep_len_mean       | 75       |
|    ep_rew_mean       | 3.06     |
| time/                |          |
|    episodes          | 2236     |
|    fps               | 1        |
|    time_elapsed      | 100201   |
|    total_timesteps   | 167700   |
| train/               |          |
|    actor_loss        | -2.67    |
|    critic_loss       | 0.00684  |
|    ent_coef          | 0.00103  |
|    ent_coef_loss     | -1.03    |
|    learning_rate     | 0.0003   |
|    n_updates         | 1257720  |
|    noise_critic_loss | 0.0195   |
-----------------------------------
[Step 768000] VLM Score: 2.75, VLM Success: 25.0%, Sim Success: 75.0%
Eval episode 0 at timestep 768000
Eval episode 1 at timestep 768000
Eval episode 2 at timestep 768000
Eval episode 3 at timestep 768000
Eval episode 4 at timestep 768000
Eval episode 5 at timestep 768000
Eval episode 6 at timestep 768000
Eval episode 7 at timestep 768000
Eval episode 8 at timestep 768000
Eval episode 9 at timestep 768000
Eval episode 10 at timestep 768000
Eval episode 11 at timestep 768000
Eval episode 12 at timestep 768000
Eval episode 13 at timestep 768000
Eval episode 14 at timestep 768000
Eval episode 15 at timestep 768000
Eval episode 16 at timestep 768000
Eval episode 17 at timestep 768000
Eval episode 18 at timestep 768000
Eval episode 19 at timestep 768000
Eval episode 20 at timestep 768000
Eval episode 21 at timestep 768000
Eval episode 22 at timestep 768000
Eval episode 23 at timestep 768000
Eval episode 24 at timestep 768000
Eval episode 25 at timestep 768000
Eval episode 26 at timestep 768000
Eval episode 27 at timestep 768000
Eval episode 28 at timestep 768000
Eval episode 29 at timestep 768000
Eval episode 30 at timestep 768000
Eval episode 31 at timestep 768000
Eval episode 32 at timestep 768000
Eval episode 33 at timestep 768000
Eval episode 34 at timestep 768000
Eval episode 35 at timestep 768000
Eval episode 36 at timestep 768000
Eval episode 37 at timestep 768000
Eval episode 38 at timestep 768000
Eval episode 39 at timestep 768000
Eval episode 40 at timestep 768000
Eval episode 41 at timestep 768000
Eval episode 42 at timestep 768000
Eval episode 43 at timestep 768000
Eval episode 44 at timestep 768000
Eval episode 45 at timestep 768000
Eval episode 46 at timestep 768000
Eval episode 47 at timestep 768000
Eval episode 48 at timestep 768000
Eval episode 49 at timestep 768000
-----------------------------------
| rollout/             |          |
|    ep_len_mean       | 75       |
|    ep_rew_mean       | 3.05     |
| time/                |          |
|    episodes          | 2240     |
|    fps               | 1        |
|    time_elapsed      | 102129   |
|    total_timesteps   | 168000   |
| train/               |          |
|    actor_loss        | -2.68    |
|    critic_loss       | 0.00653  |
|    ent_coef          | 0.00103  |
|    ent_coef_loss     | -0.945   |
|    learning_rate     | 0.0003   |
|    n_updates         | 1259970  |
|    noise_critic_loss | 0.0216   |
-----------------------------------
[Step 769200] VLM Score: 2.00, VLM Success: 0.0%, Sim Success: 75.0%
-----------------------------------
| rollout/             |          |
|    ep_len_mean       | 75       |
|    ep_rew_mean       | 3.01     |
| time/                |          |
|    episodes          | 2244     |
|    fps               | 1        |
|    time_elapsed      | 102267   |
|    total_timesteps   | 168300   |
| train/               |          |
|    actor_loss        | -2.7     |
|    critic_loss       | 0.00761  |
|    ent_coef          | 0.00102  |
|    ent_coef_loss     | 2.2      |
|    learning_rate     | 0.0003   |
|    n_updates         | 1262220  |
|    noise_critic_loss | 0.0202   |
-----------------------------------
[Step 770400] VLM Score: 3.25, VLM Success: 50.0%, Sim Success: 50.0%
-----------------------------------
| rollout/             |          |
|    ep_len_mean       | 75       |
|    ep_rew_mean       | 3.01     |
| time/                |          |
|    episodes          | 2248     |
|    fps               | 1        |
|    time_elapsed      | 102405   |
|    total_timesteps   | 168600   |
| train/               |          |
|    actor_loss        | -2.65    |
|    critic_loss       | 0.00683  |
|    ent_coef          | 0.00102  |
|    ent_coef_loss     | -1.36    |
|    learning_rate     | 0.0003   |
|    n_updates         | 1264470  |
|    noise_critic_loss | 0.0192   |
-----------------------------------
[Step 771600] VLM Score: 3.00, VLM Success: 25.0%, Sim Success: 50.0%
-----------------------------------
| rollout/             |          |
|    ep_len_mean       | 75       |
|    ep_rew_mean       | 2.99     |
| time/                |          |
|    episodes          | 2252     |
|    fps               | 1        |
|    time_elapsed      | 102542   |
|    total_timesteps   | 168900   |
| train/               |          |
|    actor_loss        | -2.64    |
|    critic_loss       | 0.00649  |
|    ent_coef          | 0.00103  |
|    ent_coef_loss     | 1.87     |
|    learning_rate     | 0.0003   |
|    n_updates         | 1266720  |
|    noise_critic_loss | 0.0195   |
-----------------------------------
[Step 772800] VLM Score: 2.00, VLM Success: 0.0%, Sim Success: 50.0%
-----------------------------------
| rollout/             |          |
|    ep_len_mean       | 75       |
|    ep_rew_mean       | 2.91     |
| time/                |          |
|    episodes          | 2256     |
|    fps               | 1        |
|    time_elapsed      | 102681   |
|    total_timesteps   | 169200   |
| train/               |          |
|    actor_loss        | -2.68    |
|    critic_loss       | 0.00686  |
|    ent_coef          | 0.00103  |
|    ent_coef_loss     | -1.11    |
|    learning_rate     | 0.0003   |
|    n_updates         | 1268970  |
|    noise_critic_loss | 0.0199   |
-----------------------------------
[Step 774000] VLM Score: 2.50, VLM Success: 25.0%, Sim Success: 75.0%
-----------------------------------
| rollout/             |          |
|    ep_len_mean       | 75       |
|    ep_rew_mean       | 2.87     |
| time/                |          |
|    episodes          | 2260     |
|    fps               | 1        |
|    time_elapsed      | 102820   |
|    total_timesteps   | 169500   |
| train/               |          |
|    actor_loss        | -2.68    |
|    critic_loss       | 0.00691  |
|    ent_coef          | 0.00103  |
|    ent_coef_loss     | 2.4      |
|    learning_rate     | 0.0003   |
|    n_updates         | 1271220  |
|    noise_critic_loss | 0.018    |
-----------------------------------
[Step 775200] VLM Score: 4.50, VLM Success: 100.0%, Sim Success: 25.0%
-----------------------------------
| rollout/             |          |
|    ep_len_mean       | 75       |
|    ep_rew_mean       | 2.95     |
| time/                |          |
|    episodes          | 2264     |
|    fps               | 1        |
|    time_elapsed      | 102957   |
|    total_timesteps   | 169800   |
| train/               |          |
|    actor_loss        | -2.64    |
|    critic_loss       | 0.0063   |
|    ent_coef          | 0.00103  |
|    ent_coef_loss     | -1       |
|    learning_rate     | 0.0003   |
|    n_updates         | 1273470  |
|    noise_critic_loss | 0.0193   |
-----------------------------------
[Step 776400] VLM Score: 2.75, VLM Success: 25.0%, Sim Success: 25.0%
-----------------------------------
| rollout/             |          |
|    ep_len_mean       | 75       |
|    ep_rew_mean       | 2.95     |
| time/                |          |
|    episodes          | 2268     |
|    fps               | 1        |
|    time_elapsed      | 103096   |
|    total_timesteps   | 170100   |
| train/               |          |
|    actor_loss        | -2.66    |
|    critic_loss       | 0.00692  |
|    ent_coef          | 0.00103  |
|    ent_coef_loss     | -0.677   |
|    learning_rate     | 0.0003   |
|    n_updates         | 1275720  |
|    noise_critic_loss | 0.0197   |
-----------------------------------
[VLM #3550] Task: Pick up the red cube from the table
    Frames: 62, Raw output: .2 seconds><14.2 seconds><15.2 seconds>Task: Pick up the red cube from the table
assistant
ANSWER: 4
    Parsed discrete score: 4/5 → Reward: -0.25
[Step 777600] VLM Score: 4.00, VLM Success: 75.0%, Sim Success: 25.0%
-----------------------------------
| rollout/             |          |
|    ep_len_mean       | 75       |
|    ep_rew_mean       | 2.94     |
| time/                |          |
|    episodes          | 2272     |
|    fps               | 1        |
|    time_elapsed      | 103232   |
|    total_timesteps   | 170400   |
| train/               |          |
|    actor_loss        | -2.66    |
|    critic_loss       | 0.0065   |
|    ent_coef          | 0.00103  |
|    ent_coef_loss     | -0.335   |
|    learning_rate     | 0.0003   |
|    n_updates         | 1277970  |
|    noise_critic_loss | 0.0189   |
-----------------------------------
[Step 778800] VLM Score: 3.00, VLM Success: 25.0%, Sim Success: 75.0%
-----------------------------------
| rollout/             |          |
|    ep_len_mean       | 75       |
|    ep_rew_mean       | 2.91     |
| time/                |          |
|    episodes          | 2276     |
|    fps               | 1        |
|    time_elapsed      | 103370   |
|    total_timesteps   | 170700   |
| train/               |          |
|    actor_loss        | -2.67    |
|    critic_loss       | 0.007    |
|    ent_coef          | 0.00103  |
|    ent_coef_loss     | 2.83     |
|    learning_rate     | 0.0003   |
|    n_updates         | 1280220  |
|    noise_critic_loss | 0.0206   |
-----------------------------------
[Step 780000] VLM Score: 2.75, VLM Success: 25.0%, Sim Success: 25.0%
-----------------------------------
| rollout/             |          |
|    ep_len_mean       | 75       |
|    ep_rew_mean       | 2.89     |
| time/                |          |
|    episodes          | 2280     |
|    fps               | 1        |
|    time_elapsed      | 103506   |
|    total_timesteps   | 171000   |
| train/               |          |
|    actor_loss        | -2.72    |
|    critic_loss       | 0.00688  |
|    ent_coef          | 0.00105  |
|    ent_coef_loss     | 0.893    |
|    learning_rate     | 0.0003   |
|    n_updates         | 1282470  |
|    noise_critic_loss | 0.0208   |
-----------------------------------
[Step 781200] VLM Score: 3.50, VLM Success: 50.0%, Sim Success: 75.0%
-----------------------------------
| rollout/             |          |
|    ep_len_mean       | 75       |
|    ep_rew_mean       | 2.91     |
| time/                |          |
|    episodes          | 2284     |
|    fps               | 1        |
|    time_elapsed      | 103644   |
|    total_timesteps   | 171300   |
| train/               |          |
|    actor_loss        | -2.68    |
|    critic_loss       | 0.00726  |
|    ent_coef          | 0.00105  |
|    ent_coef_loss     | -1.78    |
|    learning_rate     | 0.0003   |
|    n_updates         | 1284720  |
|    noise_critic_loss | 0.0203   |
-----------------------------------
[Step 782400] VLM Score: 2.25, VLM Success: 0.0%, Sim Success: 50.0%
-----------------------------------
| rollout/             |          |
|    ep_len_mean       | 75       |
|    ep_rew_mean       | 2.85     |
| time/                |          |
|    episodes          | 2288     |
|    fps               | 1        |
|    time_elapsed      | 103783   |
|    total_timesteps   | 171600   |
| train/               |          |
|    actor_loss        | -2.71    |
|    critic_loss       | 0.00716  |
|    ent_coef          | 0.00103  |
|    ent_coef_loss     | 0.203    |
|    learning_rate     | 0.0003   |
|    n_updates         | 1286970  |
|    noise_critic_loss | 0.0199   |
-----------------------------------
[Step 783600] VLM Score: 4.00, VLM Success: 75.0%, Sim Success: 25.0%
-----------------------------------
| rollout/             |          |
|    ep_len_mean       | 75       |
|    ep_rew_mean       | 2.9      |
| time/                |          |
|    episodes          | 2292     |
|    fps               | 1        |
|    time_elapsed      | 103922   |
|    total_timesteps   | 171900   |
| train/               |          |
|    actor_loss        | -2.67    |
|    critic_loss       | 0.00731  |
|    ent_coef          | 0.00101  |
|    ent_coef_loss     | 1.28     |
|    learning_rate     | 0.0003   |
|    n_updates         | 1289220  |
|    noise_critic_loss | 0.0205   |
-----------------------------------
[Step 784800] VLM Score: 2.75, VLM Success: 25.0%, Sim Success: 25.0%
-----------------------------------
| rollout/             |          |
|    ep_len_mean       | 75       |
|    ep_rew_mean       | 2.91     |
| time/                |          |
|    episodes          | 2296     |
|    fps               | 1        |
|    time_elapsed      | 104060   |
|    total_timesteps   | 172200   |
| train/               |          |
|    actor_loss        | -2.66    |
|    critic_loss       | 0.00754  |
|    ent_coef          | 0.00106  |
|    ent_coef_loss     | 1.46     |
|    learning_rate     | 0.0003   |
|    n_updates         | 1291470  |
|    noise_critic_loss | 0.02     |
-----------------------------------
[Step 786000] VLM Score: 2.75, VLM Success: 25.0%, Sim Success: 0.0%
-----------------------------------
| rollout/             |          |
|    ep_len_mean       | 75       |
|    ep_rew_mean       | 2.89     |
| time/                |          |
|    episodes          | 2300     |
|    fps               | 1        |
|    time_elapsed      | 104196   |
|    total_timesteps   | 172500   |
| train/               |          |
|    actor_loss        | -2.63    |
|    critic_loss       | 0.00662  |
|    ent_coef          | 0.00103  |
|    ent_coef_loss     | -2.93    |
|    learning_rate     | 0.0003   |
|    n_updates         | 1293720  |
|    noise_critic_loss | 0.0197   |
-----------------------------------
[Step 787200] VLM Score: 3.25, VLM Success: 50.0%, Sim Success: 25.0%
-----------------------------------
| rollout/             |          |
|    ep_len_mean       | 75       |
|    ep_rew_mean       | 2.91     |
| time/                |          |
|    episodes          | 2304     |
|    fps               | 1        |
|    time_elapsed      | 104335   |
|    total_timesteps   | 172800   |
| train/               |          |
|    actor_loss        | -2.67    |
|    critic_loss       | 0.00708  |
|    ent_coef          | 0.00103  |
|    ent_coef_loss     | -0.0175  |
|    learning_rate     | 0.0003   |
|    n_updates         | 1295970  |
|    noise_critic_loss | 0.0187   |
-----------------------------------
[Step 788400] VLM Score: 3.00, VLM Success: 25.0%, Sim Success: 50.0%
-----------------------------------
| rollout/             |          |
|    ep_len_mean       | 75       |
|    ep_rew_mean       | 2.93     |
| time/                |          |
|    episodes          | 2308     |
|    fps               | 1        |
|    time_elapsed      | 104474   |
|    total_timesteps   | 173100   |
| train/               |          |
|    actor_loss        | -2.65    |
|    critic_loss       | 0.00636  |
|    ent_coef          | 0.00103  |
|    ent_coef_loss     | 0.533    |
|    learning_rate     | 0.0003   |
|    n_updates         | 1298220  |
|    noise_critic_loss | 0.0202   |
-----------------------------------
[Step 789600] VLM Score: 2.00, VLM Success: 0.0%, Sim Success: 100.0%
-----------------------------------
| rollout/             |          |
|    ep_len_mean       | 75       |
|    ep_rew_mean       | 2.92     |
| time/                |          |
|    episodes          | 2312     |
|    fps               | 1        |
|    time_elapsed      | 104613   |
|    total_timesteps   | 173400   |
| train/               |          |
|    actor_loss        | -2.63    |
|    critic_loss       | 0.00692  |
|    ent_coef          | 0.00101  |
|    ent_coef_loss     | -0.82    |
|    learning_rate     | 0.0003   |
|    n_updates         | 1300470  |
|    noise_critic_loss | 0.0197   |
-----------------------------------
[Step 790800] VLM Score: 2.75, VLM Success: 25.0%, Sim Success: 50.0%
-----------------------------------
| rollout/             |          |
|    ep_len_mean       | 75       |
|    ep_rew_mean       | 2.92     |
| time/                |          |
|    episodes          | 2316     |
|    fps               | 1        |
|    time_elapsed      | 104752   |
|    total_timesteps   | 173700   |
| train/               |          |
|    actor_loss        | -2.69    |
|    critic_loss       | 0.00657  |
|    ent_coef          | 0.00102  |
|    ent_coef_loss     | 2.21     |
|    learning_rate     | 0.0003   |
|    n_updates         | 1302720  |
|    noise_critic_loss | 0.0204   |
-----------------------------------
[VLM #3600] Task: Pick up the red cube from the table
    Frames: 62, Raw output: .2 seconds><14.2 seconds><15.2 seconds>Task: Pick up the red cube from the table
assistant
ANSWER: 5
    Parsed discrete score: 5/5 → Reward: 0.00
[Step 792000] VLM Score: 3.50, VLM Success: 50.0%, Sim Success: 50.0%
-----------------------------------
| rollout/             |          |
|    ep_len_mean       | 75       |
|    ep_rew_mean       | 2.94     |
| time/                |          |
|    episodes          | 2320     |
|    fps               | 1        |
|    time_elapsed      | 104891   |
|    total_timesteps   | 174000   |
| train/               |          |
|    actor_loss        | -2.6     |
|    critic_loss       | 0.00664  |
|    ent_coef          | 0.00103  |
|    ent_coef_loss     | 0.716    |
|    learning_rate     | 0.0003   |
|    n_updates         | 1304970  |
|    noise_critic_loss | 0.0213   |
-----------------------------------
[Step 793200] VLM Score: 4.00, VLM Success: 75.0%, Sim Success: 25.0%
-----------------------------------
| rollout/             |          |
|    ep_len_mean       | 75       |
|    ep_rew_mean       | 2.99     |
| time/                |          |
|    episodes          | 2324     |
|    fps               | 1        |
|    time_elapsed      | 105029   |
|    total_timesteps   | 174300   |
| train/               |          |
|    actor_loss        | -2.63    |
|    critic_loss       | 0.00652  |
|    ent_coef          | 0.00103  |
|    ent_coef_loss     | -0.86    |
|    learning_rate     | 0.0003   |
|    n_updates         | 1307220  |
|    noise_critic_loss | 0.0206   |
-----------------------------------
[Step 794400] VLM Score: 3.00, VLM Success: 25.0%, Sim Success: 25.0%
-----------------------------------
| rollout/             |          |
|    ep_len_mean       | 75       |
|    ep_rew_mean       | 3.02     |
| time/                |          |
|    episodes          | 2328     |
|    fps               | 1        |
|    time_elapsed      | 105166   |
|    total_timesteps   | 174600   |
| train/               |          |
|    actor_loss        | -2.64    |
|    critic_loss       | 0.00651  |
|    ent_coef          | 0.00104  |
|    ent_coef_loss     | 0.529    |
|    learning_rate     | 0.0003   |
|    n_updates         | 1309470  |
|    noise_critic_loss | 0.021    |
-----------------------------------
[Step 795600] VLM Score: 3.50, VLM Success: 50.0%, Sim Success: 50.0%
-----------------------------------
| rollout/             |          |
|    ep_len_mean       | 75       |
|    ep_rew_mean       | 3.05     |
| time/                |          |
|    episodes          | 2332     |
|    fps               | 1        |
|    time_elapsed      | 105304   |
|    total_timesteps   | 174900   |
| train/               |          |
|    actor_loss        | -2.61    |
|    critic_loss       | 0.00685  |
|    ent_coef          | 0.00103  |
|    ent_coef_loss     | -0.622   |
|    learning_rate     | 0.0003   |
|    n_updates         | 1311720  |
|    noise_critic_loss | 0.0196   |
-----------------------------------
[Step 796800] VLM Score: 2.75, VLM Success: 25.0%, Sim Success: 100.0%
-----------------------------------
| rollout/             |          |
|    ep_len_mean       | 75       |
|    ep_rew_mean       | 3.02     |
| time/                |          |
|    episodes          | 2336     |
|    fps               | 1        |
|    time_elapsed      | 105442   |
|    total_timesteps   | 175200   |
| train/               |          |
|    actor_loss        | -2.66    |
|    critic_loss       | 0.00806  |
|    ent_coef          | 0.00103  |
|    ent_coef_loss     | 1.43     |
|    learning_rate     | 0.0003   |
|    n_updates         | 1313970  |
|    noise_critic_loss | 0.0202   |
-----------------------------------
[Step 798000] VLM Score: 3.00, VLM Success: 25.0%, Sim Success: 25.0%
-----------------------------------
| rollout/             |          |
|    ep_len_mean       | 75       |
|    ep_rew_mean       | 3.03     |
| time/                |          |
|    episodes          | 2340     |
|    fps               | 1        |
|    time_elapsed      | 105580   |
|    total_timesteps   | 175500   |
| train/               |          |
|    actor_loss        | -2.67    |
|    critic_loss       | 0.00707  |
|    ent_coef          | 0.00102  |
|    ent_coef_loss     | 1.7      |
|    learning_rate     | 0.0003   |
|    n_updates         | 1316220  |
|    noise_critic_loss | 0.0204   |
-----------------------------------
[Step 799200] VLM Score: 3.25, VLM Success: 50.0%, Sim Success: 50.0%
-----------------------------------
| rollout/             |          |
|    ep_len_mean       | 75       |
|    ep_rew_mean       | 3.08     |
| time/                |          |
|    episodes          | 2344     |
|    fps               | 1        |
|    time_elapsed      | 105719   |
|    total_timesteps   | 175800   |
| train/               |          |
|    actor_loss        | -2.69    |
|    critic_loss       | 0.00678  |
|    ent_coef          | 0.00103  |
|    ent_coef_loss     | -2.73    |
|    learning_rate     | 0.0003   |
|    n_updates         | 1318470  |
|    noise_critic_loss | 0.0197   |
-----------------------------------
[Step 800400] VLM Score: 2.25, VLM Success: 0.0%, Sim Success: 50.0%
-----------------------------------
| rollout/             |          |
|    ep_len_mean       | 75       |
|    ep_rew_mean       | 3.04     |
| time/                |          |
|    episodes          | 2348     |
|    fps               | 1        |
|    time_elapsed      | 105857   |
|    total_timesteps   | 176100   |
| train/               |          |
|    actor_loss        | -2.63    |
|    critic_loss       | 0.00727  |
|    ent_coef          | 0.00102  |
|    ent_coef_loss     | -0.141   |
|    learning_rate     | 0.0003   |
|    n_updates         | 1320720  |
|    noise_critic_loss | 0.0193   |
-----------------------------------
[Step 801600] VLM Score: 3.50, VLM Success: 50.0%, Sim Success: 0.0%
-----------------------------------
| rollout/             |          |
|    ep_len_mean       | 75       |
|    ep_rew_mean       | 3.06     |
| time/                |          |
|    episodes          | 2352     |
|    fps               | 1        |
|    time_elapsed      | 105994   |
|    total_timesteps   | 176400   |
| train/               |          |
|    actor_loss        | -2.65    |
|    critic_loss       | 0.00683  |
|    ent_coef          | 0.00104  |
|    ent_coef_loss     | 0.214    |
|    learning_rate     | 0.0003   |
|    n_updates         | 1322970  |
|    noise_critic_loss | 0.0202   |
-----------------------------------
[Step 802800] VLM Score: 2.75, VLM Success: 25.0%, Sim Success: 25.0%
-----------------------------------
| rollout/             |          |
|    ep_len_mean       | 75       |
|    ep_rew_mean       | 3.09     |
| time/                |          |
|    episodes          | 2356     |
|    fps               | 1        |
|    time_elapsed      | 106131   |
|    total_timesteps   | 176700   |
| train/               |          |
|    actor_loss        | -2.61    |
|    critic_loss       | 0.00664  |
|    ent_coef          | 0.00103  |
|    ent_coef_loss     | -1.63    |
|    learning_rate     | 0.0003   |
|    n_updates         | 1325220  |
|    noise_critic_loss | 0.0204   |
-----------------------------------
[Step 804000] VLM Score: 3.00, VLM Success: 25.0%, Sim Success: 50.0%
-----------------------------------
| rollout/             |          |
|    ep_len_mean       | 75       |
|    ep_rew_mean       | 3.11     |
| time/                |          |
|    episodes          | 2360     |
|    fps               | 1        |
|    time_elapsed      | 106269   |
|    total_timesteps   | 177000   |
| train/               |          |
|    actor_loss        | -2.68    |
|    critic_loss       | 0.00708  |
|    ent_coef          | 0.00103  |
|    ent_coef_loss     | -1.08    |
|    learning_rate     | 0.0003   |
|    n_updates         | 1327470  |
|    noise_critic_loss | 0.0222   |
-----------------------------------
[Step 805200] VLM Score: 2.50, VLM Success: 25.0%, Sim Success: 75.0%
-----------------------------------
| rollout/             |          |
|    ep_len_mean       | 75       |
|    ep_rew_mean       | 3.03     |
| time/                |          |
|    episodes          | 2364     |
|    fps               | 1        |
|    time_elapsed      | 106408   |
|    total_timesteps   | 177300   |
| train/               |          |
|    actor_loss        | -2.66    |
|    critic_loss       | 0.00732  |
|    ent_coef          | 0.00103  |
|    ent_coef_loss     | 0.606    |
|    learning_rate     | 0.0003   |
|    n_updates         | 1329720  |
|    noise_critic_loss | 0.0193   |
-----------------------------------
[Step 806400] VLM Score: 3.25, VLM Success: 50.0%, Sim Success: 50.0%
-----------------------------------
| rollout/             |          |
|    ep_len_mean       | 75       |
|    ep_rew_mean       | 3.05     |
| time/                |          |
|    episodes          | 2368     |
|    fps               | 1        |
|    time_elapsed      | 106546   |
|    total_timesteps   | 177600   |
| train/               |          |
|    actor_loss        | -2.67    |
|    critic_loss       | 0.00682  |
|    ent_coef          | 0.00101  |
|    ent_coef_loss     | -1.57    |
|    learning_rate     | 0.0003   |
|    n_updates         | 1331970  |
|    noise_critic_loss | 0.0192   |
-----------------------------------
[VLM #3650] Task: Pick up the red cube from the table
    Frames: 62, Raw output: .2 seconds><14.2 seconds><15.2 seconds>Task: Pick up the red cube from the table
assistant
ANSWER: 5
    Parsed discrete score: 5/5 → Reward: 0.00
[Step 807600] VLM Score: 4.00, VLM Success: 75.0%, Sim Success: 50.0%
-----------------------------------
| rollout/             |          |
|    ep_len_mean       | 75       |
|    ep_rew_mean       | 3.05     |
| time/                |          |
|    episodes          | 2372     |
|    fps               | 1        |
|    time_elapsed      | 106684   |
|    total_timesteps   | 177900   |
| train/               |          |
|    actor_loss        | -2.64    |
|    critic_loss       | 0.00657  |
|    ent_coef          | 0.00101  |
|    ent_coef_loss     | 0.844    |
|    learning_rate     | 0.0003   |
|    n_updates         | 1334220  |
|    noise_critic_loss | 0.0208   |
-----------------------------------
[Step 808800] VLM Score: 2.75, VLM Success: 25.0%, Sim Success: 50.0%
-----------------------------------
| rollout/             |          |
|    ep_len_mean       | 75       |
|    ep_rew_mean       | 3.04     |
| time/                |          |
|    episodes          | 2376     |
|    fps               | 1        |
|    time_elapsed      | 106822   |
|    total_timesteps   | 178200   |
| train/               |          |
|    actor_loss        | -2.64    |
|    critic_loss       | 0.00734  |
|    ent_coef          | 0.001    |
|    ent_coef_loss     | -3.94    |
|    learning_rate     | 0.0003   |
|    n_updates         | 1336470  |
|    noise_critic_loss | 0.0185   |
-----------------------------------
[Step 810000] VLM Score: 3.25, VLM Success: 25.0%, Sim Success: 25.0%
-----------------------------------
| rollout/             |          |
|    ep_len_mean       | 75       |
|    ep_rew_mean       | 3.06     |
| time/                |          |
|    episodes          | 2380     |
|    fps               | 1        |
|    time_elapsed      | 106960   |
|    total_timesteps   | 178500   |
| train/               |          |
|    actor_loss        | -2.65    |
|    critic_loss       | 0.00682  |
|    ent_coef          | 0.001    |
|    ent_coef_loss     | 2.01     |
|    learning_rate     | 0.0003   |
|    n_updates         | 1338720  |
|    noise_critic_loss | 0.0211   |
-----------------------------------
[Step 811200] VLM Score: 2.75, VLM Success: 25.0%, Sim Success: 75.0%
-----------------------------------
| rollout/             |          |
|    ep_len_mean       | 75       |
|    ep_rew_mean       | 3.03     |
| time/                |          |
|    episodes          | 2384     |
|    fps               | 1        |
|    time_elapsed      | 107098   |
|    total_timesteps   | 178800   |
| train/               |          |
|    actor_loss        | -2.64    |
|    critic_loss       | 0.00721  |
|    ent_coef          | 0.00103  |
|    ent_coef_loss     | 0.0724   |
|    learning_rate     | 0.0003   |
|    n_updates         | 1340970  |
|    noise_critic_loss | 0.0222   |
-----------------------------------
[Step 812400] VLM Score: 2.50, VLM Success: 25.0%, Sim Success: 75.0%
-----------------------------------
| rollout/             |          |
|    ep_len_mean       | 75       |
|    ep_rew_mean       | 3.04     |
| time/                |          |
|    episodes          | 2388     |
|    fps               | 1        |
|    time_elapsed      | 107237   |
|    total_timesteps   | 179100   |
| train/               |          |
|    actor_loss        | -2.63    |
|    critic_loss       | 0.0066   |
|    ent_coef          | 0.00101  |
|    ent_coef_loss     | 1.38     |
|    learning_rate     | 0.0003   |
|    n_updates         | 1343220  |
|    noise_critic_loss | 0.0195   |
-----------------------------------
[Step 813600] VLM Score: 3.75, VLM Success: 50.0%, Sim Success: 75.0%
-----------------------------------
| rollout/             |          |
|    ep_len_mean       | 75       |
|    ep_rew_mean       | 3.03     |
| time/                |          |
|    episodes          | 2392     |
|    fps               | 1        |
|    time_elapsed      | 107375   |
|    total_timesteps   | 179400   |
| train/               |          |
|    actor_loss        | -2.68    |
|    critic_loss       | 0.00701  |
|    ent_coef          | 0.00103  |
|    ent_coef_loss     | 2.24     |
|    learning_rate     | 0.0003   |
|    n_updates         | 1345470  |
|    noise_critic_loss | 0.0196   |
-----------------------------------
[Step 814800] VLM Score: 4.00, VLM Success: 75.0%, Sim Success: 50.0%
-----------------------------------
| rollout/             |          |
|    ep_len_mean       | 75       |
|    ep_rew_mean       | 3.08     |
| time/                |          |
|    episodes          | 2396     |
|    fps               | 1        |
|    time_elapsed      | 107511   |
|    total_timesteps   | 179700   |
| train/               |          |
|    actor_loss        | -2.64    |
|    critic_loss       | 0.00696  |
|    ent_coef          | 0.00103  |
|    ent_coef_loss     | -1.99    |
|    learning_rate     | 0.0003   |
|    n_updates         | 1347720  |
|    noise_critic_loss | 0.0196   |
-----------------------------------
[Step 816000] VLM Score: 4.00, VLM Success: 75.0%, Sim Success: 25.0%
Eval episode 0 at timestep 816000
Eval episode 1 at timestep 816000
Eval episode 2 at timestep 816000
Eval episode 3 at timestep 816000
Eval episode 4 at timestep 816000
Eval episode 5 at timestep 816000
Eval episode 6 at timestep 816000
Eval episode 7 at timestep 816000
Eval episode 8 at timestep 816000
Eval episode 9 at timestep 816000
Eval episode 10 at timestep 816000
Eval episode 11 at timestep 816000
Eval episode 12 at timestep 816000
Eval episode 13 at timestep 816000
Eval episode 14 at timestep 816000
Eval episode 15 at timestep 816000
Eval episode 16 at timestep 816000
Eval episode 17 at timestep 816000
Eval episode 18 at timestep 816000
Eval episode 19 at timestep 816000
Eval episode 20 at timestep 816000
Eval episode 21 at timestep 816000
Eval episode 22 at timestep 816000
Eval episode 23 at timestep 816000
Eval episode 24 at timestep 816000
Eval episode 25 at timestep 816000
Eval episode 26 at timestep 816000
Eval episode 27 at timestep 816000
Eval episode 28 at timestep 816000
Eval episode 29 at timestep 816000
Eval episode 30 at timestep 816000
Eval episode 31 at timestep 816000
Eval episode 32 at timestep 816000
Eval episode 33 at timestep 816000
Eval episode 34 at timestep 816000
Eval episode 35 at timestep 816000
Eval episode 36 at timestep 816000
Eval episode 37 at timestep 816000
Eval episode 38 at timestep 816000
Eval episode 39 at timestep 816000
Eval episode 40 at timestep 816000
Eval episode 41 at timestep 816000
Eval episode 42 at timestep 816000
Eval episode 43 at timestep 816000
Eval episode 44 at timestep 816000
Eval episode 45 at timestep 816000
Eval episode 46 at timestep 816000
Eval episode 47 at timestep 816000
Eval episode 48 at timestep 816000
Eval episode 49 at timestep 816000
-----------------------------------
| rollout/             |          |
|    ep_len_mean       | 75       |
|    ep_rew_mean       | 3.13     |
| time/                |          |
|    episodes          | 2400     |
|    fps               | 1        |
|    time_elapsed      | 109444   |
|    total_timesteps   | 180000   |
| train/               |          |
|    actor_loss        | -2.65    |
|    critic_loss       | 0.00661  |
|    ent_coef          | 0.00101  |
|    ent_coef_loss     | 0.251    |
|    learning_rate     | 0.0003   |
|    n_updates         | 1349970  |
|    noise_critic_loss | 0.0191   |
-----------------------------------
[Step 817200] VLM Score: 2.50, VLM Success: 25.0%, Sim Success: 50.0%
-----------------------------------
| rollout/             |          |
|    ep_len_mean       | 75       |
|    ep_rew_mean       | 3.1      |
| time/                |          |
|    episodes          | 2404     |
|    fps               | 1        |
|    time_elapsed      | 109583   |
|    total_timesteps   | 180300   |
| train/               |          |
|    actor_loss        | -2.64    |
|    critic_loss       | 0.00612  |
|    ent_coef          | 0.00102  |
|    ent_coef_loss     | 0.528    |
|    learning_rate     | 0.0003   |
|    n_updates         | 1352220  |
|    noise_critic_loss | 0.0196   |
-----------------------------------
[Step 818400] VLM Score: 2.00, VLM Success: 0.0%, Sim Success: 75.0%
-----------------------------------
| rollout/             |          |
|    ep_len_mean       | 75       |
|    ep_rew_mean       | 3.06     |
| time/                |          |
|    episodes          | 2408     |
|    fps               | 1        |
|    time_elapsed      | 109722   |
|    total_timesteps   | 180600   |
| train/               |          |
|    actor_loss        | -2.65    |
|    critic_loss       | 0.00662  |
|    ent_coef          | 0.00101  |
|    ent_coef_loss     | -1.9     |
|    learning_rate     | 0.0003   |
|    n_updates         | 1354470  |
|    noise_critic_loss | 0.0195   |
-----------------------------------
[Step 819600] VLM Score: 2.75, VLM Success: 25.0%, Sim Success: 25.0%
-----------------------------------
| rollout/             |          |
|    ep_len_mean       | 75       |
|    ep_rew_mean       | 3.09     |
| time/                |          |
|    episodes          | 2412     |
|    fps               | 1        |
|    time_elapsed      | 109859   |
|    total_timesteps   | 180900   |
| train/               |          |
|    actor_loss        | -2.7     |
|    critic_loss       | 0.00672  |
|    ent_coef          | 0.00101  |
|    ent_coef_loss     | -0.963   |
|    learning_rate     | 0.0003   |
|    n_updates         | 1356720  |
|    noise_critic_loss | 0.0196   |
-----------------------------------
[Step 820800] VLM Score: 2.00, VLM Success: 0.0%, Sim Success: 75.0%
-----------------------------------
| rollout/             |          |
|    ep_len_mean       | 75       |
|    ep_rew_mean       | 3.06     |
| time/                |          |
|    episodes          | 2416     |
|    fps               | 1        |
|    time_elapsed      | 109997   |
|    total_timesteps   | 181200   |
| train/               |          |
|    actor_loss        | -2.66    |
|    critic_loss       | 0.00686  |
|    ent_coef          | 0.00101  |
|    ent_coef_loss     | 2.06     |
|    learning_rate     | 0.0003   |
|    n_updates         | 1358970  |
|    noise_critic_loss | 0.0195   |
-----------------------------------
[VLM #3700] Task: Pick up the red cube from the table
    Frames: 62, Raw output: .2 seconds><14.2 seconds><15.2 seconds>Task: Pick up the red cube from the table
assistant
ANSWER: 2
    Parsed discrete score: 2/5 → Reward: -0.75
[Step 822000] VLM Score: 2.00, VLM Success: 0.0%, Sim Success: 100.0%
-----------------------------------
| rollout/             |          |
|    ep_len_mean       | 75       |
|    ep_rew_mean       | 3        |
| time/                |          |
|    episodes          | 2420     |
|    fps               | 1        |
|    time_elapsed      | 110136   |
|    total_timesteps   | 181500   |
| train/               |          |
|    actor_loss        | -2.67    |
|    critic_loss       | 0.00689  |
|    ent_coef          | 0.00101  |
|    ent_coef_loss     | 0.818    |
|    learning_rate     | 0.0003   |
|    n_updates         | 1361220  |
|    noise_critic_loss | 0.0186   |
-----------------------------------
[Step 823200] VLM Score: 2.25, VLM Success: 0.0%, Sim Success: 25.0%
-----------------------------------
| rollout/             |          |
|    ep_len_mean       | 75       |
|    ep_rew_mean       | 2.93     |
| time/                |          |
|    episodes          | 2424     |
|    fps               | 1        |
|    time_elapsed      | 110273   |
|    total_timesteps   | 181800   |
| train/               |          |
|    actor_loss        | -2.66    |
|    critic_loss       | 0.00646  |
|    ent_coef          | 0.00102  |
|    ent_coef_loss     | 3.52     |
|    learning_rate     | 0.0003   |
|    n_updates         | 1363470  |
|    noise_critic_loss | 0.0203   |
-----------------------------------
[Step 824400] VLM Score: 3.25, VLM Success: 50.0%, Sim Success: 50.0%
-----------------------------------
| rollout/             |          |
|    ep_len_mean       | 75       |
|    ep_rew_mean       | 2.94     |
| time/                |          |
|    episodes          | 2428     |
|    fps               | 1        |
|    time_elapsed      | 110412   |
|    total_timesteps   | 182100   |
| train/               |          |
|    actor_loss        | -2.61    |
|    critic_loss       | 0.00696  |
|    ent_coef          | 0.00103  |
|    ent_coef_loss     | -0.87    |
|    learning_rate     | 0.0003   |
|    n_updates         | 1365720  |
|    noise_critic_loss | 0.0203   |
-----------------------------------
[Step 825600] VLM Score: 3.75, VLM Success: 50.0%, Sim Success: 0.0%
-----------------------------------
| rollout/             |          |
|    ep_len_mean       | 75       |
|    ep_rew_mean       | 2.95     |
| time/                |          |
|    episodes          | 2432     |
|    fps               | 1        |
|    time_elapsed      | 110549   |
|    total_timesteps   | 182400   |
| train/               |          |
|    actor_loss        | -2.62    |
|    critic_loss       | 0.00624  |
|    ent_coef          | 0.00102  |
|    ent_coef_loss     | -2.31    |
|    learning_rate     | 0.0003   |
|    n_updates         | 1367970  |
|    noise_critic_loss | 0.0208   |
-----------------------------------
[Step 826800] VLM Score: 2.75, VLM Success: 25.0%, Sim Success: 25.0%
-----------------------------------
| rollout/             |          |
|    ep_len_mean       | 75       |
|    ep_rew_mean       | 2.95     |
| time/                |          |
|    episodes          | 2436     |
|    fps               | 1        |
|    time_elapsed      | 110686   |
|    total_timesteps   | 182700   |
| train/               |          |
|    actor_loss        | -2.69    |
|    critic_loss       | 0.00673  |
|    ent_coef          | 0.00102  |
|    ent_coef_loss     | 0.0528   |
|    learning_rate     | 0.0003   |
|    n_updates         | 1370220  |
|    noise_critic_loss | 0.0195   |
-----------------------------------
[Step 828000] VLM Score: 3.25, VLM Success: 25.0%, Sim Success: 25.0%
-----------------------------------
| rollout/             |          |
|    ep_len_mean       | 75       |
|    ep_rew_mean       | 2.96     |
| time/                |          |
|    episodes          | 2440     |
|    fps               | 1        |
|    time_elapsed      | 110823   |
|    total_timesteps   | 183000   |
| train/               |          |
|    actor_loss        | -2.68    |
|    critic_loss       | 0.00719  |
|    ent_coef          | 0.00101  |
|    ent_coef_loss     | -0.53    |
|    learning_rate     | 0.0003   |
|    n_updates         | 1372470  |
|    noise_critic_loss | 0.0193   |
-----------------------------------
[Step 829200] VLM Score: 3.75, VLM Success: 50.0%, Sim Success: 50.0%
-----------------------------------
| rollout/             |          |
|    ep_len_mean       | 75       |
|    ep_rew_mean       | 2.98     |
| time/                |          |
|    episodes          | 2444     |
|    fps               | 1        |
|    time_elapsed      | 110960   |
|    total_timesteps   | 183300   |
| train/               |          |
|    actor_loss        | -2.63    |
|    critic_loss       | 0.0068   |
|    ent_coef          | 0.001    |
|    ent_coef_loss     | 0.63     |
|    learning_rate     | 0.0003   |
|    n_updates         | 1374720  |
|    noise_critic_loss | 0.0197   |
-----------------------------------
[Step 830400] VLM Score: 3.00, VLM Success: 25.0%, Sim Success: 25.0%
-----------------------------------
| rollout/             |          |
|    ep_len_mean       | 75       |
|    ep_rew_mean       | 3.01     |
| time/                |          |
|    episodes          | 2448     |
|    fps               | 1        |
|    time_elapsed      | 111097   |
|    total_timesteps   | 183600   |
| train/               |          |
|    actor_loss        | -2.65    |
|    critic_loss       | 0.00628  |
|    ent_coef          | 0.00101  |
|    ent_coef_loss     | 0.466    |
|    learning_rate     | 0.0003   |
|    n_updates         | 1376970  |
|    noise_critic_loss | 0.0197   |
-----------------------------------
[Step 831600] VLM Score: 2.75, VLM Success: 0.0%, Sim Success: 25.0%
-----------------------------------
| rollout/             |          |
|    ep_len_mean       | 75       |
|    ep_rew_mean       | 2.98     |
| time/                |          |
|    episodes          | 2452     |
|    fps               | 1        |
|    time_elapsed      | 111234   |
|    total_timesteps   | 183900   |
| train/               |          |
|    actor_loss        | -2.65    |
|    critic_loss       | 0.00613  |
|    ent_coef          | 0.00102  |
|    ent_coef_loss     | -0.594   |
|    learning_rate     | 0.0003   |
|    n_updates         | 1379220  |
|    noise_critic_loss | 0.0196   |
-----------------------------------
[Step 832800] VLM Score: 3.25, VLM Success: 25.0%, Sim Success: 25.0%
-----------------------------------
| rollout/             |          |
|    ep_len_mean       | 75       |
|    ep_rew_mean       | 3        |
| time/                |          |
|    episodes          | 2456     |
|    fps               | 1        |
|    time_elapsed      | 111372   |
|    total_timesteps   | 184200   |
| train/               |          |
|    actor_loss        | -2.6     |
|    critic_loss       | 0.00637  |
|    ent_coef          | 0.000997 |
|    ent_coef_loss     | 0.503    |
|    learning_rate     | 0.0003   |
|    n_updates         | 1381470  |
|    noise_critic_loss | 0.0211   |
-----------------------------------
[Step 834000] VLM Score: 3.75, VLM Success: 50.0%, Sim Success: 25.0%
-----------------------------------
| rollout/             |          |
|    ep_len_mean       | 75       |
|    ep_rew_mean       | 3.03     |
| time/                |          |
|    episodes          | 2460     |
|    fps               | 1        |
|    time_elapsed      | 111509   |
|    total_timesteps   | 184500   |
| train/               |          |
|    actor_loss        | -2.62    |
|    critic_loss       | 0.00675  |
|    ent_coef          | 0.00104  |
|    ent_coef_loss     | -0.782   |
|    learning_rate     | 0.0003   |
|    n_updates         | 1383720  |
|    noise_critic_loss | 0.0189   |
-----------------------------------
[Step 835200] VLM Score: 4.25, VLM Success: 75.0%, Sim Success: 50.0%
-----------------------------------
| rollout/             |          |
|    ep_len_mean       | 75       |
|    ep_rew_mean       | 3.1      |
| time/                |          |
|    episodes          | 2464     |
|    fps               | 1        |
|    time_elapsed      | 111647   |
|    total_timesteps   | 184800   |
| train/               |          |
|    actor_loss        | -2.66    |
|    critic_loss       | 0.00648  |
|    ent_coef          | 0.00103  |
|    ent_coef_loss     | 1.19     |
|    learning_rate     | 0.0003   |
|    n_updates         | 1385970  |
|    noise_critic_loss | 0.0193   |
-----------------------------------
[Step 836400] VLM Score: 3.50, VLM Success: 50.0%, Sim Success: 50.0%
-----------------------------------
| rollout/             |          |
|    ep_len_mean       | 75       |
|    ep_rew_mean       | 3.11     |
| time/                |          |
|    episodes          | 2468     |
|    fps               | 1        |
|    time_elapsed      | 111785   |
|    total_timesteps   | 185100   |
| train/               |          |
|    actor_loss        | -2.66    |
|    critic_loss       | 0.0072   |
|    ent_coef          | 0.00103  |
|    ent_coef_loss     | -0.485   |
|    learning_rate     | 0.0003   |
|    n_updates         | 1388220  |
|    noise_critic_loss | 0.02     |
-----------------------------------
[VLM #3750] Task: Pick up the red cube from the table
    Frames: 62, Raw output: .2 seconds><14.2 seconds><15.2 seconds>Task: Pick up the red cube from the table
assistant
ANSWER: 2
    Parsed discrete score: 2/5 → Reward: -0.75
[Step 837600] VLM Score: 3.50, VLM Success: 50.0%, Sim Success: 100.0%
-----------------------------------
| rollout/             |          |
|    ep_len_mean       | 75       |
|    ep_rew_mean       | 3.09     |
| time/                |          |
|    episodes          | 2472     |
|    fps               | 1        |
|    time_elapsed      | 111924   |
|    total_timesteps   | 185400   |
| train/               |          |
|    actor_loss        | -2.69    |
|    critic_loss       | 0.00807  |
|    ent_coef          | 0.00102  |
|    ent_coef_loss     | -2.02    |
|    learning_rate     | 0.0003   |
|    n_updates         | 1390470  |
|    noise_critic_loss | 0.02     |
-----------------------------------
[Step 838800] VLM Score: 3.75, VLM Success: 50.0%, Sim Success: 25.0%
-----------------------------------
| rollout/             |          |
|    ep_len_mean       | 75       |
|    ep_rew_mean       | 3.13     |
| time/                |          |
|    episodes          | 2476     |
|    fps               | 1        |
|    time_elapsed      | 112062   |
|    total_timesteps   | 185700   |
| train/               |          |
|    actor_loss        | -2.65    |
|    critic_loss       | 0.00703  |
|    ent_coef          | 0.00104  |
|    ent_coef_loss     | -0.121   |
|    learning_rate     | 0.0003   |
|    n_updates         | 1392720  |
|    noise_critic_loss | 0.0187   |
-----------------------------------
[Step 840000] VLM Score: 2.50, VLM Success: 0.0%, Sim Success: 50.0%
-----------------------------------
| rollout/             |          |
|    ep_len_mean       | 75       |
|    ep_rew_mean       | 3.1      |
| time/                |          |
|    episodes          | 2480     |
|    fps               | 1        |
|    time_elapsed      | 112199   |
|    total_timesteps   | 186000   |
| train/               |          |
|    actor_loss        | -2.66    |
|    critic_loss       | 0.00634  |
|    ent_coef          | 0.00104  |
|    ent_coef_loss     | 1.29     |
|    learning_rate     | 0.0003   |
|    n_updates         | 1394970  |
|    noise_critic_loss | 0.0199   |
-----------------------------------
[Step 841200] VLM Score: 3.25, VLM Success: 25.0%, Sim Success: 25.0%
-----------------------------------
| rollout/             |          |
|    ep_len_mean       | 75       |
|    ep_rew_mean       | 3.12     |
| time/                |          |
|    episodes          | 2484     |
|    fps               | 1        |
|    time_elapsed      | 112338   |
|    total_timesteps   | 186300   |
| train/               |          |
|    actor_loss        | -2.68    |
|    critic_loss       | 0.00654  |
|    ent_coef          | 0.00102  |
|    ent_coef_loss     | -0.493   |
|    learning_rate     | 0.0003   |
|    n_updates         | 1397220  |
|    noise_critic_loss | 0.0203   |
-----------------------------------
[Step 842400] VLM Score: 2.25, VLM Success: 0.0%, Sim Success: 25.0%
-----------------------------------
| rollout/             |          |
|    ep_len_mean       | 75       |
|    ep_rew_mean       | 3.11     |
| time/                |          |
|    episodes          | 2488     |
|    fps               | 1        |
|    time_elapsed      | 112475   |
|    total_timesteps   | 186600   |
| train/               |          |
|    actor_loss        | -2.71    |
|    critic_loss       | 0.00696  |
|    ent_coef          | 0.00103  |
|    ent_coef_loss     | -0.409   |
|    learning_rate     | 0.0003   |
|    n_updates         | 1399470  |
|    noise_critic_loss | 0.0191   |
-----------------------------------
[Step 843600] VLM Score: 3.00, VLM Success: 25.0%, Sim Success: 75.0%
-----------------------------------
| rollout/             |          |
|    ep_len_mean       | 75       |
|    ep_rew_mean       | 3.08     |
| time/                |          |
|    episodes          | 2492     |
|    fps               | 1        |
|    time_elapsed      | 112613   |
|    total_timesteps   | 186900   |
| train/               |          |
|    actor_loss        | -2.7     |
|    critic_loss       | 0.00719  |
|    ent_coef          | 0.00105  |
|    ent_coef_loss     | 0.31     |
|    learning_rate     | 0.0003   |
|    n_updates         | 1401720  |
|    noise_critic_loss | 0.0195   |
-----------------------------------
[Step 844800] VLM Score: 3.25, VLM Success: 50.0%, Sim Success: 0.0%
-----------------------------------
| rollout/             |          |
|    ep_len_mean       | 75       |
|    ep_rew_mean       | 3.05     |
| time/                |          |
|    episodes          | 2496     |
|    fps               | 1        |
|    time_elapsed      | 112750   |
|    total_timesteps   | 187200   |
| train/               |          |
|    actor_loss        | -2.66    |
|    critic_loss       | 0.00746  |
|    ent_coef          | 0.00105  |
|    ent_coef_loss     | -1.61    |
|    learning_rate     | 0.0003   |
|    n_updates         | 1403970  |
|    noise_critic_loss | 0.0207   |
-----------------------------------
[Step 846000] VLM Score: 2.25, VLM Success: 0.0%, Sim Success: 50.0%
-----------------------------------
| rollout/             |          |
|    ep_len_mean       | 75       |
|    ep_rew_mean       | 2.98     |
| time/                |          |
|    episodes          | 2500     |
|    fps               | 1        |
|    time_elapsed      | 112889   |
|    total_timesteps   | 187500   |
| train/               |          |
|    actor_loss        | -2.67    |
|    critic_loss       | 0.00651  |
|    ent_coef          | 0.00104  |
|    ent_coef_loss     | -1.66    |
|    learning_rate     | 0.0003   |
|    n_updates         | 1406220  |
|    noise_critic_loss | 0.0181   |
-----------------------------------
[Step 847200] VLM Score: 3.75, VLM Success: 50.0%, Sim Success: 25.0%
-----------------------------------
| rollout/             |          |
|    ep_len_mean       | 75       |
|    ep_rew_mean       | 3.03     |
| time/                |          |
|    episodes          | 2504     |
|    fps               | 1        |
|    time_elapsed      | 113027   |
|    total_timesteps   | 187800   |
| train/               |          |
|    actor_loss        | -2.7     |
|    critic_loss       | 0.00706  |
|    ent_coef          | 0.00103  |
|    ent_coef_loss     | -0.41    |
|    learning_rate     | 0.0003   |
|    n_updates         | 1408470  |
|    noise_critic_loss | 0.0197   |
-----------------------------------
[Step 848400] VLM Score: 3.50, VLM Success: 50.0%, Sim Success: 100.0%
-----------------------------------
| rollout/             |          |
|    ep_len_mean       | 75       |
|    ep_rew_mean       | 3.09     |
| time/                |          |
|    episodes          | 2508     |
|    fps               | 1        |
|    time_elapsed      | 113166   |
|    total_timesteps   | 188100   |
| train/               |          |
|    actor_loss        | -2.63    |
|    critic_loss       | 0.00797  |
|    ent_coef          | 0.00101  |
|    ent_coef_loss     | 1.28     |
|    learning_rate     | 0.0003   |
|    n_updates         | 1410720  |
|    noise_critic_loss | 0.0228   |
-----------------------------------
[Step 849600] VLM Score: 4.00, VLM Success: 75.0%, Sim Success: 75.0%
-----------------------------------
| rollout/             |          |
|    ep_len_mean       | 75       |
|    ep_rew_mean       | 3.14     |
| time/                |          |
|    episodes          | 2512     |
|    fps               | 1        |
|    time_elapsed      | 113304   |
|    total_timesteps   | 188400   |
| train/               |          |
|    actor_loss        | -2.7     |
|    critic_loss       | 0.00675  |
|    ent_coef          | 0.001    |
|    ent_coef_loss     | -1.18    |
|    learning_rate     | 0.0003   |
|    n_updates         | 1412970  |
|    noise_critic_loss | 0.0188   |
-----------------------------------
[Step 850800] VLM Score: 4.25, VLM Success: 75.0%, Sim Success: 0.0%
-----------------------------------
| rollout/             |          |
|    ep_len_mean       | 75       |
|    ep_rew_mean       | 3.23     |
| time/                |          |
|    episodes          | 2516     |
|    fps               | 1        |
|    time_elapsed      | 113442   |
|    total_timesteps   | 188700   |
| train/               |          |
|    actor_loss        | -2.66    |
|    critic_loss       | 0.00758  |
|    ent_coef          | 0.00101  |
|    ent_coef_loss     | -1.08    |
|    learning_rate     | 0.0003   |
|    n_updates         | 1415220  |
|    noise_critic_loss | 0.02     |
-----------------------------------
[VLM #3800] Task: Pick up the red cube from the table
    Frames: 62, Raw output: .2 seconds><14.2 seconds><15.2 seconds>Task: Pick up the red cube from the table
assistant
ANSWER: 3
    Parsed discrete score: 3/5 → Reward: -0.50
[Step 852000] VLM Score: 3.75, VLM Success: 50.0%, Sim Success: 25.0%
-----------------------------------
| rollout/             |          |
|    ep_len_mean       | 75       |
|    ep_rew_mean       | 3.3      |
| time/                |          |
|    episodes          | 2520     |
|    fps               | 1        |
|    time_elapsed      | 113580   |
|    total_timesteps   | 189000   |
| train/               |          |
|    actor_loss        | -2.63    |
|    critic_loss       | 0.00674  |
|    ent_coef          | 0.00102  |
|    ent_coef_loss     | 2.02     |
|    learning_rate     | 0.0003   |
|    n_updates         | 1417470  |
|    noise_critic_loss | 0.0193   |
-----------------------------------
[Step 853200] VLM Score: 3.50, VLM Success: 50.0%, Sim Success: 25.0%
-----------------------------------
| rollout/             |          |
|    ep_len_mean       | 75       |
|    ep_rew_mean       | 3.35     |
| time/                |          |
|    episodes          | 2524     |
|    fps               | 1        |
|    time_elapsed      | 113717   |
|    total_timesteps   | 189300   |
| train/               |          |
|    actor_loss        | -2.62    |
|    critic_loss       | 0.00656  |
|    ent_coef          | 0.00103  |
|    ent_coef_loss     | -1.38    |
|    learning_rate     | 0.0003   |
|    n_updates         | 1419720  |
|    noise_critic_loss | 0.0194   |
-----------------------------------
[Step 854400] VLM Score: 2.50, VLM Success: 25.0%, Sim Success: 50.0%
-----------------------------------
| rollout/             |          |
|    ep_len_mean       | 75       |
|    ep_rew_mean       | 3.32     |
| time/                |          |
|    episodes          | 2528     |
|    fps               | 1        |
|    time_elapsed      | 113855   |
|    total_timesteps   | 189600   |
| train/               |          |
|    actor_loss        | -2.63    |
|    critic_loss       | 0.00696  |
|    ent_coef          | 0.00103  |
|    ent_coef_loss     | 1.12     |
|    learning_rate     | 0.0003   |
|    n_updates         | 1421970  |
|    noise_critic_loss | 0.0216   |
-----------------------------------
[Step 855600] VLM Score: 2.50, VLM Success: 0.0%, Sim Success: 0.0%
-----------------------------------
| rollout/             |          |
|    ep_len_mean       | 75       |
|    ep_rew_mean       | 3.27     |
| time/                |          |
|    episodes          | 2532     |
|    fps               | 1        |
|    time_elapsed      | 113991   |
|    total_timesteps   | 189900   |
| train/               |          |
|    actor_loss        | -2.65    |
|    critic_loss       | 0.00675  |
|    ent_coef          | 0.00105  |
|    ent_coef_loss     | -1.08    |
|    learning_rate     | 0.0003   |
|    n_updates         | 1424220  |
|    noise_critic_loss | 0.0193   |
-----------------------------------
[Step 856800] VLM Score: 2.25, VLM Success: 25.0%, Sim Success: 50.0%
-----------------------------------
| rollout/             |          |
|    ep_len_mean       | 75       |
|    ep_rew_mean       | 3.25     |
| time/                |          |
|    episodes          | 2536     |
|    fps               | 1        |
|    time_elapsed      | 114128   |
|    total_timesteps   | 190200   |
| train/               |          |
|    actor_loss        | -2.66    |
|    critic_loss       | 0.00636  |
|    ent_coef          | 0.00102  |
|    ent_coef_loss     | 0.701    |
|    learning_rate     | 0.0003   |
|    n_updates         | 1426470  |
|    noise_critic_loss | 0.0185   |
-----------------------------------
[Step 858000] VLM Score: 3.00, VLM Success: 0.0%, Sim Success: 0.0%
-----------------------------------
| rollout/             |          |
|    ep_len_mean       | 75       |
|    ep_rew_mean       | 3.24     |
| time/                |          |
|    episodes          | 2540     |
|    fps               | 1        |
|    time_elapsed      | 114265   |
|    total_timesteps   | 190500   |
| train/               |          |
|    actor_loss        | -2.66    |
|    critic_loss       | 0.00688  |
|    ent_coef          | 0.00103  |
|    ent_coef_loss     | -1.82    |
|    learning_rate     | 0.0003   |
|    n_updates         | 1428720  |
|    noise_critic_loss | 0.0193   |
-----------------------------------
[Step 859200] VLM Score: 4.00, VLM Success: 75.0%, Sim Success: 0.0%
-----------------------------------
| rollout/             |          |
|    ep_len_mean       | 75       |
|    ep_rew_mean       | 3.25     |
| time/                |          |
|    episodes          | 2544     |
|    fps               | 1        |
|    time_elapsed      | 114402   |
|    total_timesteps   | 190800   |
| train/               |          |
|    actor_loss        | -2.64    |
|    critic_loss       | 0.00648  |
|    ent_coef          | 0.00104  |
|    ent_coef_loss     | 1.32     |
|    learning_rate     | 0.0003   |
|    n_updates         | 1430970  |
|    noise_critic_loss | 0.0213   |
-----------------------------------
[Step 860400] VLM Score: 4.50, VLM Success: 100.0%, Sim Success: 25.0%
-----------------------------------
| rollout/             |          |
|    ep_len_mean       | 75       |
|    ep_rew_mean       | 3.31     |
| time/                |          |
|    episodes          | 2548     |
|    fps               | 1        |
|    time_elapsed      | 114540   |
|    total_timesteps   | 191100   |
| train/               |          |
|    actor_loss        | -2.71    |
|    critic_loss       | 0.00642  |
|    ent_coef          | 0.00105  |
|    ent_coef_loss     | -0.206   |
|    learning_rate     | 0.0003   |
|    n_updates         | 1433220  |
|    noise_critic_loss | 0.02     |
-----------------------------------
[Step 861600] VLM Score: 3.00, VLM Success: 25.0%, Sim Success: 0.0%
-----------------------------------
| rollout/             |          |
|    ep_len_mean       | 75       |
|    ep_rew_mean       | 3.32     |
| time/                |          |
|    episodes          | 2552     |
|    fps               | 1        |
|    time_elapsed      | 114677   |
|    total_timesteps   | 191400   |
| train/               |          |
|    actor_loss        | -2.66    |
|    critic_loss       | 0.00715  |
|    ent_coef          | 0.00101  |
|    ent_coef_loss     | -0.162   |
|    learning_rate     | 0.0003   |
|    n_updates         | 1435470  |
|    noise_critic_loss | 0.0203   |
-----------------------------------
[Step 862800] VLM Score: 3.00, VLM Success: 25.0%, Sim Success: 25.0%
-----------------------------------
| rollout/             |          |
|    ep_len_mean       | 75       |
|    ep_rew_mean       | 3.31     |
| time/                |          |
|    episodes          | 2556     |
|    fps               | 1        |
|    time_elapsed      | 114815   |
|    total_timesteps   | 191700   |
| train/               |          |
|    actor_loss        | -2.64    |
|    critic_loss       | 0.00661  |
|    ent_coef          | 0.00102  |
|    ent_coef_loss     | -1.2     |
|    learning_rate     | 0.0003   |
|    n_updates         | 1437720  |
|    noise_critic_loss | 0.0204   |
-----------------------------------
[Step 864000] VLM Score: 3.75, VLM Success: 50.0%, Sim Success: 50.0%
Eval episode 0 at timestep 864000
Eval episode 1 at timestep 864000
Eval episode 2 at timestep 864000
Eval episode 3 at timestep 864000
Eval episode 4 at timestep 864000
Eval episode 5 at timestep 864000
Eval episode 6 at timestep 864000
Eval episode 7 at timestep 864000
Eval episode 8 at timestep 864000
Eval episode 9 at timestep 864000
Eval episode 10 at timestep 864000
Eval episode 11 at timestep 864000
Eval episode 12 at timestep 864000
Eval episode 13 at timestep 864000
Eval episode 14 at timestep 864000
Eval episode 15 at timestep 864000
Eval episode 16 at timestep 864000
Eval episode 17 at timestep 864000
Eval episode 18 at timestep 864000
Eval episode 19 at timestep 864000
Eval episode 20 at timestep 864000
Eval episode 21 at timestep 864000
Eval episode 22 at timestep 864000
Eval episode 23 at timestep 864000
Eval episode 24 at timestep 864000
Eval episode 25 at timestep 864000
Eval episode 26 at timestep 864000
Eval episode 27 at timestep 864000
Eval episode 28 at timestep 864000
Eval episode 29 at timestep 864000
Eval episode 30 at timestep 864000
Eval episode 31 at timestep 864000
Eval episode 32 at timestep 864000
Eval episode 33 at timestep 864000
Eval episode 34 at timestep 864000
Eval episode 35 at timestep 864000
Eval episode 36 at timestep 864000
Eval episode 37 at timestep 864000
Eval episode 38 at timestep 864000
Eval episode 39 at timestep 864000
Eval episode 40 at timestep 864000
Eval episode 41 at timestep 864000
Eval episode 42 at timestep 864000
Eval episode 43 at timestep 864000
Eval episode 44 at timestep 864000
Eval episode 45 at timestep 864000
Eval episode 46 at timestep 864000
Eval episode 47 at timestep 864000
Eval episode 48 at timestep 864000
Eval episode 49 at timestep 864000
-----------------------------------
| rollout/             |          |
|    ep_len_mean       | 75       |
|    ep_rew_mean       | 3.31     |
| time/                |          |
|    episodes          | 2560     |
|    fps               | 1        |
|    time_elapsed      | 116737   |
|    total_timesteps   | 192000   |
| train/               |          |
|    actor_loss        | -2.64    |
|    critic_loss       | 0.00708  |
|    ent_coef          | 0.00104  |
|    ent_coef_loss     | 0.874    |
|    learning_rate     | 0.0003   |
|    n_updates         | 1439970  |
|    noise_critic_loss | 0.0206   |
-----------------------------------
[Step 865200] VLM Score: 3.75, VLM Success: 75.0%, Sim Success: 50.0%
-----------------------------------
| rollout/             |          |
|    ep_len_mean       | 75       |
|    ep_rew_mean       | 3.29     |
| time/                |          |
|    episodes          | 2564     |
|    fps               | 1        |
|    time_elapsed      | 116876   |
|    total_timesteps   | 192300   |
| train/               |          |
|    actor_loss        | -2.64    |
|    critic_loss       | 0.00634  |
|    ent_coef          | 0.00101  |
|    ent_coef_loss     | 0.125    |
|    learning_rate     | 0.0003   |
|    n_updates         | 1442220  |
|    noise_critic_loss | 0.0208   |
-----------------------------------
[Step 866400] VLM Score: 3.25, VLM Success: 25.0%, Sim Success: 25.0%
-----------------------------------
| rollout/             |          |
|    ep_len_mean       | 75       |
|    ep_rew_mean       | 3.28     |
| time/                |          |
|    episodes          | 2568     |
|    fps               | 1        |
|    time_elapsed      | 117014   |
|    total_timesteps   | 192600   |
| train/               |          |
|    actor_loss        | -2.66    |
|    critic_loss       | 0.00658  |
|    ent_coef          | 0.00103  |
|    ent_coef_loss     | -1.07    |
|    learning_rate     | 0.0003   |
|    n_updates         | 1444470  |
|    noise_critic_loss | 0.0199   |
-----------------------------------
[VLM #3850] Task: Pick up the red cube from the table
    Frames: 62, Raw output: .2 seconds><14.2 seconds><15.2 seconds>Task: Pick up the red cube from the table
assistant
ANSWER: 5
    Parsed discrete score: 5/5 → Reward: 0.00
[Step 867600] VLM Score: 3.50, VLM Success: 50.0%, Sim Success: 100.0%
-----------------------------------
| rollout/             |          |
|    ep_len_mean       | 75       |
|    ep_rew_mean       | 3.28     |
| time/                |          |
|    episodes          | 2572     |
|    fps               | 1        |
|    time_elapsed      | 117153   |
|    total_timesteps   | 192900   |
| train/               |          |
|    actor_loss        | -2.62    |
|    critic_loss       | 0.00636  |
|    ent_coef          | 0.00102  |
|    ent_coef_loss     | -0.144   |
|    learning_rate     | 0.0003   |
|    n_updates         | 1446720  |
|    noise_critic_loss | 0.0205   |
-----------------------------------
[Step 868800] VLM Score: 3.00, VLM Success: 25.0%, Sim Success: 25.0%
-----------------------------------
| rollout/             |          |
|    ep_len_mean       | 75       |
|    ep_rew_mean       | 3.25     |
| time/                |          |
|    episodes          | 2576     |
|    fps               | 1        |
|    time_elapsed      | 117291   |
|    total_timesteps   | 193200   |
| train/               |          |
|    actor_loss        | -2.62    |
|    critic_loss       | 0.00643  |
|    ent_coef          | 0.00101  |
|    ent_coef_loss     | 1.11     |
|    learning_rate     | 0.0003   |
|    n_updates         | 1448970  |
|    noise_critic_loss | 0.0196   |
-----------------------------------
[Step 870000] VLM Score: 3.50, VLM Success: 50.0%, Sim Success: 0.0%
-----------------------------------
| rollout/             |          |
|    ep_len_mean       | 75       |
|    ep_rew_mean       | 3.29     |
| time/                |          |
|    episodes          | 2580     |
|    fps               | 1        |
|    time_elapsed      | 117430   |
|    total_timesteps   | 193500   |
| train/               |          |
|    actor_loss        | -2.65    |
|    critic_loss       | 0.00678  |
|    ent_coef          | 0.00104  |
|    ent_coef_loss     | 0.772    |
|    learning_rate     | 0.0003   |
|    n_updates         | 1451220  |
|    noise_critic_loss | 0.02     |
-----------------------------------
[Step 871200] VLM Score: 3.50, VLM Success: 50.0%, Sim Success: 50.0%
-----------------------------------
| rollout/             |          |
|    ep_len_mean       | 75       |
|    ep_rew_mean       | 3.3      |
| time/                |          |
|    episodes          | 2584     |
|    fps               | 1        |
|    time_elapsed      | 117568   |
|    total_timesteps   | 193800   |
| train/               |          |
|    actor_loss        | -2.67    |
|    critic_loss       | 0.00679  |
|    ent_coef          | 0.00104  |
|    ent_coef_loss     | 4.14     |
|    learning_rate     | 0.0003   |
|    n_updates         | 1453470  |
|    noise_critic_loss | 0.0206   |
-----------------------------------
[Step 872400] VLM Score: 3.50, VLM Success: 50.0%, Sim Success: 50.0%
-----------------------------------
| rollout/             |          |
|    ep_len_mean       | 75       |
|    ep_rew_mean       | 3.35     |
| time/                |          |
|    episodes          | 2588     |
|    fps               | 1        |
|    time_elapsed      | 117707   |
|    total_timesteps   | 194100   |
| train/               |          |
|    actor_loss        | -2.63    |
|    critic_loss       | 0.00735  |
|    ent_coef          | 0.00103  |
|    ent_coef_loss     | 0.277    |
|    learning_rate     | 0.0003   |
|    n_updates         | 1455720  |
|    noise_critic_loss | 0.0214   |
-----------------------------------
[Step 873600] VLM Score: 2.75, VLM Success: 25.0%, Sim Success: 50.0%
-----------------------------------
| rollout/             |          |
|    ep_len_mean       | 75       |
|    ep_rew_mean       | 3.34     |
| time/                |          |
|    episodes          | 2592     |
|    fps               | 1        |
|    time_elapsed      | 117845   |
|    total_timesteps   | 194400   |
| train/               |          |
|    actor_loss        | -2.61    |
|    critic_loss       | 0.00723  |
|    ent_coef          | 0.00104  |
|    ent_coef_loss     | -1.05    |
|    learning_rate     | 0.0003   |
|    n_updates         | 1457970  |
|    noise_critic_loss | 0.0199   |
-----------------------------------
[Step 874800] VLM Score: 2.75, VLM Success: 25.0%, Sim Success: 50.0%
-----------------------------------
| rollout/             |          |
|    ep_len_mean       | 75       |
|    ep_rew_mean       | 3.32     |
| time/                |          |
|    episodes          | 2596     |
|    fps               | 1        |
|    time_elapsed      | 117983   |
|    total_timesteps   | 194700   |
| train/               |          |
|    actor_loss        | -2.6     |
|    critic_loss       | 0.00761  |
|    ent_coef          | 0.00102  |
|    ent_coef_loss     | 1.32     |
|    learning_rate     | 0.0003   |
|    n_updates         | 1460220  |
|    noise_critic_loss | 0.0191   |
-----------------------------------
[Step 876000] VLM Score: 2.75, VLM Success: 0.0%, Sim Success: 25.0%
-----------------------------------
| rollout/             |          |
|    ep_len_mean       | 75       |
|    ep_rew_mean       | 3.34     |
| time/                |          |
|    episodes          | 2600     |
|    fps               | 1        |
|    time_elapsed      | 118119   |
|    total_timesteps   | 195000   |
| train/               |          |
|    actor_loss        | -2.6     |
|    critic_loss       | 0.00691  |
|    ent_coef          | 0.00103  |
|    ent_coef_loss     | -1.24    |
|    learning_rate     | 0.0003   |
|    n_updates         | 1462470  |
|    noise_critic_loss | 0.0212   |
-----------------------------------
[Step 877200] VLM Score: 3.00, VLM Success: 25.0%, Sim Success: 25.0%
-----------------------------------
| rollout/             |          |
|    ep_len_mean       | 75       |
|    ep_rew_mean       | 3.31     |
| time/                |          |
|    episodes          | 2604     |
|    fps               | 1        |
|    time_elapsed      | 118256   |
|    total_timesteps   | 195300   |
| train/               |          |
|    actor_loss        | -2.65    |
|    critic_loss       | 0.0074   |
|    ent_coef          | 0.00104  |
|    ent_coef_loss     | 1.91     |
|    learning_rate     | 0.0003   |
|    n_updates         | 1464720  |
|    noise_critic_loss | 0.0201   |
-----------------------------------
[Step 878400] VLM Score: 3.00, VLM Success: 25.0%, Sim Success: 50.0%
-----------------------------------
| rollout/             |          |
|    ep_len_mean       | 75       |
|    ep_rew_mean       | 3.29     |
| time/                |          |
|    episodes          | 2608     |
|    fps               | 1        |
|    time_elapsed      | 118393   |
|    total_timesteps   | 195600   |
| train/               |          |
|    actor_loss        | -2.63    |
|    critic_loss       | 0.00735  |
|    ent_coef          | 0.00104  |
|    ent_coef_loss     | -0.898   |
|    learning_rate     | 0.0003   |
|    n_updates         | 1466970  |
|    noise_critic_loss | 0.0201   |
-----------------------------------
[Step 879600] VLM Score: 3.75, VLM Success: 75.0%, Sim Success: 0.0%
-----------------------------------
| rollout/             |          |
|    ep_len_mean       | 75       |
|    ep_rew_mean       | 3.28     |
| time/                |          |
|    episodes          | 2612     |
|    fps               | 1        |
|    time_elapsed      | 118532   |
|    total_timesteps   | 195900   |
| train/               |          |
|    actor_loss        | -2.6     |
|    critic_loss       | 0.00675  |
|    ent_coef          | 0.00103  |
|    ent_coef_loss     | 2.11     |
|    learning_rate     | 0.0003   |
|    n_updates         | 1469220  |
|    noise_critic_loss | 0.02     |
-----------------------------------
[Step 880800] VLM Score: 3.50, VLM Success: 50.0%, Sim Success: 50.0%
-----------------------------------
| rollout/             |          |
|    ep_len_mean       | 75       |
|    ep_rew_mean       | 3.25     |
| time/                |          |
|    episodes          | 2616     |
|    fps               | 1        |
|    time_elapsed      | 118671   |
|    total_timesteps   | 196200   |
| train/               |          |
|    actor_loss        | -2.63    |
|    critic_loss       | 0.00677  |
|    ent_coef          | 0.00104  |
|    ent_coef_loss     | -3.06    |
|    learning_rate     | 0.0003   |
|    n_updates         | 1471470  |
|    noise_critic_loss | 0.0196   |
-----------------------------------
[VLM #3900] Task: Pick up the red cube from the table
    Frames: 62, Raw output: .2 seconds><14.2 seconds><15.2 seconds>Task: Pick up the red cube from the table
assistant
ANSWER: 2
    Parsed discrete score: 2/5 → Reward: -0.75
[Step 882000] VLM Score: 2.75, VLM Success: 25.0%, Sim Success: 25.0%
-----------------------------------
| rollout/             |          |
|    ep_len_mean       | 75       |
|    ep_rew_mean       | 3.21     |
| time/                |          |
|    episodes          | 2620     |
|    fps               | 1        |
|    time_elapsed      | 118809   |
|    total_timesteps   | 196500   |
| train/               |          |
|    actor_loss        | -2.67    |
|    critic_loss       | 0.00618  |
|    ent_coef          | 0.00104  |
|    ent_coef_loss     | 0.739    |
|    learning_rate     | 0.0003   |
|    n_updates         | 1473720  |
|    noise_critic_loss | 0.0203   |
-----------------------------------
[Step 883200] VLM Score: 2.75, VLM Success: 25.0%, Sim Success: 50.0%
-----------------------------------
| rollout/             |          |
|    ep_len_mean       | 75       |
|    ep_rew_mean       | 3.18     |
| time/                |          |
|    episodes          | 2624     |
|    fps               | 1        |
|    time_elapsed      | 118949   |
|    total_timesteps   | 196800   |
| train/               |          |
|    actor_loss        | -2.64    |
|    critic_loss       | 0.0067   |
|    ent_coef          | 0.00104  |
|    ent_coef_loss     | 0.423    |
|    learning_rate     | 0.0003   |
|    n_updates         | 1475970  |
|    noise_critic_loss | 0.0187   |
-----------------------------------
[Step 884400] VLM Score: 3.50, VLM Success: 50.0%, Sim Success: 0.0%
-----------------------------------
| rollout/             |          |
|    ep_len_mean       | 75       |
|    ep_rew_mean       | 3.22     |
| time/                |          |
|    episodes          | 2628     |
|    fps               | 1        |
|    time_elapsed      | 119087   |
|    total_timesteps   | 197100   |
| train/               |          |
|    actor_loss        | -2.66    |
|    critic_loss       | 0.00625  |
|    ent_coef          | 0.00103  |
|    ent_coef_loss     | 0.346    |
|    learning_rate     | 0.0003   |
|    n_updates         | 1478220  |
|    noise_critic_loss | 0.0196   |
-----------------------------------
[Step 885600] VLM Score: 2.75, VLM Success: 25.0%, Sim Success: 25.0%
-----------------------------------
| rollout/             |          |
|    ep_len_mean       | 75       |
|    ep_rew_mean       | 3.23     |
| time/                |          |
|    episodes          | 2632     |
|    fps               | 1        |
|    time_elapsed      | 119225   |
|    total_timesteps   | 197400   |
| train/               |          |
|    actor_loss        | -2.65    |
|    critic_loss       | 0.00677  |
|    ent_coef          | 0.00103  |
|    ent_coef_loss     | -0.0879  |
|    learning_rate     | 0.0003   |
|    n_updates         | 1480470  |
|    noise_critic_loss | 0.0187   |
-----------------------------------
[Step 886800] VLM Score: 2.50, VLM Success: 25.0%, Sim Success: 50.0%
-----------------------------------
| rollout/             |          |
|    ep_len_mean       | 75       |
|    ep_rew_mean       | 3.24     |
| time/                |          |
|    episodes          | 2636     |
|    fps               | 1        |
|    time_elapsed      | 119364   |
|    total_timesteps   | 197700   |
| train/               |          |
|    actor_loss        | -2.65    |
|    critic_loss       | 0.00709  |
|    ent_coef          | 0.00103  |
|    ent_coef_loss     | 3.89     |
|    learning_rate     | 0.0003   |
|    n_updates         | 1482720  |
|    noise_critic_loss | 0.0195   |
-----------------------------------
[Step 888000] VLM Score: 2.50, VLM Success: 25.0%, Sim Success: 50.0%
-----------------------------------
| rollout/             |          |
|    ep_len_mean       | 75       |
|    ep_rew_mean       | 3.22     |
| time/                |          |
|    episodes          | 2640     |
|    fps               | 1        |
|    time_elapsed      | 119503   |
|    total_timesteps   | 198000   |
| train/               |          |
|    actor_loss        | -2.68    |
|    critic_loss       | 0.00639  |
|    ent_coef          | 0.00102  |
|    ent_coef_loss     | -0.632   |
|    learning_rate     | 0.0003   |
|    n_updates         | 1484970  |
|    noise_critic_loss | 0.0192   |
-----------------------------------
[Step 889200] VLM Score: 2.25, VLM Success: 0.0%, Sim Success: 50.0%
-----------------------------------
| rollout/             |          |
|    ep_len_mean       | 75       |
|    ep_rew_mean       | 3.15     |
| time/                |          |
|    episodes          | 2644     |
|    fps               | 1        |
|    time_elapsed      | 119641   |
|    total_timesteps   | 198300   |
| train/               |          |
|    actor_loss        | -2.62    |
|    critic_loss       | 0.00686  |
|    ent_coef          | 0.001    |
|    ent_coef_loss     | 1.83     |
|    learning_rate     | 0.0003   |
|    n_updates         | 1487220  |
|    noise_critic_loss | 0.0197   |
-----------------------------------
[Step 890400] VLM Score: 3.50, VLM Success: 50.0%, Sim Success: 75.0%
-----------------------------------
| rollout/             |          |
|    ep_len_mean       | 75       |
|    ep_rew_mean       | 3.11     |
| time/                |          |
|    episodes          | 2648     |
|    fps               | 1        |
|    time_elapsed      | 119780   |
|    total_timesteps   | 198600   |
| train/               |          |
|    actor_loss        | -2.66    |
|    critic_loss       | 0.00632  |
|    ent_coef          | 0.00104  |
|    ent_coef_loss     | -2.18    |
|    learning_rate     | 0.0003   |
|    n_updates         | 1489470  |
|    noise_critic_loss | 0.0206   |
-----------------------------------
[Step 891600] VLM Score: 3.50, VLM Success: 50.0%, Sim Success: 50.0%
-----------------------------------
| rollout/             |          |
|    ep_len_mean       | 75       |
|    ep_rew_mean       | 3.13     |
| time/                |          |
|    episodes          | 2652     |
|    fps               | 1        |
|    time_elapsed      | 119917   |
|    total_timesteps   | 198900   |
| train/               |          |
|    actor_loss        | -2.64    |
|    critic_loss       | 0.00654  |
|    ent_coef          | 0.00102  |
|    ent_coef_loss     | 0.627    |
|    learning_rate     | 0.0003   |
|    n_updates         | 1491720  |
|    noise_critic_loss | 0.0192   |
-----------------------------------
[Step 892800] VLM Score: 2.25, VLM Success: 0.0%, Sim Success: 50.0%
-----------------------------------
| rollout/             |          |
|    ep_len_mean       | 75       |
|    ep_rew_mean       | 3.1      |
| time/                |          |
|    episodes          | 2656     |
|    fps               | 1        |
|    time_elapsed      | 120056   |
|    total_timesteps   | 199200   |
| train/               |          |
|    actor_loss        | -2.66    |
|    critic_loss       | 0.00669  |
|    ent_coef          | 0.00101  |
|    ent_coef_loss     | -1.13    |
|    learning_rate     | 0.0003   |
|    n_updates         | 1493970  |
|    noise_critic_loss | 0.0205   |
-----------------------------------
[Step 894000] VLM Score: 3.00, VLM Success: 25.0%, Sim Success: 25.0%
-----------------------------------
| rollout/             |          |
|    ep_len_mean       | 75       |
|    ep_rew_mean       | 3.07     |
| time/                |          |
|    episodes          | 2660     |
|    fps               | 1        |
|    time_elapsed      | 120193   |
|    total_timesteps   | 199500   |
| train/               |          |
|    actor_loss        | -2.7     |
|    critic_loss       | 0.00693  |
|    ent_coef          | 0.00101  |
|    ent_coef_loss     | -1.07    |
|    learning_rate     | 0.0003   |
|    n_updates         | 1496220  |
|    noise_critic_loss | 0.0201   |
-----------------------------------
[Step 895200] VLM Score: 3.75, VLM Success: 50.0%, Sim Success: 0.0%
-----------------------------------
| rollout/             |          |
|    ep_len_mean       | 75       |
|    ep_rew_mean       | 3.07     |
| time/                |          |
|    episodes          | 2664     |
|    fps               | 1        |
|    time_elapsed      | 120330   |
|    total_timesteps   | 199800   |
| train/               |          |
|    actor_loss        | -2.66    |
|    critic_loss       | 0.00685  |
|    ent_coef          | 0.00101  |
|    ent_coef_loss     | 1.06     |
|    learning_rate     | 0.0003   |
|    n_updates         | 1498470  |
|    noise_critic_loss | 0.0198   |
-----------------------------------
[Step 896400] VLM Score: 2.75, VLM Success: 25.0%, Sim Success: 100.0%
-----------------------------------
| rollout/             |          |
|    ep_len_mean       | 75       |
|    ep_rew_mean       | 3.05     |
| time/                |          |
|    episodes          | 2668     |
|    fps               | 1        |
|    time_elapsed      | 120470   |
|    total_timesteps   | 200100   |
| train/               |          |
|    actor_loss        | -2.62    |
|    critic_loss       | 0.00689  |
|    ent_coef          | 0.00101  |
|    ent_coef_loss     | -0.161   |
|    learning_rate     | 0.0003   |
|    n_updates         | 1500720  |
|    noise_critic_loss | 0.0192   |
-----------------------------------
[VLM #3950] Task: Pick up the red cube from the table
    Frames: 62, Raw output: .2 seconds><14.2 seconds><15.2 seconds>Task: Pick up the red cube from the table
assistant
ANSWER: 3
    Parsed discrete score: 3/5 → Reward: -0.50
[Step 897600] VLM Score: 3.50, VLM Success: 50.0%, Sim Success: 25.0%
-----------------------------------
| rollout/             |          |
|    ep_len_mean       | 75       |
|    ep_rew_mean       | 3.05     |
| time/                |          |
|    episodes          | 2672     |
|    fps               | 1        |
|    time_elapsed      | 120607   |
|    total_timesteps   | 200400   |
| train/               |          |
|    actor_loss        | -2.65    |
|    critic_loss       | 0.00688  |
|    ent_coef          | 0.00103  |
|    ent_coef_loss     | -0.348   |
|    learning_rate     | 0.0003   |
|    n_updates         | 1502970  |
|    noise_critic_loss | 0.0187   |
-----------------------------------
[Step 898800] VLM Score: 3.50, VLM Success: 50.0%, Sim Success: 25.0%
-----------------------------------
| rollout/             |          |
|    ep_len_mean       | 75       |
|    ep_rew_mean       | 3.07     |
| time/                |          |
|    episodes          | 2676     |
|    fps               | 1        |
|    time_elapsed      | 120746   |
|    total_timesteps   | 200700   |
| train/               |          |
|    actor_loss        | -2.66    |
|    critic_loss       | 0.0077   |
|    ent_coef          | 0.00103  |
|    ent_coef_loss     | -0.643   |
|    learning_rate     | 0.0003   |
|    n_updates         | 1505220  |
|    noise_critic_loss | 0.0184   |
-----------------------------------
[Step 900000] VLM Score: 2.25, VLM Success: 0.0%, Sim Success: 25.0%
-----------------------------------
| rollout/             |          |
|    ep_len_mean       | 75       |
|    ep_rew_mean       | 3.02     |
| time/                |          |
|    episodes          | 2680     |
|    fps               | 1        |
|    time_elapsed      | 120884   |
|    total_timesteps   | 201000   |
| train/               |          |
|    actor_loss        | -2.66    |
|    critic_loss       | 0.00646  |
|    ent_coef          | 0.00105  |
|    ent_coef_loss     | -0.538   |
|    learning_rate     | 0.0003   |
|    n_updates         | 1507470  |
|    noise_critic_loss | 0.0208   |
-----------------------------------
[Step 901200] VLM Score: 3.25, VLM Success: 25.0%, Sim Success: 75.0%
-----------------------------------
| rollout/             |          |
|    ep_len_mean       | 75       |
|    ep_rew_mean       | 3.01     |
| time/                |          |
|    episodes          | 2684     |
|    fps               | 1        |
|    time_elapsed      | 121022   |
|    total_timesteps   | 201300   |
| train/               |          |
|    actor_loss        | -2.64    |
|    critic_loss       | 0.00709  |
|    ent_coef          | 0.00105  |
|    ent_coef_loss     | -2.78    |
|    learning_rate     | 0.0003   |
|    n_updates         | 1509720  |
|    noise_critic_loss | 0.0192   |
-----------------------------------
[Step 902400] VLM Score: 3.25, VLM Success: 50.0%, Sim Success: 25.0%
-----------------------------------
| rollout/             |          |
|    ep_len_mean       | 75       |
|    ep_rew_mean       | 3        |
| time/                |          |
|    episodes          | 2688     |
|    fps               | 1        |
|    time_elapsed      | 121159   |
|    total_timesteps   | 201600   |
| train/               |          |
|    actor_loss        | -2.67    |
|    critic_loss       | 0.00727  |
|    ent_coef          | 0.00104  |
|    ent_coef_loss     | -0.763   |
|    learning_rate     | 0.0003   |
|    n_updates         | 1511970  |
|    noise_critic_loss | 0.021    |
-----------------------------------
[Step 903600] VLM Score: 2.75, VLM Success: 25.0%, Sim Success: 75.0%
-----------------------------------
| rollout/             |          |
|    ep_len_mean       | 75       |
|    ep_rew_mean       | 3        |
| time/                |          |
|    episodes          | 2692     |
|    fps               | 1        |
|    time_elapsed      | 121296   |
|    total_timesteps   | 201900   |
| train/               |          |
|    actor_loss        | -2.66    |
|    critic_loss       | 0.00701  |
|    ent_coef          | 0.00104  |
|    ent_coef_loss     | 1.77     |
|    learning_rate     | 0.0003   |
|    n_updates         | 1514220  |
|    noise_critic_loss | 0.019    |
-----------------------------------
[Step 904800] VLM Score: 3.25, VLM Success: 50.0%, Sim Success: 25.0%
-----------------------------------
| rollout/             |          |
|    ep_len_mean       | 75       |
|    ep_rew_mean       | 3.02     |
| time/                |          |
|    episodes          | 2696     |
|    fps               | 1        |
|    time_elapsed      | 121433   |
|    total_timesteps   | 202200   |
| train/               |          |
|    actor_loss        | -2.67    |
|    critic_loss       | 0.00713  |
|    ent_coef          | 0.00105  |
|    ent_coef_loss     | 0.883    |
|    learning_rate     | 0.0003   |
|    n_updates         | 1516470  |
|    noise_critic_loss | 0.02     |
-----------------------------------
[Step 906000] VLM Score: 4.00, VLM Success: 75.0%, Sim Success: 50.0%
-----------------------------------
| rollout/             |          |
|    ep_len_mean       | 75       |
|    ep_rew_mean       | 3.07     |
| time/                |          |
|    episodes          | 2700     |
|    fps               | 1        |
|    time_elapsed      | 121571   |
|    total_timesteps   | 202500   |
| train/               |          |
|    actor_loss        | -2.68    |
|    critic_loss       | 0.00613  |
|    ent_coef          | 0.00103  |
|    ent_coef_loss     | -1.73    |
|    learning_rate     | 0.0003   |
|    n_updates         | 1518720  |
|    noise_critic_loss | 0.0189   |
-----------------------------------
[Step 907200] VLM Score: 3.00, VLM Success: 25.0%, Sim Success: 50.0%
-----------------------------------
| rollout/             |          |
|    ep_len_mean       | 75       |
|    ep_rew_mean       | 3.07     |
| time/                |          |
|    episodes          | 2704     |
|    fps               | 1        |
|    time_elapsed      | 121709   |
|    total_timesteps   | 202800   |
| train/               |          |
|    actor_loss        | -2.62    |
|    critic_loss       | 0.00661  |
|    ent_coef          | 0.00103  |
|    ent_coef_loss     | 2.41     |
|    learning_rate     | 0.0003   |
|    n_updates         | 1520970  |
|    noise_critic_loss | 0.0213   |
-----------------------------------
[Step 908400] VLM Score: 3.00, VLM Success: 25.0%, Sim Success: 50.0%
-----------------------------------
| rollout/             |          |
|    ep_len_mean       | 75       |
|    ep_rew_mean       | 3.07     |
| time/                |          |
|    episodes          | 2708     |
|    fps               | 1        |
|    time_elapsed      | 121847   |
|    total_timesteps   | 203100   |
| train/               |          |
|    actor_loss        | -2.66    |
|    critic_loss       | 0.00729  |
|    ent_coef          | 0.00103  |
|    ent_coef_loss     | 0.374    |
|    learning_rate     | 0.0003   |
|    n_updates         | 1523220  |
|    noise_critic_loss | 0.0192   |
-----------------------------------
[Step 909600] VLM Score: 3.75, VLM Success: 50.0%, Sim Success: 50.0%
-----------------------------------
| rollout/             |          |
|    ep_len_mean       | 75       |
|    ep_rew_mean       | 3.07     |
| time/                |          |
|    episodes          | 2712     |
|    fps               | 1        |
|    time_elapsed      | 121985   |
|    total_timesteps   | 203400   |
| train/               |          |
|    actor_loss        | -2.64    |
|    critic_loss       | 0.00634  |
|    ent_coef          | 0.00104  |
|    ent_coef_loss     | -1.89    |
|    learning_rate     | 0.0003   |
|    n_updates         | 1525470  |
|    noise_critic_loss | 0.019    |
-----------------------------------
[Step 910800] VLM Score: 3.75, VLM Success: 75.0%, Sim Success: 25.0%
-----------------------------------
| rollout/             |          |
|    ep_len_mean       | 75       |
|    ep_rew_mean       | 3.08     |
| time/                |          |
|    episodes          | 2716     |
|    fps               | 1        |
|    time_elapsed      | 122123   |
|    total_timesteps   | 203700   |
| train/               |          |
|    actor_loss        | -2.67    |
|    critic_loss       | 0.00678  |
|    ent_coef          | 0.00105  |
|    ent_coef_loss     | -2.83    |
|    learning_rate     | 0.0003   |
|    n_updates         | 1527720  |
|    noise_critic_loss | 0.0208   |
-----------------------------------
[VLM #4000] Task: Pick up the red cube from the table
    Frames: 62, Raw output: .2 seconds><14.2 seconds><15.2 seconds>Task: Pick up the red cube from the table
assistant
ANSWER: 3
    Parsed discrete score: 3/5 → Reward: -0.50
[Step 912000] VLM Score: 4.25, VLM Success: 75.0%, Sim Success: 50.0%
Eval episode 0 at timestep 912000
Eval episode 1 at timestep 912000
Eval episode 2 at timestep 912000
Eval episode 3 at timestep 912000
Eval episode 4 at timestep 912000
Eval episode 5 at timestep 912000
Eval episode 6 at timestep 912000
Eval episode 7 at timestep 912000
Eval episode 8 at timestep 912000
Eval episode 9 at timestep 912000
Eval episode 10 at timestep 912000
Eval episode 11 at timestep 912000
Eval episode 12 at timestep 912000
Eval episode 13 at timestep 912000
Eval episode 14 at timestep 912000
Eval episode 15 at timestep 912000
Eval episode 16 at timestep 912000
Eval episode 17 at timestep 912000
Eval episode 18 at timestep 912000
Eval episode 19 at timestep 912000
Eval episode 20 at timestep 912000
Eval episode 21 at timestep 912000
Eval episode 22 at timestep 912000
Eval episode 23 at timestep 912000
Eval episode 24 at timestep 912000
Eval episode 25 at timestep 912000
Eval episode 26 at timestep 912000
Eval episode 27 at timestep 912000
Eval episode 28 at timestep 912000
Eval episode 29 at timestep 912000
Eval episode 30 at timestep 912000
Eval episode 31 at timestep 912000
Eval episode 32 at timestep 912000
Eval episode 33 at timestep 912000
Eval episode 34 at timestep 912000
Eval episode 35 at timestep 912000
Eval episode 36 at timestep 912000
Eval episode 37 at timestep 912000
Eval episode 38 at timestep 912000
Eval episode 39 at timestep 912000
Eval episode 40 at timestep 912000
Eval episode 41 at timestep 912000
Eval episode 42 at timestep 912000
Eval episode 43 at timestep 912000
Eval episode 44 at timestep 912000
Eval episode 45 at timestep 912000
Eval episode 46 at timestep 912000
Eval episode 47 at timestep 912000
Eval episode 48 at timestep 912000
Eval episode 49 at timestep 912000
-----------------------------------
| rollout/             |          |
|    ep_len_mean       | 75       |
|    ep_rew_mean       | 3.14     |
| time/                |          |
|    episodes          | 2720     |
|    fps               | 1        |
|    time_elapsed      | 124040   |
|    total_timesteps   | 204000   |
| train/               |          |
|    actor_loss        | -2.63    |
|    critic_loss       | 0.00659  |
|    ent_coef          | 0.00102  |
|    ent_coef_loss     | 0.202    |
|    learning_rate     | 0.0003   |
|    n_updates         | 1529970  |
|    noise_critic_loss | 0.0196   |
-----------------------------------
[Step 913200] VLM Score: 2.00, VLM Success: 0.0%, Sim Success: 50.0%
-----------------------------------
| rollout/             |          |
|    ep_len_mean       | 75       |
|    ep_rew_mean       | 3.11     |
| time/                |          |
|    episodes          | 2724     |
|    fps               | 1        |
|    time_elapsed      | 124178   |
|    total_timesteps   | 204300   |
| train/               |          |
|    actor_loss        | -2.69    |
|    critic_loss       | 0.0067   |
|    ent_coef          | 0.00104  |
|    ent_coef_loss     | 0.546    |
|    learning_rate     | 0.0003   |
|    n_updates         | 1532220  |
|    noise_critic_loss | 0.0197   |
-----------------------------------
[Step 914400] VLM Score: 3.25, VLM Success: 50.0%, Sim Success: 75.0%
-----------------------------------
| rollout/             |          |
|    ep_len_mean       | 75       |
|    ep_rew_mean       | 3.1      |
| time/                |          |
|    episodes          | 2728     |
|    fps               | 1        |
|    time_elapsed      | 124316   |
|    total_timesteps   | 204600   |
| train/               |          |
|    actor_loss        | -2.65    |
|    critic_loss       | 0.00618  |
|    ent_coef          | 0.00103  |
|    ent_coef_loss     | -2.94    |
|    learning_rate     | 0.0003   |
|    n_updates         | 1534470  |
|    noise_critic_loss | 0.0198   |
-----------------------------------
[Step 915600] VLM Score: 2.75, VLM Success: 25.0%, Sim Success: 50.0%
-----------------------------------
| rollout/             |          |
|    ep_len_mean       | 75       |
|    ep_rew_mean       | 3.1      |
| time/                |          |
|    episodes          | 2732     |
|    fps               | 1        |
|    time_elapsed      | 124454   |
|    total_timesteps   | 204900   |
| train/               |          |
|    actor_loss        | -2.68    |
|    critic_loss       | 0.00666  |
|    ent_coef          | 0.00104  |
|    ent_coef_loss     | 1.68     |
|    learning_rate     | 0.0003   |
|    n_updates         | 1536720  |
|    noise_critic_loss | 0.0203   |
-----------------------------------
[Step 916800] VLM Score: 3.00, VLM Success: 25.0%, Sim Success: 25.0%
-----------------------------------
| rollout/             |          |
|    ep_len_mean       | 75       |
|    ep_rew_mean       | 3.12     |
| time/                |          |
|    episodes          | 2736     |
|    fps               | 1        |
|    time_elapsed      | 124591   |
|    total_timesteps   | 205200   |
| train/               |          |
|    actor_loss        | -2.66    |
|    critic_loss       | 0.00715  |
|    ent_coef          | 0.00104  |
|    ent_coef_loss     | 1.35     |
|    learning_rate     | 0.0003   |
|    n_updates         | 1538970  |
|    noise_critic_loss | 0.0188   |
-----------------------------------
[Step 918000] VLM Score: 3.25, VLM Success: 50.0%, Sim Success: 75.0%
-----------------------------------
| rollout/             |          |
|    ep_len_mean       | 75       |
|    ep_rew_mean       | 3.15     |
| time/                |          |
|    episodes          | 2740     |
|    fps               | 1        |
|    time_elapsed      | 124729   |
|    total_timesteps   | 205500   |
| train/               |          |
|    actor_loss        | -2.68    |
|    critic_loss       | 0.0072   |
|    ent_coef          | 0.00104  |
|    ent_coef_loss     | -0.956   |
|    learning_rate     | 0.0003   |
|    n_updates         | 1541220  |
|    noise_critic_loss | 0.0197   |
-----------------------------------
[Step 919200] VLM Score: 2.25, VLM Success: 0.0%, Sim Success: 0.0%
-----------------------------------
| rollout/             |          |
|    ep_len_mean       | 75       |
|    ep_rew_mean       | 3.15     |
| time/                |          |
|    episodes          | 2744     |
|    fps               | 1        |
|    time_elapsed      | 124866   |
|    total_timesteps   | 205800   |
| train/               |          |
|    actor_loss        | -2.68    |
|    critic_loss       | 0.0072   |
|    ent_coef          | 0.00106  |
|    ent_coef_loss     | 0.528    |
|    learning_rate     | 0.0003   |
|    n_updates         | 1543470  |
|    noise_critic_loss | 0.0216   |
-----------------------------------
[Step 920400] VLM Score: 3.00, VLM Success: 25.0%, Sim Success: 50.0%
-----------------------------------
| rollout/             |          |
|    ep_len_mean       | 75       |
|    ep_rew_mean       | 3.13     |
| time/                |          |
|    episodes          | 2748     |
|    fps               | 1        |
|    time_elapsed      | 125004   |
|    total_timesteps   | 206100   |
| train/               |          |
|    actor_loss        | -2.67    |
|    critic_loss       | 0.00669  |
|    ent_coef          | 0.00107  |
|    ent_coef_loss     | -0.0406  |
|    learning_rate     | 0.0003   |
|    n_updates         | 1545720  |
|    noise_critic_loss | 0.0202   |
-----------------------------------
[Step 921600] VLM Score: 3.50, VLM Success: 50.0%, Sim Success: 25.0%
-----------------------------------
| rollout/             |          |
|    ep_len_mean       | 75       |
|    ep_rew_mean       | 3.13     |
| time/                |          |
|    episodes          | 2752     |
|    fps               | 1        |
|    time_elapsed      | 125142   |
|    total_timesteps   | 206400   |
| train/               |          |
|    actor_loss        | -2.67    |
|    critic_loss       | 0.00682  |
|    ent_coef          | 0.00106  |
|    ent_coef_loss     | 1.24     |
|    learning_rate     | 0.0003   |
|    n_updates         | 1547970  |
|    noise_critic_loss | 0.0195   |
-----------------------------------
[Step 922800] VLM Score: 2.75, VLM Success: 25.0%, Sim Success: 25.0%
-----------------------------------
| rollout/             |          |
|    ep_len_mean       | 75       |
|    ep_rew_mean       | 3.15     |
| time/                |          |
|    episodes          | 2756     |
|    fps               | 1        |
|    time_elapsed      | 125280   |
|    total_timesteps   | 206700   |
| train/               |          |
|    actor_loss        | -2.63    |
|    critic_loss       | 0.00643  |
|    ent_coef          | 0.00106  |
|    ent_coef_loss     | 1.33     |
|    learning_rate     | 0.0003   |
|    n_updates         | 1550220  |
|    noise_critic_loss | 0.0195   |
-----------------------------------
[Step 924000] VLM Score: 2.00, VLM Success: 0.0%, Sim Success: 75.0%
-----------------------------------
| rollout/             |          |
|    ep_len_mean       | 75       |
|    ep_rew_mean       | 3.11     |
| time/                |          |
|    episodes          | 2760     |
|    fps               | 1        |
|    time_elapsed      | 125419   |
|    total_timesteps   | 207000   |
| train/               |          |
|    actor_loss        | -2.7     |
|    critic_loss       | 0.00703  |
|    ent_coef          | 0.00104  |
|    ent_coef_loss     | 0.661    |
|    learning_rate     | 0.0003   |
|    n_updates         | 1552470  |
|    noise_critic_loss | 0.0202   |
-----------------------------------
[Step 925200] VLM Score: 2.75, VLM Success: 25.0%, Sim Success: 75.0%
-----------------------------------
| rollout/             |          |
|    ep_len_mean       | 75       |
|    ep_rew_mean       | 3.07     |
| time/                |          |
|    episodes          | 2764     |
|    fps               | 1        |
|    time_elapsed      | 125558   |
|    total_timesteps   | 207300   |
| train/               |          |
|    actor_loss        | -2.65    |
|    critic_loss       | 0.00661  |
|    ent_coef          | 0.00104  |
|    ent_coef_loss     | 0.137    |
|    learning_rate     | 0.0003   |
|    n_updates         | 1554720  |
|    noise_critic_loss | 0.0189   |
-----------------------------------
[Step 926400] VLM Score: 3.25, VLM Success: 25.0%, Sim Success: 25.0%
-----------------------------------
| rollout/             |          |
|    ep_len_mean       | 75       |
|    ep_rew_mean       | 3.09     |
| time/                |          |
|    episodes          | 2768     |
|    fps               | 1        |
|    time_elapsed      | 125697   |
|    total_timesteps   | 207600   |
| train/               |          |
|    actor_loss        | -2.66    |
|    critic_loss       | 0.00627  |
|    ent_coef          | 0.00103  |
|    ent_coef_loss     | -0.95    |
|    learning_rate     | 0.0003   |
|    n_updates         | 1556970  |
|    noise_critic_loss | 0.0192   |
-----------------------------------
[VLM #4050] Task: Pick up the red cube from the table
    Frames: 62, Raw output: .2 seconds><14.2 seconds><15.2 seconds>Task: Pick up the red cube from the table
assistant
ANSWER: 2
    Parsed discrete score: 2/5 → Reward: -0.75
[Step 927600] VLM Score: 2.00, VLM Success: 0.0%, Sim Success: 50.0%
-----------------------------------
| rollout/             |          |
|    ep_len_mean       | 75       |
|    ep_rew_mean       | 3.03     |
| time/                |          |
|    episodes          | 2772     |
|    fps               | 1        |
|    time_elapsed      | 125835   |
|    total_timesteps   | 207900   |
| train/               |          |
|    actor_loss        | -2.63    |
|    critic_loss       | 0.00619  |
|    ent_coef          | 0.00106  |
|    ent_coef_loss     | 0.186    |
|    learning_rate     | 0.0003   |
|    n_updates         | 1559220  |
|    noise_critic_loss | 0.0196   |
-----------------------------------
[Step 928800] VLM Score: 3.00, VLM Success: 25.0%, Sim Success: 0.0%
-----------------------------------
| rollout/             |          |
|    ep_len_mean       | 75       |
|    ep_rew_mean       | 3.01     |
| time/                |          |
|    episodes          | 2776     |
|    fps               | 1        |
|    time_elapsed      | 125973   |
|    total_timesteps   | 208200   |
| train/               |          |
|    actor_loss        | -2.67    |
|    critic_loss       | 0.00634  |
|    ent_coef          | 0.00105  |
|    ent_coef_loss     | 1.64     |
|    learning_rate     | 0.0003   |
|    n_updates         | 1561470  |
|    noise_critic_loss | 0.019    |
-----------------------------------
[Step 930000] VLM Score: 2.25, VLM Success: 0.0%, Sim Success: 25.0%
-----------------------------------
| rollout/             |          |
|    ep_len_mean       | 75       |
|    ep_rew_mean       | 3.01     |
| time/                |          |
|    episodes          | 2780     |
|    fps               | 1        |
|    time_elapsed      | 126112   |
|    total_timesteps   | 208500   |
| train/               |          |
|    actor_loss        | -2.63    |
|    critic_loss       | 0.00644  |
|    ent_coef          | 0.00105  |
|    ent_coef_loss     | -0.284   |
|    learning_rate     | 0.0003   |
|    n_updates         | 1563720  |
|    noise_critic_loss | 0.02     |
-----------------------------------
[Step 931200] VLM Score: 3.00, VLM Success: 50.0%, Sim Success: 0.0%
-----------------------------------
| rollout/             |          |
|    ep_len_mean       | 75       |
|    ep_rew_mean       | 3        |
| time/                |          |
|    episodes          | 2784     |
|    fps               | 1        |
|    time_elapsed      | 126251   |
|    total_timesteps   | 208800   |
| train/               |          |
|    actor_loss        | -2.66    |
|    critic_loss       | 0.00709  |
|    ent_coef          | 0.00104  |
|    ent_coef_loss     | -1.51    |
|    learning_rate     | 0.0003   |
|    n_updates         | 1565970  |
|    noise_critic_loss | 0.0187   |
-----------------------------------
[Step 932400] VLM Score: 3.50, VLM Success: 50.0%, Sim Success: 50.0%
-----------------------------------
| rollout/             |          |
|    ep_len_mean       | 75       |
|    ep_rew_mean       | 3.01     |
| time/                |          |
|    episodes          | 2788     |
|    fps               | 1        |
|    time_elapsed      | 126390   |
|    total_timesteps   | 209100   |
| train/               |          |
|    actor_loss        | -2.67    |
|    critic_loss       | 0.00683  |
|    ent_coef          | 0.00104  |
|    ent_coef_loss     | -1.17    |
|    learning_rate     | 0.0003   |
|    n_updates         | 1568220  |
|    noise_critic_loss | 0.0193   |
-----------------------------------
[Step 933600] VLM Score: 2.00, VLM Success: 0.0%, Sim Success: 50.0%
-----------------------------------
| rollout/             |          |
|    ep_len_mean       | 75       |
|    ep_rew_mean       | 2.98     |
| time/                |          |
|    episodes          | 2792     |
|    fps               | 1        |
|    time_elapsed      | 126530   |
|    total_timesteps   | 209400   |
| train/               |          |
|    actor_loss        | -2.72    |
|    critic_loss       | 0.00683  |
|    ent_coef          | 0.00103  |
|    ent_coef_loss     | -0.389   |
|    learning_rate     | 0.0003   |
|    n_updates         | 1570470  |
|    noise_critic_loss | 0.0179   |
-----------------------------------
[Step 934800] VLM Score: 3.00, VLM Success: 50.0%, Sim Success: 0.0%
-----------------------------------
| rollout/             |          |
|    ep_len_mean       | 75       |
|    ep_rew_mean       | 2.97     |
| time/                |          |
|    episodes          | 2796     |
|    fps               | 1        |
|    time_elapsed      | 126667   |
|    total_timesteps   | 209700   |
| train/               |          |
|    actor_loss        | -2.69    |
|    critic_loss       | 0.0071   |
|    ent_coef          | 0.00103  |
|    ent_coef_loss     | 0.272    |
|    learning_rate     | 0.0003   |
|    n_updates         | 1572720  |
|    noise_critic_loss | 0.0181   |
-----------------------------------
[Step 936000] VLM Score: 2.00, VLM Success: 0.0%, Sim Success: 75.0%
-----------------------------------
| rollout/             |          |
|    ep_len_mean       | 75       |
|    ep_rew_mean       | 2.89     |
| time/                |          |
|    episodes          | 2800     |
|    fps               | 1        |
|    time_elapsed      | 126805   |
|    total_timesteps   | 210000   |
| train/               |          |
|    actor_loss        | -2.69    |
|    critic_loss       | 0.00685  |
|    ent_coef          | 0.00104  |
|    ent_coef_loss     | -0.953   |
|    learning_rate     | 0.0003   |
|    n_updates         | 1574970  |
|    noise_critic_loss | 0.0194   |
-----------------------------------
[Step 937200] VLM Score: 2.75, VLM Success: 25.0%, Sim Success: 25.0%
-----------------------------------
| rollout/             |          |
|    ep_len_mean       | 75       |
|    ep_rew_mean       | 2.88     |
| time/                |          |
|    episodes          | 2804     |
|    fps               | 1        |
|    time_elapsed      | 126943   |
|    total_timesteps   | 210300   |
| train/               |          |
|    actor_loss        | -2.64    |
|    critic_loss       | 0.00676  |
|    ent_coef          | 0.00105  |
|    ent_coef_loss     | -1.77    |
|    learning_rate     | 0.0003   |
|    n_updates         | 1577220  |
|    noise_critic_loss | 0.0201   |
-----------------------------------
[Step 938400] VLM Score: 2.00, VLM Success: 0.0%, Sim Success: 25.0%
-----------------------------------
| rollout/             |          |
|    ep_len_mean       | 75       |
|    ep_rew_mean       | 2.84     |
| time/                |          |
|    episodes          | 2808     |
|    fps               | 1        |
|    time_elapsed      | 127080   |
|    total_timesteps   | 210600   |
| train/               |          |
|    actor_loss        | -2.65    |
|    critic_loss       | 0.0067   |
|    ent_coef          | 0.00103  |
|    ent_coef_loss     | 1.53     |
|    learning_rate     | 0.0003   |
|    n_updates         | 1579470  |
|    noise_critic_loss | 0.0181   |
-----------------------------------
[Step 939600] VLM Score: 3.00, VLM Success: 25.0%, Sim Success: 0.0%
-----------------------------------
| rollout/             |          |
|    ep_len_mean       | 75       |
|    ep_rew_mean       | 2.81     |
| time/                |          |
|    episodes          | 2812     |
|    fps               | 1        |
|    time_elapsed      | 127217   |
|    total_timesteps   | 210900   |
| train/               |          |
|    actor_loss        | -2.7     |
|    critic_loss       | 0.00659  |
|    ent_coef          | 0.00103  |
|    ent_coef_loss     | 0.223    |
|    learning_rate     | 0.0003   |
|    n_updates         | 1581720  |
|    noise_critic_loss | 0.019    |
-----------------------------------
[Step 940800] VLM Score: 3.50, VLM Success: 50.0%, Sim Success: 75.0%
-----------------------------------
| rollout/             |          |
|    ep_len_mean       | 75       |
|    ep_rew_mean       | 2.8      |
| time/                |          |
|    episodes          | 2816     |
|    fps               | 1        |
|    time_elapsed      | 127354   |
|    total_timesteps   | 211200   |
| train/               |          |
|    actor_loss        | -2.66    |
|    critic_loss       | 0.00647  |
|    ent_coef          | 0.00104  |
|    ent_coef_loss     | 0.533    |
|    learning_rate     | 0.0003   |
|    n_updates         | 1583970  |
|    noise_critic_loss | 0.0203   |
-----------------------------------
[VLM #4100] Task: Pick up the red cube from the table
    Frames: 62, Raw output: .2 seconds><14.2 seconds><15.2 seconds>Task: Pick up the red cube from the table
assistant
ANSWER: 5
    Parsed discrete score: 5/5 → Reward: 0.00
[Step 942000] VLM Score: 4.75, VLM Success: 100.0%, Sim Success: 50.0%
-----------------------------------
| rollout/             |          |
|    ep_len_mean       | 75       |
|    ep_rew_mean       | 2.82     |
| time/                |          |
|    episodes          | 2820     |
|    fps               | 1        |
|    time_elapsed      | 127492   |
|    total_timesteps   | 211500   |
| train/               |          |
|    actor_loss        | -2.64    |
|    critic_loss       | 0.00697  |
|    ent_coef          | 0.00104  |
|    ent_coef_loss     | 1.39     |
|    learning_rate     | 0.0003   |
|    n_updates         | 1586220  |
|    noise_critic_loss | 0.0204   |
-----------------------------------
[Step 943200] VLM Score: 2.25, VLM Success: 0.0%, Sim Success: 50.0%
-----------------------------------
| rollout/             |          |
|    ep_len_mean       | 75       |
|    ep_rew_mean       | 2.83     |
| time/                |          |
|    episodes          | 2824     |
|    fps               | 1        |
|    time_elapsed      | 127633   |
|    total_timesteps   | 211800   |
| train/               |          |
|    actor_loss        | -2.61    |
|    critic_loss       | 0.00673  |
|    ent_coef          | 0.00106  |
|    ent_coef_loss     | 0.795    |
|    learning_rate     | 0.0003   |
|    n_updates         | 1588470  |
|    noise_critic_loss | 0.0205   |
-----------------------------------
[Step 944400] VLM Score: 3.25, VLM Success: 50.0%, Sim Success: 75.0%
-----------------------------------
| rollout/             |          |
|    ep_len_mean       | 75       |
|    ep_rew_mean       | 2.83     |
| time/                |          |
|    episodes          | 2828     |
|    fps               | 1        |
|    time_elapsed      | 127772   |
|    total_timesteps   | 212100   |
| train/               |          |
|    actor_loss        | -2.61    |
|    critic_loss       | 0.00749  |
|    ent_coef          | 0.00104  |
|    ent_coef_loss     | 1.36     |
|    learning_rate     | 0.0003   |
|    n_updates         | 1590720  |
|    noise_critic_loss | 0.0191   |
-----------------------------------
[Step 945600] VLM Score: 3.50, VLM Success: 50.0%, Sim Success: 50.0%
-----------------------------------
| rollout/             |          |
|    ep_len_mean       | 75       |
|    ep_rew_mean       | 2.86     |
| time/                |          |
|    episodes          | 2832     |
|    fps               | 1        |
|    time_elapsed      | 127910   |
|    total_timesteps   | 212400   |
| train/               |          |
|    actor_loss        | -2.68    |
|    critic_loss       | 0.00666  |
|    ent_coef          | 0.00105  |
|    ent_coef_loss     | -0.813   |
|    learning_rate     | 0.0003   |
|    n_updates         | 1592970  |
|    noise_critic_loss | 0.0201   |
-----------------------------------
[Step 946800] VLM Score: 3.25, VLM Success: 50.0%, Sim Success: 25.0%
-----------------------------------
| rollout/             |          |
|    ep_len_mean       | 75       |
|    ep_rew_mean       | 2.87     |
| time/                |          |
|    episodes          | 2836     |
|    fps               | 1        |
|    time_elapsed      | 128050   |
|    total_timesteps   | 212700   |
| train/               |          |
|    actor_loss        | -2.65    |
|    critic_loss       | 0.00656  |
|    ent_coef          | 0.00106  |
|    ent_coef_loss     | -2.82    |
|    learning_rate     | 0.0003   |
|    n_updates         | 1595220  |
|    noise_critic_loss | 0.0207   |
-----------------------------------
[Step 948000] VLM Score: 2.25, VLM Success: 0.0%, Sim Success: 75.0%
-----------------------------------
| rollout/             |          |
|    ep_len_mean       | 75       |
|    ep_rew_mean       | 2.83     |
| time/                |          |
|    episodes          | 2840     |
|    fps               | 1        |
|    time_elapsed      | 128192   |
|    total_timesteps   | 213000   |
| train/               |          |
|    actor_loss        | -2.63    |
|    critic_loss       | 0.00682  |
|    ent_coef          | 0.00106  |
|    ent_coef_loss     | 0.134    |
|    learning_rate     | 0.0003   |
|    n_updates         | 1597470  |
|    noise_critic_loss | 0.0201   |
-----------------------------------
[Step 949200] VLM Score: 2.75, VLM Success: 25.0%, Sim Success: 25.0%
-----------------------------------
| rollout/             |          |
|    ep_len_mean       | 75       |
|    ep_rew_mean       | 2.85     |
| time/                |          |
|    episodes          | 2844     |
|    fps               | 1        |
|    time_elapsed      | 128330   |
|    total_timesteps   | 213300   |
| train/               |          |
|    actor_loss        | -2.63    |
|    critic_loss       | 0.00661  |
|    ent_coef          | 0.00105  |
|    ent_coef_loss     | -1.27    |
|    learning_rate     | 0.0003   |
|    n_updates         | 1599720  |
|    noise_critic_loss | 0.0213   |
-----------------------------------
[Step 950400] VLM Score: 2.75, VLM Success: 25.0%, Sim Success: 0.0%
-----------------------------------
| rollout/             |          |
|    ep_len_mean       | 75       |
|    ep_rew_mean       | 2.84     |
| time/                |          |
|    episodes          | 2848     |
|    fps               | 1        |
|    time_elapsed      | 128468   |
|    total_timesteps   | 213600   |
| train/               |          |
|    actor_loss        | -2.61    |
|    critic_loss       | 0.00627  |
|    ent_coef          | 0.00104  |
|    ent_coef_loss     | 1.07     |
|    learning_rate     | 0.0003   |
|    n_updates         | 1601970  |
|    noise_critic_loss | 0.0213   |
-----------------------------------
[Step 951600] VLM Score: 3.50, VLM Success: 50.0%, Sim Success: 25.0%
-----------------------------------
| rollout/             |          |
|    ep_len_mean       | 75       |
|    ep_rew_mean       | 2.84     |
| time/                |          |
|    episodes          | 2852     |
|    fps               | 1        |
|    time_elapsed      | 128607   |
|    total_timesteps   | 213900   |
| train/               |          |
|    actor_loss        | -2.59    |
|    critic_loss       | 0.00622  |
|    ent_coef          | 0.00104  |
|    ent_coef_loss     | 0.317    |
|    learning_rate     | 0.0003   |
|    n_updates         | 1604220  |
|    noise_critic_loss | 0.0199   |
-----------------------------------
[Step 952800] VLM Score: 2.50, VLM Success: 0.0%, Sim Success: 25.0%
-----------------------------------
| rollout/             |          |
|    ep_len_mean       | 75       |
|    ep_rew_mean       | 2.83     |
| time/                |          |
|    episodes          | 2856     |
|    fps               | 1        |
|    time_elapsed      | 128745   |
|    total_timesteps   | 214200   |
| train/               |          |
|    actor_loss        | -2.59    |
|    critic_loss       | 0.00667  |
|    ent_coef          | 0.00105  |
|    ent_coef_loss     | 0.244    |
|    learning_rate     | 0.0003   |
|    n_updates         | 1606470  |
|    noise_critic_loss | 0.0204   |
-----------------------------------
[Step 954000] VLM Score: 2.75, VLM Success: 25.0%, Sim Success: 50.0%
-----------------------------------
| rollout/             |          |
|    ep_len_mean       | 75       |
|    ep_rew_mean       | 2.86     |
| time/                |          |
|    episodes          | 2860     |
|    fps               | 1        |
|    time_elapsed      | 128882   |
|    total_timesteps   | 214500   |
| train/               |          |
|    actor_loss        | -2.65    |
|    critic_loss       | 0.008    |
|    ent_coef          | 0.00105  |
|    ent_coef_loss     | 2.02     |
|    learning_rate     | 0.0003   |
|    n_updates         | 1608720  |
|    noise_critic_loss | 0.0189   |
-----------------------------------
[Step 955200] VLM Score: 3.50, VLM Success: 50.0%, Sim Success: 25.0%
-----------------------------------
| rollout/             |          |
|    ep_len_mean       | 75       |
|    ep_rew_mean       | 2.89     |
| time/                |          |
|    episodes          | 2864     |
|    fps               | 1        |
|    time_elapsed      | 129022   |
|    total_timesteps   | 214800   |
| train/               |          |
|    actor_loss        | -2.66    |
|    critic_loss       | 0.00779  |
|    ent_coef          | 0.00105  |
|    ent_coef_loss     | -1.13    |
|    learning_rate     | 0.0003   |
|    n_updates         | 1610970  |
|    noise_critic_loss | 0.0202   |
-----------------------------------
[Step 956400] VLM Score: 4.50, VLM Success: 100.0%, Sim Success: 50.0%
-----------------------------------
| rollout/             |          |
|    ep_len_mean       | 75       |
|    ep_rew_mean       | 2.94     |
| time/                |          |
|    episodes          | 2868     |
|    fps               | 1        |
|    time_elapsed      | 129161   |
|    total_timesteps   | 215100   |
| train/               |          |
|    actor_loss        | -2.65    |
|    critic_loss       | 0.00708  |
|    ent_coef          | 0.00106  |
|    ent_coef_loss     | 0.749    |
|    learning_rate     | 0.0003   |
|    n_updates         | 1613220  |
|    noise_critic_loss | 0.0195   |
-----------------------------------
[VLM #4150] Task: Pick up the red cube from the table
    Frames: 62, Raw output: .2 seconds><14.2 seconds><15.2 seconds>Task: Pick up the red cube from the table
assistant
ANSWER: 5
    Parsed discrete score: 5/5 → Reward: 0.00
[Step 957600] VLM Score: 3.50, VLM Success: 50.0%, Sim Success: 25.0%
-----------------------------------
| rollout/             |          |
|    ep_len_mean       | 75       |
|    ep_rew_mean       | 3        |
| time/                |          |
|    episodes          | 2872     |
|    fps               | 1        |
|    time_elapsed      | 129299   |
|    total_timesteps   | 215400   |
| train/               |          |
|    actor_loss        | -2.66    |
|    critic_loss       | 0.00727  |
|    ent_coef          | 0.00108  |
|    ent_coef_loss     | 2        |
|    learning_rate     | 0.0003   |
|    n_updates         | 1615470  |
|    noise_critic_loss | 0.0199   |
-----------------------------------
[Step 958800] VLM Score: 3.75, VLM Success: 50.0%, Sim Success: 25.0%
-----------------------------------
| rollout/             |          |
|    ep_len_mean       | 75       |
|    ep_rew_mean       | 3.03     |
| time/                |          |
|    episodes          | 2876     |
|    fps               | 1        |
|    time_elapsed      | 129439   |
|    total_timesteps   | 215700   |
| train/               |          |
|    actor_loss        | -2.62    |
|    critic_loss       | 0.00677  |
|    ent_coef          | 0.00107  |
|    ent_coef_loss     | 0.691    |
|    learning_rate     | 0.0003   |
|    n_updates         | 1617720  |
|    noise_critic_loss | 0.0196   |
-----------------------------------
[Step 960000] VLM Score: 2.25, VLM Success: 0.0%, Sim Success: 75.0%
Eval episode 0 at timestep 960000
Eval episode 1 at timestep 960000
Eval episode 2 at timestep 960000
Eval episode 3 at timestep 960000
Eval episode 4 at timestep 960000
Eval episode 5 at timestep 960000
Eval episode 6 at timestep 960000
Eval episode 7 at timestep 960000
Eval episode 8 at timestep 960000
Eval episode 9 at timestep 960000
Eval episode 10 at timestep 960000
Eval episode 11 at timestep 960000
Eval episode 12 at timestep 960000
Eval episode 13 at timestep 960000
Eval episode 14 at timestep 960000
Eval episode 15 at timestep 960000
Eval episode 16 at timestep 960000
Eval episode 17 at timestep 960000
Eval episode 18 at timestep 960000
Eval episode 19 at timestep 960000
Eval episode 20 at timestep 960000
Eval episode 21 at timestep 960000
Eval episode 22 at timestep 960000
Eval episode 23 at timestep 960000
Eval episode 24 at timestep 960000
Eval episode 25 at timestep 960000
Eval episode 26 at timestep 960000
Eval episode 27 at timestep 960000
Eval episode 28 at timestep 960000
Eval episode 29 at timestep 960000
Eval episode 30 at timestep 960000
Eval episode 31 at timestep 960000
Eval episode 32 at timestep 960000
Eval episode 33 at timestep 960000
Eval episode 34 at timestep 960000
Eval episode 35 at timestep 960000
Eval episode 36 at timestep 960000
Eval episode 37 at timestep 960000
Eval episode 38 at timestep 960000
Eval episode 39 at timestep 960000
Eval episode 40 at timestep 960000
Eval episode 41 at timestep 960000
Eval episode 42 at timestep 960000
Eval episode 43 at timestep 960000
Eval episode 44 at timestep 960000
Eval episode 45 at timestep 960000
Eval episode 46 at timestep 960000
Eval episode 47 at timestep 960000
Eval episode 48 at timestep 960000
Eval episode 49 at timestep 960000
-----------------------------------
| rollout/             |          |
|    ep_len_mean       | 75       |
|    ep_rew_mean       | 3.03     |
| time/                |          |
|    episodes          | 2880     |
|    fps               | 1        |
|    time_elapsed      | 131381   |
|    total_timesteps   | 216000   |
| train/               |          |
|    actor_loss        | -2.66    |
|    critic_loss       | 0.00757  |
|    ent_coef          | 0.00108  |
|    ent_coef_loss     | -0.225   |
|    learning_rate     | 0.0003   |
|    n_updates         | 1619970  |
|    noise_critic_loss | 0.0211   |
-----------------------------------
[Step 961200] VLM Score: 3.25, VLM Success: 25.0%, Sim Success: 0.0%
-----------------------------------
| rollout/             |          |
|    ep_len_mean       | 75       |
|    ep_rew_mean       | 3.04     |
| time/                |          |
|    episodes          | 2884     |
|    fps               | 1        |
|    time_elapsed      | 131519   |
|    total_timesteps   | 216300   |
| train/               |          |
|    actor_loss        | -2.66    |
|    critic_loss       | 0.00728  |
|    ent_coef          | 0.00109  |
|    ent_coef_loss     | 1.55     |
|    learning_rate     | 0.0003   |
|    n_updates         | 1622220  |
|    noise_critic_loss | 0.0205   |
-----------------------------------
[Step 962400] VLM Score: 2.75, VLM Success: 25.0%, Sim Success: 75.0%
-----------------------------------
| rollout/             |          |
|    ep_len_mean       | 75       |
|    ep_rew_mean       | 3.01     |
| time/                |          |
|    episodes          | 2888     |
|    fps               | 1        |
|    time_elapsed      | 131658   |
|    total_timesteps   | 216600   |
| train/               |          |
|    actor_loss        | -2.62    |
|    critic_loss       | 0.00729  |
|    ent_coef          | 0.00107  |
|    ent_coef_loss     | 0.899    |
|    learning_rate     | 0.0003   |
|    n_updates         | 1624470  |
|    noise_critic_loss | 0.019    |
-----------------------------------
[Step 963600] VLM Score: 3.00, VLM Success: 25.0%, Sim Success: 50.0%
-----------------------------------
| rollout/             |          |
|    ep_len_mean       | 75       |
|    ep_rew_mean       | 3.05     |
| time/                |          |
|    episodes          | 2892     |
|    fps               | 1        |
|    time_elapsed      | 131797   |
|    total_timesteps   | 216900   |
| train/               |          |
|    actor_loss        | -2.64    |
|    critic_loss       | 0.00654  |
|    ent_coef          | 0.00106  |
|    ent_coef_loss     | -0.617   |
|    learning_rate     | 0.0003   |
|    n_updates         | 1626720  |
|    noise_critic_loss | 0.0202   |
-----------------------------------
[Step 964800] VLM Score: 2.75, VLM Success: 25.0%, Sim Success: 75.0%
-----------------------------------
| rollout/             |          |
|    ep_len_mean       | 75       |
|    ep_rew_mean       | 3.04     |
| time/                |          |
|    episodes          | 2896     |
|    fps               | 1        |
|    time_elapsed      | 131936   |
|    total_timesteps   | 217200   |
| train/               |          |
|    actor_loss        | -2.63    |
|    critic_loss       | 0.00679  |
|    ent_coef          | 0.00106  |
|    ent_coef_loss     | -0.657   |
|    learning_rate     | 0.0003   |
|    n_updates         | 1628970  |
|    noise_critic_loss | 0.0206   |
-----------------------------------
[Step 966000] VLM Score: 3.25, VLM Success: 50.0%, Sim Success: 25.0%
-----------------------------------
| rollout/             |          |
|    ep_len_mean       | 75       |
|    ep_rew_mean       | 3.09     |
| time/                |          |
|    episodes          | 2900     |
|    fps               | 1        |
|    time_elapsed      | 132075   |
|    total_timesteps   | 217500   |
| train/               |          |
|    actor_loss        | -2.62    |
|    critic_loss       | 0.00673  |
|    ent_coef          | 0.00105  |
|    ent_coef_loss     | -1.62    |
|    learning_rate     | 0.0003   |
|    n_updates         | 1631220  |
|    noise_critic_loss | 0.0215   |
-----------------------------------
[Step 967200] VLM Score: 4.00, VLM Success: 75.0%, Sim Success: 25.0%
-----------------------------------
| rollout/             |          |
|    ep_len_mean       | 75       |
|    ep_rew_mean       | 3.14     |
| time/                |          |
|    episodes          | 2904     |
|    fps               | 1        |
|    time_elapsed      | 132213   |
|    total_timesteps   | 217800   |
| train/               |          |
|    actor_loss        | -2.63    |
|    critic_loss       | 0.00765  |
|    ent_coef          | 0.00107  |
|    ent_coef_loss     | -0.792   |
|    learning_rate     | 0.0003   |
|    n_updates         | 1633470  |
|    noise_critic_loss | 0.02     |
-----------------------------------
[Step 968400] VLM Score: 2.00, VLM Success: 0.0%, Sim Success: 50.0%
-----------------------------------
| rollout/             |          |
|    ep_len_mean       | 75       |
|    ep_rew_mean       | 3.14     |
| time/                |          |
|    episodes          | 2908     |
|    fps               | 1        |
|    time_elapsed      | 132352   |
|    total_timesteps   | 218100   |
| train/               |          |
|    actor_loss        | -2.61    |
|    critic_loss       | 0.00751  |
|    ent_coef          | 0.00104  |
|    ent_coef_loss     | 1.13     |
|    learning_rate     | 0.0003   |
|    n_updates         | 1635720  |
|    noise_critic_loss | 0.0215   |
-----------------------------------
[Step 969600] VLM Score: 3.00, VLM Success: 50.0%, Sim Success: 0.0%
-----------------------------------
| rollout/             |          |
|    ep_len_mean       | 75       |
|    ep_rew_mean       | 3.14     |
| time/                |          |
|    episodes          | 2912     |
|    fps               | 1        |
|    time_elapsed      | 132490   |
|    total_timesteps   | 218400   |
| train/               |          |
|    actor_loss        | -2.59    |
|    critic_loss       | 0.00736  |
|    ent_coef          | 0.00105  |
|    ent_coef_loss     | -2.21    |
|    learning_rate     | 0.0003   |
|    n_updates         | 1637970  |
|    noise_critic_loss | 0.0189   |
-----------------------------------
[Step 970800] VLM Score: 2.25, VLM Success: 0.0%, Sim Success: 25.0%
-----------------------------------
| rollout/             |          |
|    ep_len_mean       | 75       |
|    ep_rew_mean       | 3.09     |
| time/                |          |
|    episodes          | 2916     |
|    fps               | 1        |
|    time_elapsed      | 132628   |
|    total_timesteps   | 218700   |
| train/               |          |
|    actor_loss        | -2.6     |
|    critic_loss       | 0.00689  |
|    ent_coef          | 0.00105  |
|    ent_coef_loss     | -1.17    |
|    learning_rate     | 0.0003   |
|    n_updates         | 1640220  |
|    noise_critic_loss | 0.0203   |
-----------------------------------
[VLM #4200] Task: Pick up the red cube from the table
    Frames: 62, Raw output: .2 seconds><14.2 seconds><15.2 seconds>Task: Pick up the red cube from the table
assistant
ANSWER: 2
    Parsed discrete score: 2/5 → Reward: -0.75
[Step 972000] VLM Score: 3.25, VLM Success: 50.0%, Sim Success: 25.0%
-----------------------------------
| rollout/             |          |
|    ep_len_mean       | 75       |
|    ep_rew_mean       | 3.03     |
| time/                |          |
|    episodes          | 2920     |
|    fps               | 1        |
|    time_elapsed      | 132765   |
|    total_timesteps   | 219000   |
| train/               |          |
|    actor_loss        | -2.61    |
|    critic_loss       | 0.00669  |
|    ent_coef          | 0.00108  |
|    ent_coef_loss     | 1.5      |
|    learning_rate     | 0.0003   |
|    n_updates         | 1642470  |
|    noise_critic_loss | 0.0212   |
-----------------------------------
[Step 973200] VLM Score: 2.25, VLM Success: 0.0%, Sim Success: 25.0%
-----------------------------------
| rollout/             |          |
|    ep_len_mean       | 75       |
|    ep_rew_mean       | 3.03     |
| time/                |          |
|    episodes          | 2924     |
|    fps               | 1        |
|    time_elapsed      | 132902   |
|    total_timesteps   | 219300   |
| train/               |          |
|    actor_loss        | -2.58    |
|    critic_loss       | 0.007    |
|    ent_coef          | 0.00107  |
|    ent_coef_loss     | -1.06    |
|    learning_rate     | 0.0003   |
|    n_updates         | 1644720  |
|    noise_critic_loss | 0.0202   |
-----------------------------------
[Step 974400] VLM Score: 2.25, VLM Success: 0.0%, Sim Success: 25.0%
-----------------------------------
| rollout/             |          |
|    ep_len_mean       | 75       |
|    ep_rew_mean       | 2.99     |
| time/                |          |
|    episodes          | 2928     |
|    fps               | 1        |
|    time_elapsed      | 133042   |
|    total_timesteps   | 219600   |
| train/               |          |
|    actor_loss        | -2.63    |
|    critic_loss       | 0.00688  |
|    ent_coef          | 0.00102  |
|    ent_coef_loss     | -0.912   |
|    learning_rate     | 0.0003   |
|    n_updates         | 1646970  |
|    noise_critic_loss | 0.0206   |
-----------------------------------
[Step 975600] VLM Score: 3.75, VLM Success: 50.0%, Sim Success: 50.0%
-----------------------------------
| rollout/             |          |
|    ep_len_mean       | 75       |
|    ep_rew_mean       | 3        |
| time/                |          |
|    episodes          | 2932     |
|    fps               | 1        |
|    time_elapsed      | 133180   |
|    total_timesteps   | 219900   |
| train/               |          |
|    actor_loss        | -2.59    |
|    critic_loss       | 0.00703  |
|    ent_coef          | 0.00104  |
|    ent_coef_loss     | -1.2     |
|    learning_rate     | 0.0003   |
|    n_updates         | 1649220  |
|    noise_critic_loss | 0.0189   |
-----------------------------------
[Step 976800] VLM Score: 2.00, VLM Success: 0.0%, Sim Success: 25.0%
-----------------------------------
| rollout/             |          |
|    ep_len_mean       | 75       |
|    ep_rew_mean       | 2.95     |
| time/                |          |
|    episodes          | 2936     |
|    fps               | 1        |
|    time_elapsed      | 133318   |
|    total_timesteps   | 220200   |
| train/               |          |
|    actor_loss        | -2.6     |
|    critic_loss       | 0.00699  |
|    ent_coef          | 0.00105  |
|    ent_coef_loss     | -0.456   |
|    learning_rate     | 0.0003   |
|    n_updates         | 1651470  |
|    noise_critic_loss | 0.0198   |
-----------------------------------
[Step 978000] VLM Score: 3.25, VLM Success: 50.0%, Sim Success: 0.0%
-----------------------------------
| rollout/             |          |
|    ep_len_mean       | 75       |
|    ep_rew_mean       | 2.99     |
| time/                |          |
|    episodes          | 2940     |
|    fps               | 1        |
|    time_elapsed      | 133456   |
|    total_timesteps   | 220500   |
| train/               |          |
|    actor_loss        | -2.58    |
|    critic_loss       | 0.00665  |
|    ent_coef          | 0.00104  |
|    ent_coef_loss     | 0.719    |
|    learning_rate     | 0.0003   |
|    n_updates         | 1653720  |
|    noise_critic_loss | 0.0214   |
-----------------------------------
[Step 979200] VLM Score: 3.00, VLM Success: 25.0%, Sim Success: 75.0%
-----------------------------------
| rollout/             |          |
|    ep_len_mean       | 75       |
|    ep_rew_mean       | 3        |
| time/                |          |
|    episodes          | 2944     |
|    fps               | 1        |
|    time_elapsed      | 133594   |
|    total_timesteps   | 220800   |
| train/               |          |
|    actor_loss        | -2.63    |
|    critic_loss       | 0.0076   |
|    ent_coef          | 0.00106  |
|    ent_coef_loss     | -0.0828  |
|    learning_rate     | 0.0003   |
|    n_updates         | 1655970  |
|    noise_critic_loss | 0.021    |
-----------------------------------
[Step 980400] VLM Score: 3.00, VLM Success: 25.0%, Sim Success: 25.0%
-----------------------------------
| rollout/             |          |
|    ep_len_mean       | 75       |
|    ep_rew_mean       | 3.01     |
| time/                |          |
|    episodes          | 2948     |
|    fps               | 1        |
|    time_elapsed      | 133733   |
|    total_timesteps   | 221100   |
| train/               |          |
|    actor_loss        | -2.6     |
|    critic_loss       | 0.0076   |
|    ent_coef          | 0.00105  |
|    ent_coef_loss     | -2.66    |
|    learning_rate     | 0.0003   |
|    n_updates         | 1658220  |
|    noise_critic_loss | 0.0194   |
-----------------------------------
[Step 981600] VLM Score: 2.75, VLM Success: 25.0%, Sim Success: 25.0%
-----------------------------------
| rollout/             |          |
|    ep_len_mean       | 75       |
|    ep_rew_mean       | 2.98     |
| time/                |          |
|    episodes          | 2952     |
|    fps               | 1        |
|    time_elapsed      | 133871   |
|    total_timesteps   | 221400   |
| train/               |          |
|    actor_loss        | -2.6     |
|    critic_loss       | 0.00686  |
|    ent_coef          | 0.00106  |
|    ent_coef_loss     | 2.49     |
|    learning_rate     | 0.0003   |
|    n_updates         | 1660470  |
|    noise_critic_loss | 0.0199   |
-----------------------------------
[Step 982800] VLM Score: 2.50, VLM Success: 25.0%, Sim Success: 50.0%
-----------------------------------
| rollout/             |          |
|    ep_len_mean       | 75       |
|    ep_rew_mean       | 2.98     |
| time/                |          |
|    episodes          | 2956     |
|    fps               | 1        |
|    time_elapsed      | 134009   |
|    total_timesteps   | 221700   |
| train/               |          |
|    actor_loss        | -2.63    |
|    critic_loss       | 0.00646  |
|    ent_coef          | 0.00106  |
|    ent_coef_loss     | -2.09    |
|    learning_rate     | 0.0003   |
|    n_updates         | 1662720  |
|    noise_critic_loss | 0.0195   |
-----------------------------------
[Step 984000] VLM Score: 3.00, VLM Success: 25.0%, Sim Success: 25.0%
-----------------------------------
| rollout/             |          |
|    ep_len_mean       | 75       |
|    ep_rew_mean       | 2.99     |
| time/                |          |
|    episodes          | 2960     |
|    fps               | 1        |
|    time_elapsed      | 134147   |
|    total_timesteps   | 222000   |
| train/               |          |
|    actor_loss        | -2.58    |
|    critic_loss       | 0.00654  |
|    ent_coef          | 0.00105  |
|    ent_coef_loss     | 1.13     |
|    learning_rate     | 0.0003   |
|    n_updates         | 1664970  |
|    noise_critic_loss | 0.02     |
-----------------------------------
[Step 985200] VLM Score: 3.00, VLM Success: 50.0%, Sim Success: 50.0%
-----------------------------------
| rollout/             |          |
|    ep_len_mean       | 75       |
|    ep_rew_mean       | 2.97     |
| time/                |          |
|    episodes          | 2964     |
|    fps               | 1        |
|    time_elapsed      | 134285   |
|    total_timesteps   | 222300   |
| train/               |          |
|    actor_loss        | -2.61    |
|    critic_loss       | 0.00692  |
|    ent_coef          | 0.00104  |
|    ent_coef_loss     | -2.34    |
|    learning_rate     | 0.0003   |
|    n_updates         | 1667220  |
|    noise_critic_loss | 0.0191   |
-----------------------------------
[Step 986400] VLM Score: 3.00, VLM Success: 25.0%, Sim Success: 50.0%
-----------------------------------
| rollout/             |          |
|    ep_len_mean       | 75       |
|    ep_rew_mean       | 2.91     |
| time/                |          |
|    episodes          | 2968     |
|    fps               | 1        |
|    time_elapsed      | 134424   |
|    total_timesteps   | 222600   |
| train/               |          |
|    actor_loss        | -2.57    |
|    critic_loss       | 0.0069   |
|    ent_coef          | 0.00104  |
|    ent_coef_loss     | -1.18    |
|    learning_rate     | 0.0003   |
|    n_updates         | 1669470  |
|    noise_critic_loss | 0.0201   |
-----------------------------------
[VLM #4250] Task: Pick up the red cube from the table
    Frames: 62, Raw output: .2 seconds><14.2 seconds><15.2 seconds>Task: Pick up the red cube from the table
assistant
ANSWER: 2
    Parsed discrete score: 2/5 → Reward: -0.75
[Step 987600] VLM Score: 3.00, VLM Success: 25.0%, Sim Success: 50.0%
-----------------------------------
| rollout/             |          |
|    ep_len_mean       | 75       |
|    ep_rew_mean       | 2.89     |
| time/                |          |
|    episodes          | 2972     |
|    fps               | 1        |
|    time_elapsed      | 134562   |
|    total_timesteps   | 222900   |
| train/               |          |
|    actor_loss        | -2.6     |
|    critic_loss       | 0.00697  |
|    ent_coef          | 0.00103  |
|    ent_coef_loss     | -0.637   |
|    learning_rate     | 0.0003   |
|    n_updates         | 1671720  |
|    noise_critic_loss | 0.0192   |
-----------------------------------
[Step 988800] VLM Score: 3.00, VLM Success: 25.0%, Sim Success: 75.0%
-----------------------------------
| rollout/             |          |
|    ep_len_mean       | 75       |
|    ep_rew_mean       | 2.86     |
| time/                |          |
|    episodes          | 2976     |
|    fps               | 1        |
|    time_elapsed      | 134701   |
|    total_timesteps   | 223200   |
| train/               |          |
|    actor_loss        | -2.59    |
|    critic_loss       | 0.00743  |
|    ent_coef          | 0.00104  |
|    ent_coef_loss     | -0.967   |
|    learning_rate     | 0.0003   |
|    n_updates         | 1673970  |
|    noise_critic_loss | 0.0196   |
-----------------------------------
[Step 990000] VLM Score: 4.25, VLM Success: 100.0%, Sim Success: 25.0%
-----------------------------------
| rollout/             |          |
|    ep_len_mean       | 75       |
|    ep_rew_mean       | 2.94     |
| time/                |          |
|    episodes          | 2980     |
|    fps               | 1        |
|    time_elapsed      | 134840   |
|    total_timesteps   | 223500   |
| train/               |          |
|    actor_loss        | -2.59    |
|    critic_loss       | 0.00645  |
|    ent_coef          | 0.00103  |
|    ent_coef_loss     | 1.05     |
|    learning_rate     | 0.0003   |
|    n_updates         | 1676220  |
|    noise_critic_loss | 0.0184   |
-----------------------------------
[Step 991200] VLM Score: 3.75, VLM Success: 50.0%, Sim Success: 75.0%
-----------------------------------
| rollout/             |          |
|    ep_len_mean       | 75       |
|    ep_rew_mean       | 2.96     |
| time/                |          |
|    episodes          | 2984     |
|    fps               | 1        |
|    time_elapsed      | 134979   |
|    total_timesteps   | 223800   |
| train/               |          |
|    actor_loss        | -2.6     |
|    critic_loss       | 0.00649  |
|    ent_coef          | 0.00103  |
|    ent_coef_loss     | 1.71     |
|    learning_rate     | 0.0003   |
|    n_updates         | 1678470  |
|    noise_critic_loss | 0.019    |
-----------------------------------
[Step 992400] VLM Score: 2.25, VLM Success: 0.0%, Sim Success: 75.0%
-----------------------------------
| rollout/             |          |
|    ep_len_mean       | 75       |
|    ep_rew_mean       | 2.94     |
| time/                |          |
|    episodes          | 2988     |
|    fps               | 1        |
|    time_elapsed      | 135118   |
|    total_timesteps   | 224100   |
| train/               |          |
|    actor_loss        | -2.6     |
|    critic_loss       | 0.00701  |
|    ent_coef          | 0.00104  |
|    ent_coef_loss     | 0.192    |
|    learning_rate     | 0.0003   |
|    n_updates         | 1680720  |
|    noise_critic_loss | 0.0191   |
-----------------------------------
[Step 993600] VLM Score: 2.25, VLM Success: 0.0%, Sim Success: 75.0%
-----------------------------------
| rollout/             |          |
|    ep_len_mean       | 75       |
|    ep_rew_mean       | 2.91     |
| time/                |          |
|    episodes          | 2992     |
|    fps               | 1        |
|    time_elapsed      | 135256   |
|    total_timesteps   | 224400   |
| train/               |          |
|    actor_loss        | -2.61    |
|    critic_loss       | 0.00755  |
|    ent_coef          | 0.00106  |
|    ent_coef_loss     | 2.88     |
|    learning_rate     | 0.0003   |
|    n_updates         | 1682970  |
|    noise_critic_loss | 0.02     |
-----------------------------------
[Step 994800] VLM Score: 3.00, VLM Success: 25.0%, Sim Success: 25.0%
-----------------------------------
| rollout/             |          |
|    ep_len_mean       | 75       |
|    ep_rew_mean       | 2.92     |
| time/                |          |
|    episodes          | 2996     |
|    fps               | 1        |
|    time_elapsed      | 135394   |
|    total_timesteps   | 224700   |
| train/               |          |
|    actor_loss        | -2.62    |
|    critic_loss       | 0.00684  |
|    ent_coef          | 0.00106  |
|    ent_coef_loss     | 3.96     |
|    learning_rate     | 0.0003   |
|    n_updates         | 1685220  |
|    noise_critic_loss | 0.0197   |
-----------------------------------
[Step 996000] VLM Score: 3.00, VLM Success: 25.0%, Sim Success: 50.0%
-----------------------------------
| rollout/             |          |
|    ep_len_mean       | 75       |
|    ep_rew_mean       | 2.91     |
| time/                |          |
|    episodes          | 3000     |
|    fps               | 1        |
|    time_elapsed      | 135533   |
|    total_timesteps   | 225000   |
| train/               |          |
|    actor_loss        | -2.6     |
|    critic_loss       | 0.00602  |
|    ent_coef          | 0.00106  |
|    ent_coef_loss     | -1.99    |
|    learning_rate     | 0.0003   |
|    n_updates         | 1687470  |
|    noise_critic_loss | 0.02     |
-----------------------------------
[Step 997200] VLM Score: 2.75, VLM Success: 25.0%, Sim Success: 50.0%
-----------------------------------
| rollout/             |          |
|    ep_len_mean       | 75       |
|    ep_rew_mean       | 2.86     |
| time/                |          |
|    episodes          | 3004     |
|    fps               | 1        |
|    time_elapsed      | 135672   |
|    total_timesteps   | 225300   |
| train/               |          |
|    actor_loss        | -2.66    |
|    critic_loss       | 0.00728  |
|    ent_coef          | 0.00107  |
|    ent_coef_loss     | 1.76     |
|    learning_rate     | 0.0003   |
|    n_updates         | 1689720  |
|    noise_critic_loss | 0.02     |
-----------------------------------
[Step 998400] VLM Score: 2.25, VLM Success: 0.0%, Sim Success: 25.0%
-----------------------------------
| rollout/             |          |
|    ep_len_mean       | 75       |
|    ep_rew_mean       | 2.87     |
| time/                |          |
|    episodes          | 3008     |
|    fps               | 1        |
|    time_elapsed      | 135808   |
|    total_timesteps   | 225600   |
| train/               |          |
|    actor_loss        | -2.6     |
|    critic_loss       | 0.00723  |
|    ent_coef          | 0.00105  |
|    ent_coef_loss     | 0.458    |
|    learning_rate     | 0.0003   |
|    n_updates         | 1691970  |
|    noise_critic_loss | 0.0201   |
-----------------------------------
[Step 999600] VLM Score: 3.00, VLM Success: 25.0%, Sim Success: 0.0%
-----------------------------------
| rollout/             |          |
|    ep_len_mean       | 75       |
|    ep_rew_mean       | 2.87     |
| time/                |          |
|    episodes          | 3012     |
|    fps               | 1        |
|    time_elapsed      | 135945   |
|    total_timesteps   | 225900   |
| train/               |          |
|    actor_loss        | -2.6     |
|    critic_loss       | 0.00706  |
|    ent_coef          | 0.00105  |
|    ent_coef_loss     | 0.868    |
|    learning_rate     | 0.0003   |
|    n_updates         | 1694220  |
|    noise_critic_loss | 0.0197   |
-----------------------------------
[Step 1000800] VLM Score: 2.00, VLM Success: 0.0%, Sim Success: 50.0%
-----------------------------------
| rollout/             |          |
|    ep_len_mean       | 75       |
|    ep_rew_mean       | 2.86     |
| time/                |          |
|    episodes          | 3016     |
|    fps               | 1        |
|    time_elapsed      | 136083   |
|    total_timesteps   | 226200   |
| train/               |          |
|    actor_loss        | -2.62    |
|    critic_loss       | 0.00687  |
|    ent_coef          | 0.00103  |
|    ent_coef_loss     | 1.65     |
|    learning_rate     | 0.0003   |
|    n_updates         | 1696470  |
|    noise_critic_loss | 0.0195   |
-----------------------------------
[VLM #4300] Task: Pick up the red cube from the table
    Frames: 62, Raw output: .2 seconds><14.2 seconds><15.2 seconds>Task: Pick up the red cube from the table
assistant
ANSWER: 2
    Parsed discrete score: 2/5 → Reward: -0.75
[Step 1002000] VLM Score: 2.25, VLM Success: 0.0%, Sim Success: 50.0%
-----------------------------------
| rollout/             |          |
|    ep_len_mean       | 75       |
|    ep_rew_mean       | 2.82     |
| time/                |          |
|    episodes          | 3020     |
|    fps               | 1        |
|    time_elapsed      | 136222   |
|    total_timesteps   | 226500   |
| train/               |          |
|    actor_loss        | -2.58    |
|    critic_loss       | 0.00677  |
|    ent_coef          | 0.00105  |
|    ent_coef_loss     | -1.85    |
|    learning_rate     | 0.0003   |
|    n_updates         | 1698720  |
|    noise_critic_loss | 0.0217   |
-----------------------------------
[Step 1003200] VLM Score: 2.00, VLM Success: 0.0%, Sim Success: 50.0%
-----------------------------------
| rollout/             |          |
|    ep_len_mean       | 75       |
|    ep_rew_mean       | 2.81     |
| time/                |          |
|    episodes          | 3024     |
|    fps               | 1        |
|    time_elapsed      | 136360   |
|    total_timesteps   | 226800   |
| train/               |          |
|    actor_loss        | -2.6     |
|    critic_loss       | 0.00755  |
|    ent_coef          | 0.00103  |
|    ent_coef_loss     | -0.715   |
|    learning_rate     | 0.0003   |
|    n_updates         | 1700970  |
|    noise_critic_loss | 0.0193   |
-----------------------------------
[Step 1004400] VLM Score: 3.00, VLM Success: 25.0%, Sim Success: 50.0%
-----------------------------------
| rollout/             |          |
|    ep_len_mean       | 75       |
|    ep_rew_mean       | 2.84     |
| time/                |          |
|    episodes          | 3028     |
|    fps               | 1        |
|    time_elapsed      | 136499   |
|    total_timesteps   | 227100   |
| train/               |          |
|    actor_loss        | -2.63    |
|    critic_loss       | 0.00707  |
|    ent_coef          | 0.00106  |
|    ent_coef_loss     | -0.441   |
|    learning_rate     | 0.0003   |
|    n_updates         | 1703220  |
|    noise_critic_loss | 0.0193   |
-----------------------------------
[Step 1005600] VLM Score: 4.00, VLM Success: 50.0%, Sim Success: 50.0%
-----------------------------------
| rollout/             |          |
|    ep_len_mean       | 75       |
|    ep_rew_mean       | 2.85     |
| time/                |          |
|    episodes          | 3032     |
|    fps               | 1        |
|    time_elapsed      | 136638   |
|    total_timesteps   | 227400   |
| train/               |          |
|    actor_loss        | -2.61    |
|    critic_loss       | 0.00657  |
|    ent_coef          | 0.00104  |
|    ent_coef_loss     | 1.39     |
|    learning_rate     | 0.0003   |
|    n_updates         | 1705470  |
|    noise_critic_loss | 0.019    |
-----------------------------------
[Step 1006800] VLM Score: 3.25, VLM Success: 25.0%, Sim Success: 50.0%
-----------------------------------
| rollout/             |          |
|    ep_len_mean       | 75       |
|    ep_rew_mean       | 2.9      |
| time/                |          |
|    episodes          | 3036     |
|    fps               | 1        |
|    time_elapsed      | 136776   |
|    total_timesteps   | 227700   |
| train/               |          |
|    actor_loss        | -2.64    |
|    critic_loss       | 0.00727  |
|    ent_coef          | 0.00105  |
|    ent_coef_loss     | 1.47     |
|    learning_rate     | 0.0003   |
|    n_updates         | 1707720  |
|    noise_critic_loss | 0.0215   |
-----------------------------------
[Step 1008000] VLM Score: 3.00, VLM Success: 25.0%, Sim Success: 25.0%
Eval episode 0 at timestep 1008000
Eval episode 1 at timestep 1008000
Eval episode 2 at timestep 1008000
Eval episode 3 at timestep 1008000
Eval episode 4 at timestep 1008000
Eval episode 5 at timestep 1008000
Eval episode 6 at timestep 1008000
Eval episode 7 at timestep 1008000
Eval episode 8 at timestep 1008000
Eval episode 9 at timestep 1008000
Eval episode 10 at timestep 1008000
Eval episode 11 at timestep 1008000
Eval episode 12 at timestep 1008000
Eval episode 13 at timestep 1008000
Eval episode 14 at timestep 1008000
Eval episode 15 at timestep 1008000
Eval episode 16 at timestep 1008000
Eval episode 17 at timestep 1008000
Eval episode 18 at timestep 1008000
Eval episode 19 at timestep 1008000
Eval episode 20 at timestep 1008000
Eval episode 21 at timestep 1008000
Eval episode 22 at timestep 1008000
Eval episode 23 at timestep 1008000
Eval episode 24 at timestep 1008000
Eval episode 25 at timestep 1008000
Eval episode 26 at timestep 1008000
Eval episode 27 at timestep 1008000
Eval episode 28 at timestep 1008000
Eval episode 29 at timestep 1008000
Eval episode 30 at timestep 1008000
Eval episode 31 at timestep 1008000
Eval episode 32 at timestep 1008000
Eval episode 33 at timestep 1008000
Eval episode 34 at timestep 1008000
Eval episode 35 at timestep 1008000
Eval episode 36 at timestep 1008000
Eval episode 37 at timestep 1008000
Eval episode 38 at timestep 1008000
Eval episode 39 at timestep 1008000
Eval episode 40 at timestep 1008000
Eval episode 41 at timestep 1008000
Eval episode 42 at timestep 1008000
Eval episode 43 at timestep 1008000
Eval episode 44 at timestep 1008000
Eval episode 45 at timestep 1008000
Eval episode 46 at timestep 1008000
Eval episode 47 at timestep 1008000
Eval episode 48 at timestep 1008000
Eval episode 49 at timestep 1008000
-----------------------------------
| rollout/             |          |
|    ep_len_mean       | 75       |
|    ep_rew_mean       | 2.89     |
| time/                |          |
|    episodes          | 3040     |
|    fps               | 1        |
|    time_elapsed      | 138690   |
|    total_timesteps   | 228000   |
| train/               |          |
|    actor_loss        | -2.61    |
|    critic_loss       | 0.00638  |
|    ent_coef          | 0.00103  |
|    ent_coef_loss     | 3.94     |
|    learning_rate     | 0.0003   |
|    n_updates         | 1709970  |
|    noise_critic_loss | 0.0196   |
-----------------------------------
[Step 1009200] VLM Score: 2.75, VLM Success: 25.0%, Sim Success: 75.0%
-----------------------------------
| rollout/             |          |
|    ep_len_mean       | 75       |
|    ep_rew_mean       | 2.88     |
| time/                |          |
|    episodes          | 3044     |
|    fps               | 1        |
|    time_elapsed      | 138828   |
|    total_timesteps   | 228300   |
| train/               |          |
|    actor_loss        | -2.63    |
|    critic_loss       | 0.00718  |
|    ent_coef          | 0.00106  |
|    ent_coef_loss     | -1.28    |
|    learning_rate     | 0.0003   |
|    n_updates         | 1712220  |
|    noise_critic_loss | 0.0202   |
-----------------------------------
[Step 1010400] VLM Score: 3.00, VLM Success: 25.0%, Sim Success: 50.0%
-----------------------------------
| rollout/             |          |
|    ep_len_mean       | 75       |
|    ep_rew_mean       | 2.88     |
| time/                |          |
|    episodes          | 3048     |
|    fps               | 1        |
|    time_elapsed      | 138965   |
|    total_timesteps   | 228600   |
| train/               |          |
|    actor_loss        | -2.58    |
|    critic_loss       | 0.00739  |
|    ent_coef          | 0.00104  |
|    ent_coef_loss     | 0.32     |
|    learning_rate     | 0.0003   |
|    n_updates         | 1714470  |
|    noise_critic_loss | 0.0202   |
-----------------------------------
[Step 1011600] VLM Score: 2.00, VLM Success: 0.0%, Sim Success: 50.0%
-----------------------------------
| rollout/             |          |
|    ep_len_mean       | 75       |
|    ep_rew_mean       | 2.85     |
| time/                |          |
|    episodes          | 3052     |
|    fps               | 1        |
|    time_elapsed      | 139104   |
|    total_timesteps   | 228900   |
| train/               |          |
|    actor_loss        | -2.6     |
|    critic_loss       | 0.00724  |
|    ent_coef          | 0.00102  |
|    ent_coef_loss     | 0.369    |
|    learning_rate     | 0.0003   |
|    n_updates         | 1716720  |
|    noise_critic_loss | 0.0207   |
-----------------------------------
[Step 1012800] VLM Score: 3.25, VLM Success: 50.0%, Sim Success: 0.0%
-----------------------------------
| rollout/             |          |
|    ep_len_mean       | 75       |
|    ep_rew_mean       | 2.88     |
| time/                |          |
|    episodes          | 3056     |
|    fps               | 1        |
|    time_elapsed      | 139241   |
|    total_timesteps   | 229200   |
| train/               |          |
|    actor_loss        | -2.6     |
|    critic_loss       | 0.00675  |
|    ent_coef          | 0.00105  |
|    ent_coef_loss     | 2.89     |
|    learning_rate     | 0.0003   |
|    n_updates         | 1718970  |
|    noise_critic_loss | 0.0192   |
-----------------------------------
[Step 1014000] VLM Score: 2.00, VLM Success: 0.0%, Sim Success: 50.0%
-----------------------------------
| rollout/             |          |
|    ep_len_mean       | 75       |
|    ep_rew_mean       | 2.84     |
| time/                |          |
|    episodes          | 3060     |
|    fps               | 1        |
|    time_elapsed      | 139380   |
|    total_timesteps   | 229500   |
| train/               |          |
|    actor_loss        | -2.64    |
|    critic_loss       | 0.00675  |
|    ent_coef          | 0.00105  |
|    ent_coef_loss     | -0.438   |
|    learning_rate     | 0.0003   |
|    n_updates         | 1721220  |
|    noise_critic_loss | 0.0198   |
-----------------------------------
[Step 1015200] VLM Score: 1.75, VLM Success: 0.0%, Sim Success: 50.0%
-----------------------------------
| rollout/             |          |
|    ep_len_mean       | 75       |
|    ep_rew_mean       | 2.79     |
| time/                |          |
|    episodes          | 3064     |
|    fps               | 1        |
|    time_elapsed      | 139519   |
|    total_timesteps   | 229800   |
| train/               |          |
|    actor_loss        | -2.61    |
|    critic_loss       | 0.00709  |
|    ent_coef          | 0.00107  |
|    ent_coef_loss     | -0.211   |
|    learning_rate     | 0.0003   |
|    n_updates         | 1723470  |
|    noise_critic_loss | 0.0203   |
-----------------------------------
[Step 1016400] VLM Score: 2.75, VLM Success: 25.0%, Sim Success: 50.0%
-----------------------------------
| rollout/             |          |
|    ep_len_mean       | 75       |
|    ep_rew_mean       | 2.78     |
| time/                |          |
|    episodes          | 3068     |
|    fps               | 1        |
|    time_elapsed      | 139658   |
|    total_timesteps   | 230100   |
| train/               |          |
|    actor_loss        | -2.61    |
|    critic_loss       | 0.00744  |
|    ent_coef          | 0.00103  |
|    ent_coef_loss     | -0.614   |
|    learning_rate     | 0.0003   |
|    n_updates         | 1725720  |
|    noise_critic_loss | 0.0208   |
-----------------------------------
[VLM #4350] Task: Pick up the red cube from the table
    Frames: 62, Raw output: .2 seconds><14.2 seconds><15.2 seconds>Task: Pick up the red cube from the table
assistant
ANSWER: 2
    Parsed discrete score: 2/5 → Reward: -0.75
[Step 1017600] VLM Score: 2.00, VLM Success: 0.0%, Sim Success: 50.0%
-----------------------------------
| rollout/             |          |
|    ep_len_mean       | 75       |
|    ep_rew_mean       | 2.74     |
| time/                |          |
|    episodes          | 3072     |
|    fps               | 1        |
|    time_elapsed      | 139796   |
|    total_timesteps   | 230400   |
| train/               |          |
|    actor_loss        | -2.63    |
|    critic_loss       | 0.0075   |
|    ent_coef          | 0.00106  |
|    ent_coef_loss     | -1.72    |
|    learning_rate     | 0.0003   |
|    n_updates         | 1727970  |
|    noise_critic_loss | 0.0213   |
-----------------------------------
[Step 1018800] VLM Score: 2.50, VLM Success: 0.0%, Sim Success: 50.0%
-----------------------------------
| rollout/             |          |
|    ep_len_mean       | 75       |
|    ep_rew_mean       | 2.72     |
| time/                |          |
|    episodes          | 3076     |
|    fps               | 1        |
|    time_elapsed      | 139934   |
|    total_timesteps   | 230700   |
| train/               |          |
|    actor_loss        | -2.6     |
|    critic_loss       | 0.00706  |
|    ent_coef          | 0.00105  |
|    ent_coef_loss     | -2.87    |
|    learning_rate     | 0.0003   |
|    n_updates         | 1730220  |
|    noise_critic_loss | 0.0202   |
-----------------------------------
[Step 1020000] VLM Score: 2.75, VLM Success: 25.0%, Sim Success: 25.0%
-----------------------------------
| rollout/             |          |
|    ep_len_mean       | 75       |
|    ep_rew_mean       | 2.66     |
| time/                |          |
|    episodes          | 3080     |
|    fps               | 1        |
|    time_elapsed      | 140073   |
|    total_timesteps   | 231000   |
| train/               |          |
|    actor_loss        | -2.6     |
|    critic_loss       | 0.00674  |
|    ent_coef          | 0.00105  |
|    ent_coef_loss     | 0.0918   |
|    learning_rate     | 0.0003   |
|    n_updates         | 1732470  |
|    noise_critic_loss | 0.0206   |
-----------------------------------
[Step 1021200] VLM Score: 2.50, VLM Success: 25.0%, Sim Success: 75.0%
-----------------------------------
| rollout/             |          |
|    ep_len_mean       | 75       |
|    ep_rew_mean       | 2.61     |
| time/                |          |
|    episodes          | 3084     |
|    fps               | 1        |
|    time_elapsed      | 140211   |
|    total_timesteps   | 231300   |
| train/               |          |
|    actor_loss        | -2.63    |
|    critic_loss       | 0.00705  |
|    ent_coef          | 0.00106  |
|    ent_coef_loss     | 1.32     |
|    learning_rate     | 0.0003   |
|    n_updates         | 1734720  |
|    noise_critic_loss | 0.0201   |
-----------------------------------
[Step 1022400] VLM Score: 2.00, VLM Success: 0.0%, Sim Success: 100.0%
-----------------------------------
| rollout/             |          |
|    ep_len_mean       | 75       |
|    ep_rew_mean       | 2.6      |
| time/                |          |
|    episodes          | 3088     |
|    fps               | 1        |
|    time_elapsed      | 140351   |
|    total_timesteps   | 231600   |
| train/               |          |
|    actor_loss        | -2.55    |
|    critic_loss       | 0.00719  |
|    ent_coef          | 0.00105  |
|    ent_coef_loss     | 2.4      |
|    learning_rate     | 0.0003   |
|    n_updates         | 1736970  |
|    noise_critic_loss | 0.022    |
-----------------------------------
[Step 1023600] VLM Score: 3.25, VLM Success: 50.0%, Sim Success: 25.0%
-----------------------------------
| rollout/             |          |
|    ep_len_mean       | 75       |
|    ep_rew_mean       | 2.64     |
| time/                |          |
|    episodes          | 3092     |
|    fps               | 1        |
|    time_elapsed      | 140490   |
|    total_timesteps   | 231900   |
| train/               |          |
|    actor_loss        | -2.55    |
|    critic_loss       | 0.00682  |
|    ent_coef          | 0.00107  |
|    ent_coef_loss     | 0.951    |
|    learning_rate     | 0.0003   |
|    n_updates         | 1739220  |
|    noise_critic_loss | 0.0216   |
-----------------------------------
[Step 1024800] VLM Score: 2.00, VLM Success: 0.0%, Sim Success: 100.0%
-----------------------------------
| rollout/             |          |
|    ep_len_mean       | 75       |
|    ep_rew_mean       | 2.6      |
| time/                |          |
|    episodes          | 3096     |
|    fps               | 1        |
|    time_elapsed      | 140629   |
|    total_timesteps   | 232200   |
| train/               |          |
|    actor_loss        | -2.59    |
|    critic_loss       | 0.00724  |
|    ent_coef          | 0.00106  |
|    ent_coef_loss     | 1.46     |
|    learning_rate     | 0.0003   |
|    n_updates         | 1741470  |
|    noise_critic_loss | 0.0212   |
-----------------------------------
[Step 1026000] VLM Score: 3.25, VLM Success: 50.0%, Sim Success: 25.0%
-----------------------------------
| rollout/             |          |
|    ep_len_mean       | 75       |
|    ep_rew_mean       | 2.61     |
| time/                |          |
|    episodes          | 3100     |
|    fps               | 1        |
|    time_elapsed      | 140767   |
|    total_timesteps   | 232500   |
| train/               |          |
|    actor_loss        | -2.6     |
|    critic_loss       | 0.00765  |
|    ent_coef          | 0.00106  |
|    ent_coef_loss     | 0.375    |
|    learning_rate     | 0.0003   |
|    n_updates         | 1743720  |
|    noise_critic_loss | 0.0202   |
-----------------------------------
[Step 1027200] VLM Score: 2.50, VLM Success: 0.0%, Sim Success: 0.0%
-----------------------------------
| rollout/             |          |
|    ep_len_mean       | 75       |
|    ep_rew_mean       | 2.6      |
| time/                |          |
|    episodes          | 3104     |
|    fps               | 1        |
|    time_elapsed      | 140903   |
|    total_timesteps   | 232800   |
| train/               |          |
|    actor_loss        | -2.6     |
|    critic_loss       | 0.00705  |
|    ent_coef          | 0.00106  |
|    ent_coef_loss     | -0.416   |
|    learning_rate     | 0.0003   |
|    n_updates         | 1745970  |
|    noise_critic_loss | 0.0209   |
-----------------------------------
[Step 1028400] VLM Score: 3.25, VLM Success: 50.0%, Sim Success: 0.0%
-----------------------------------
| rollout/             |          |
|    ep_len_mean       | 75       |
|    ep_rew_mean       | 2.64     |
| time/                |          |
|    episodes          | 3108     |
|    fps               | 1        |
|    time_elapsed      | 141040   |
|    total_timesteps   | 233100   |
| train/               |          |
|    actor_loss        | -2.57    |
|    critic_loss       | 0.00684  |
|    ent_coef          | 0.00105  |
|    ent_coef_loss     | -1.45    |
|    learning_rate     | 0.0003   |
|    n_updates         | 1748220  |
|    noise_critic_loss | 0.0193   |
-----------------------------------
[Step 1029600] VLM Score: 3.25, VLM Success: 50.0%, Sim Success: 25.0%
-----------------------------------
| rollout/             |          |
|    ep_len_mean       | 75       |
|    ep_rew_mean       | 2.65     |
| time/                |          |
|    episodes          | 3112     |
|    fps               | 1        |
|    time_elapsed      | 141177   |
|    total_timesteps   | 233400   |
| train/               |          |
|    actor_loss        | -2.57    |
|    critic_loss       | 0.0067   |
|    ent_coef          | 0.00106  |
|    ent_coef_loss     | 0.732    |
|    learning_rate     | 0.0003   |
|    n_updates         | 1750470  |
|    noise_critic_loss | 0.0207   |
-----------------------------------
[Step 1030800] VLM Score: 3.25, VLM Success: 50.0%, Sim Success: 50.0%
-----------------------------------
| rollout/             |          |
|    ep_len_mean       | 75       |
|    ep_rew_mean       | 2.7      |
| time/                |          |
|    episodes          | 3116     |
|    fps               | 1        |
|    time_elapsed      | 141315   |
|    total_timesteps   | 233700   |
| train/               |          |
|    actor_loss        | -2.58    |
|    critic_loss       | 0.00671  |
|    ent_coef          | 0.00106  |
|    ent_coef_loss     | 0.164    |
|    learning_rate     | 0.0003   |
|    n_updates         | 1752720  |
|    noise_critic_loss | 0.021    |
-----------------------------------
[VLM #4400] Task: Pick up the red cube from the table
    Frames: 62, Raw output: .2 seconds><14.2 seconds><15.2 seconds>Task: Pick up the red cube from the table
assistant
ANSWER: 4
    Parsed discrete score: 4/5 → Reward: -0.25
[Step 1032000] VLM Score: 3.75, VLM Success: 75.0%, Sim Success: 0.0%
-----------------------------------
| rollout/             |          |
|    ep_len_mean       | 75       |
|    ep_rew_mean       | 2.76     |
| time/                |          |
|    episodes          | 3120     |
|    fps               | 1        |
|    time_elapsed      | 141453   |
|    total_timesteps   | 234000   |
| train/               |          |
|    actor_loss        | -2.54    |
|    critic_loss       | 0.0073   |
|    ent_coef          | 0.00106  |
|    ent_coef_loss     | 1.46     |
|    learning_rate     | 0.0003   |
|    n_updates         | 1754970  |
|    noise_critic_loss | 0.021    |
-----------------------------------
[Step 1033200] VLM Score: 3.00, VLM Success: 50.0%, Sim Success: 0.0%
-----------------------------------
| rollout/             |          |
|    ep_len_mean       | 75       |
|    ep_rew_mean       | 2.8      |
| time/                |          |
|    episodes          | 3124     |
|    fps               | 1        |
|    time_elapsed      | 141592   |
|    total_timesteps   | 234300   |
| train/               |          |
|    actor_loss        | -2.55    |
|    critic_loss       | 0.00728  |
|    ent_coef          | 0.00107  |
|    ent_coef_loss     | 0.414    |
|    learning_rate     | 0.0003   |
|    n_updates         | 1757220  |
|    noise_critic_loss | 0.0204   |
-----------------------------------
[Step 1034400] VLM Score: 4.75, VLM Success: 100.0%, Sim Success: 75.0%
-----------------------------------
| rollout/             |          |
|    ep_len_mean       | 75       |
|    ep_rew_mean       | 2.87     |
| time/                |          |
|    episodes          | 3128     |
|    fps               | 1        |
|    time_elapsed      | 141730   |
|    total_timesteps   | 234600   |
| train/               |          |
|    actor_loss        | -2.62    |
|    critic_loss       | 0.00708  |
|    ent_coef          | 0.00108  |
|    ent_coef_loss     | 1.8      |
|    learning_rate     | 0.0003   |
|    n_updates         | 1759470  |
|    noise_critic_loss | 0.021    |
-----------------------------------
[Step 1035600] VLM Score: 2.75, VLM Success: 25.0%, Sim Success: 0.0%
-----------------------------------
| rollout/             |          |
|    ep_len_mean       | 75       |
|    ep_rew_mean       | 2.82     |
| time/                |          |
|    episodes          | 3132     |
|    fps               | 1        |
|    time_elapsed      | 141869   |
|    total_timesteps   | 234900   |
| train/               |          |
|    actor_loss        | -2.57    |
|    critic_loss       | 0.00729  |
|    ent_coef          | 0.00109  |
|    ent_coef_loss     | 1.19     |
|    learning_rate     | 0.0003   |
|    n_updates         | 1761720  |
|    noise_critic_loss | 0.0214   |
-----------------------------------
[Step 1036800] VLM Score: 3.00, VLM Success: 25.0%, Sim Success: 75.0%
-----------------------------------
| rollout/             |          |
|    ep_len_mean       | 75       |
|    ep_rew_mean       | 2.81     |
| time/                |          |
|    episodes          | 3136     |
|    fps               | 1        |
|    time_elapsed      | 142007   |
|    total_timesteps   | 235200   |
| train/               |          |
|    actor_loss        | -2.56    |
|    critic_loss       | 0.00731  |
|    ent_coef          | 0.0011   |
|    ent_coef_loss     | 0.386    |
|    learning_rate     | 0.0003   |
|    n_updates         | 1763970  |
|    noise_critic_loss | 0.0207   |
-----------------------------------
[Step 1038000] VLM Score: 3.25, VLM Success: 50.0%, Sim Success: 25.0%
-----------------------------------
| rollout/             |          |
|    ep_len_mean       | 75       |
|    ep_rew_mean       | 2.82     |
| time/                |          |
|    episodes          | 3140     |
|    fps               | 1        |
|    time_elapsed      | 142144   |
|    total_timesteps   | 235500   |
| train/               |          |
|    actor_loss        | -2.55    |
|    critic_loss       | 0.00824  |
|    ent_coef          | 0.00109  |
|    ent_coef_loss     | -1.3     |
|    learning_rate     | 0.0003   |
|    n_updates         | 1766220  |
|    noise_critic_loss | 0.0223   |
-----------------------------------
[Step 1039200] VLM Score: 4.00, VLM Success: 75.0%, Sim Success: 25.0%
-----------------------------------
| rollout/             |          |
|    ep_len_mean       | 75       |
|    ep_rew_mean       | 2.87     |
| time/                |          |
|    episodes          | 3144     |
|    fps               | 1        |
|    time_elapsed      | 142282   |
|    total_timesteps   | 235800   |
| train/               |          |
|    actor_loss        | -2.57    |
|    critic_loss       | 0.00698  |
|    ent_coef          | 0.00108  |
|    ent_coef_loss     | -0.984   |
|    learning_rate     | 0.0003   |
|    n_updates         | 1768470  |
|    noise_critic_loss | 0.0202   |
-----------------------------------
[Step 1040400] VLM Score: 3.50, VLM Success: 50.0%, Sim Success: 25.0%
-----------------------------------
| rollout/             |          |
|    ep_len_mean       | 75       |
|    ep_rew_mean       | 2.89     |
| time/                |          |
|    episodes          | 3148     |
|    fps               | 1        |
|    time_elapsed      | 142422   |
|    total_timesteps   | 236100   |
| train/               |          |
|    actor_loss        | -2.54    |
|    critic_loss       | 0.00704  |
|    ent_coef          | 0.00106  |
|    ent_coef_loss     | 0.363    |
|    learning_rate     | 0.0003   |
|    n_updates         | 1770720  |
|    noise_critic_loss | 0.0228   |
-----------------------------------
[Step 1041600] VLM Score: 3.50, VLM Success: 50.0%, Sim Success: 75.0%
-----------------------------------
| rollout/             |          |
|    ep_len_mean       | 75       |
|    ep_rew_mean       | 2.95     |
| time/                |          |
|    episodes          | 3152     |
|    fps               | 1        |
|    time_elapsed      | 142562   |
|    total_timesteps   | 236400   |
| train/               |          |
|    actor_loss        | -2.57    |
|    critic_loss       | 0.00692  |
|    ent_coef          | 0.00107  |
|    ent_coef_loss     | 3.17     |
|    learning_rate     | 0.0003   |
|    n_updates         | 1772970  |
|    noise_critic_loss | 0.0202   |
-----------------------------------
[Step 1042800] VLM Score: 3.25, VLM Success: 50.0%, Sim Success: 75.0%
-----------------------------------
| rollout/             |          |
|    ep_len_mean       | 75       |
|    ep_rew_mean       | 2.95     |
| time/                |          |
|    episodes          | 3156     |
|    fps               | 1        |
|    time_elapsed      | 142700   |
|    total_timesteps   | 236700   |
| train/               |          |
|    actor_loss        | -2.63    |
|    critic_loss       | 0.00694  |
|    ent_coef          | 0.00108  |
|    ent_coef_loss     | 0.825    |
|    learning_rate     | 0.0003   |
|    n_updates         | 1775220  |
|    noise_critic_loss | 0.0198   |
-----------------------------------
[Step 1044000] VLM Score: 2.25, VLM Success: 0.0%, Sim Success: 75.0%
-----------------------------------
| rollout/             |          |
|    ep_len_mean       | 75       |
|    ep_rew_mean       | 2.96     |
| time/                |          |
|    episodes          | 3160     |
|    fps               | 1        |
|    time_elapsed      | 142837   |
|    total_timesteps   | 237000   |
| train/               |          |
|    actor_loss        | -2.6     |
|    critic_loss       | 0.00681  |
|    ent_coef          | 0.00108  |
|    ent_coef_loss     | -0.883   |
|    learning_rate     | 0.0003   |
|    n_updates         | 1777470  |
|    noise_critic_loss | 0.0211   |
-----------------------------------
[Step 1045200] VLM Score: 2.00, VLM Success: 0.0%, Sim Success: 75.0%
-----------------------------------
| rollout/             |          |
|    ep_len_mean       | 75       |
|    ep_rew_mean       | 2.97     |
| time/                |          |
|    episodes          | 3164     |
|    fps               | 1        |
|    time_elapsed      | 142975   |
|    total_timesteps   | 237300   |
| train/               |          |
|    actor_loss        | -2.58    |
|    critic_loss       | 0.00678  |
|    ent_coef          | 0.00108  |
|    ent_coef_loss     | 1.36     |
|    learning_rate     | 0.0003   |
|    n_updates         | 1779720  |
|    noise_critic_loss | 0.02     |
-----------------------------------
[Step 1046400] VLM Score: 3.00, VLM Success: 25.0%, Sim Success: 25.0%
-----------------------------------
| rollout/             |          |
|    ep_len_mean       | 75       |
|    ep_rew_mean       | 2.98     |
| time/                |          |
|    episodes          | 3168     |
|    fps               | 1        |
|    time_elapsed      | 143112   |
|    total_timesteps   | 237600   |
| train/               |          |
|    actor_loss        | -2.62    |
|    critic_loss       | 0.00684  |
|    ent_coef          | 0.00107  |
|    ent_coef_loss     | -0.832   |
|    learning_rate     | 0.0003   |
|    n_updates         | 1781970  |
|    noise_critic_loss | 0.0228   |
-----------------------------------
[VLM #4450] Task: Pick up the red cube from the table
    Frames: 62, Raw output: .2 seconds><14.2 seconds><15.2 seconds>Task: Pick up the red cube from the table
assistant
ANSWER: 5
    Parsed discrete score: 5/5 → Reward: 0.00
[Step 1047600] VLM Score: 3.75, VLM Success: 50.0%, Sim Success: 50.0%
-----------------------------------
| rollout/             |          |
|    ep_len_mean       | 75       |
|    ep_rew_mean       | 3.05     |
| time/                |          |
|    episodes          | 3172     |
|    fps               | 1        |
|    time_elapsed      | 143250   |
|    total_timesteps   | 237900   |
| train/               |          |
|    actor_loss        | -2.58    |
|    critic_loss       | 0.00764  |
|    ent_coef          | 0.00108  |
|    ent_coef_loss     | -1.18    |
|    learning_rate     | 0.0003   |
|    n_updates         | 1784220  |
|    noise_critic_loss | 0.02     |
-----------------------------------
[Step 1048800] VLM Score: 3.50, VLM Success: 50.0%, Sim Success: 75.0%
-----------------------------------
| rollout/             |          |
|    ep_len_mean       | 75       |
|    ep_rew_mean       | 3.09     |
| time/                |          |
|    episodes          | 3176     |
|    fps               | 1        |
|    time_elapsed      | 143389   |
|    total_timesteps   | 238200   |
| train/               |          |
|    actor_loss        | -2.61    |
|    critic_loss       | 0.00745  |
|    ent_coef          | 0.00107  |
|    ent_coef_loss     | -0.716   |
|    learning_rate     | 0.0003   |
|    n_updates         | 1786470  |
|    noise_critic_loss | 0.0209   |
-----------------------------------
[Step 1050000] VLM Score: 3.75, VLM Success: 50.0%, Sim Success: 0.0%
-----------------------------------
| rollout/             |          |
|    ep_len_mean       | 75       |
|    ep_rew_mean       | 3.13     |
| time/                |          |
|    episodes          | 3180     |
|    fps               | 1        |
|    time_elapsed      | 143527   |
|    total_timesteps   | 238500   |
| train/               |          |
|    actor_loss        | -2.57    |
|    critic_loss       | 0.00737  |
|    ent_coef          | 0.00109  |
|    ent_coef_loss     | 2.99     |
|    learning_rate     | 0.0003   |
|    n_updates         | 1788720  |
|    noise_critic_loss | 0.0217   |
-----------------------------------
[Step 1051200] VLM Score: 3.75, VLM Success: 50.0%, Sim Success: 50.0%
-----------------------------------
| rollout/             |          |
|    ep_len_mean       | 75       |
|    ep_rew_mean       | 3.18     |
| time/                |          |
|    episodes          | 3184     |
|    fps               | 1        |
|    time_elapsed      | 143666   |
|    total_timesteps   | 238800   |
| train/               |          |
|    actor_loss        | -2.6     |
|    critic_loss       | 0.00676  |
|    ent_coef          | 0.00107  |
|    ent_coef_loss     | -0.627   |
|    learning_rate     | 0.0003   |
|    n_updates         | 1790970  |
|    noise_critic_loss | 0.0206   |
-----------------------------------
[Step 1052400] VLM Score: 3.50, VLM Success: 50.0%, Sim Success: 50.0%
-----------------------------------
| rollout/             |          |
|    ep_len_mean       | 75       |
|    ep_rew_mean       | 3.24     |
| time/                |          |
|    episodes          | 3188     |
|    fps               | 1        |
|    time_elapsed      | 143804   |
|    total_timesteps   | 239100   |
| train/               |          |
|    actor_loss        | -2.59    |
|    critic_loss       | 0.0068   |
|    ent_coef          | 0.00107  |
|    ent_coef_loss     | 1.75     |
|    learning_rate     | 0.0003   |
|    n_updates         | 1793220  |
|    noise_critic_loss | 0.0186   |
-----------------------------------
[Step 1053600] VLM Score: 3.50, VLM Success: 50.0%, Sim Success: 25.0%
-----------------------------------
| rollout/             |          |
|    ep_len_mean       | 75       |
|    ep_rew_mean       | 3.25     |
| time/                |          |
|    episodes          | 3192     |
|    fps               | 1        |
|    time_elapsed      | 143942   |
|    total_timesteps   | 239400   |
| train/               |          |
|    actor_loss        | -2.58    |
|    critic_loss       | 0.00692  |
|    ent_coef          | 0.00104  |
|    ent_coef_loss     | 2.54     |
|    learning_rate     | 0.0003   |
|    n_updates         | 1795470  |
|    noise_critic_loss | 0.0226   |
-----------------------------------
[Step 1054800] VLM Score: 2.75, VLM Success: 25.0%, Sim Success: 75.0%
-----------------------------------
| rollout/             |          |
|    ep_len_mean       | 75       |
|    ep_rew_mean       | 3.28     |
| time/                |          |
|    episodes          | 3196     |
|    fps               | 1        |
|    time_elapsed      | 144083   |
|    total_timesteps   | 239700   |
| train/               |          |
|    actor_loss        | -2.58    |
|    critic_loss       | 0.00738  |
|    ent_coef          | 0.00111  |
|    ent_coef_loss     | -2.2     |
|    learning_rate     | 0.0003   |
|    n_updates         | 1797720  |
|    noise_critic_loss | 0.0213   |
-----------------------------------
[Step 1056000] VLM Score: 2.25, VLM Success: 0.0%, Sim Success: 50.0%
Eval episode 0 at timestep 1056000
Eval episode 1 at timestep 1056000
Eval episode 2 at timestep 1056000
Eval episode 3 at timestep 1056000
Eval episode 4 at timestep 1056000
Eval episode 5 at timestep 1056000
Eval episode 6 at timestep 1056000
Eval episode 7 at timestep 1056000
Eval episode 8 at timestep 1056000
Eval episode 9 at timestep 1056000
Eval episode 10 at timestep 1056000
Eval episode 11 at timestep 1056000
Eval episode 12 at timestep 1056000
Eval episode 13 at timestep 1056000
Eval episode 14 at timestep 1056000
Eval episode 15 at timestep 1056000
Eval episode 16 at timestep 1056000
Eval episode 17 at timestep 1056000
Eval episode 18 at timestep 1056000
Eval episode 19 at timestep 1056000
Eval episode 20 at timestep 1056000
Eval episode 21 at timestep 1056000
Eval episode 22 at timestep 1056000
Eval episode 23 at timestep 1056000
Eval episode 24 at timestep 1056000
Eval episode 25 at timestep 1056000
Eval episode 26 at timestep 1056000
Eval episode 27 at timestep 1056000
Eval episode 28 at timestep 1056000
Eval episode 29 at timestep 1056000
Eval episode 30 at timestep 1056000
Eval episode 31 at timestep 1056000
Eval episode 32 at timestep 1056000
Eval episode 33 at timestep 1056000
Eval episode 34 at timestep 1056000
Eval episode 35 at timestep 1056000
Eval episode 36 at timestep 1056000
Eval episode 37 at timestep 1056000
Eval episode 38 at timestep 1056000
Eval episode 39 at timestep 1056000
Eval episode 40 at timestep 1056000
Eval episode 41 at timestep 1056000
Eval episode 42 at timestep 1056000
Eval episode 43 at timestep 1056000
Eval episode 44 at timestep 1056000
Eval episode 45 at timestep 1056000
Eval episode 46 at timestep 1056000
Eval episode 47 at timestep 1056000
Eval episode 48 at timestep 1056000
Eval episode 49 at timestep 1056000
-----------------------------------
| rollout/             |          |
|    ep_len_mean       | 75       |
|    ep_rew_mean       | 3.24     |
| time/                |          |
|    episodes          | 3200     |
|    fps               | 1        |
|    time_elapsed      | 145992   |
|    total_timesteps   | 240000   |
| train/               |          |
|    actor_loss        | -2.62    |
|    critic_loss       | 0.00759  |
|    ent_coef          | 0.0011   |
|    ent_coef_loss     | 1.6      |
|    learning_rate     | 0.0003   |
|    n_updates         | 1799970  |
|    noise_critic_loss | 0.0209   |
-----------------------------------
[Step 1057200] VLM Score: 2.75, VLM Success: 25.0%, Sim Success: 50.0%
-----------------------------------
| rollout/             |          |
|    ep_len_mean       | 75       |
|    ep_rew_mean       | 3.25     |
| time/                |          |
|    episodes          | 3204     |
|    fps               | 1        |
|    time_elapsed      | 146132   |
|    total_timesteps   | 240300   |
| train/               |          |
|    actor_loss        | -2.55    |
|    critic_loss       | 0.00747  |
|    ent_coef          | 0.0011   |
|    ent_coef_loss     | 1.79     |
|    learning_rate     | 0.0003   |
|    n_updates         | 1802220  |
|    noise_critic_loss | 0.0198   |
-----------------------------------
[Step 1058400] VLM Score: 2.25, VLM Success: 0.0%, Sim Success: 75.0%
-----------------------------------
| rollout/             |          |
|    ep_len_mean       | 75       |
|    ep_rew_mean       | 3.21     |
| time/                |          |
|    episodes          | 3208     |
|    fps               | 1        |
|    time_elapsed      | 146272   |
|    total_timesteps   | 240600   |
| train/               |          |
|    actor_loss        | -2.6     |
|    critic_loss       | 0.00665  |
|    ent_coef          | 0.00108  |
|    ent_coef_loss     | -1.92    |
|    learning_rate     | 0.0003   |
|    n_updates         | 1804470  |
|    noise_critic_loss | 0.0201   |
-----------------------------------
[Step 1059600] VLM Score: 4.00, VLM Success: 50.0%, Sim Success: 0.0%
-----------------------------------
| rollout/             |          |
|    ep_len_mean       | 75       |
|    ep_rew_mean       | 3.24     |
| time/                |          |
|    episodes          | 3212     |
|    fps               | 1        |
|    time_elapsed      | 146410   |
|    total_timesteps   | 240900   |
| train/               |          |
|    actor_loss        | -2.6     |
|    critic_loss       | 0.00745  |
|    ent_coef          | 0.00109  |
|    ent_coef_loss     | -0.0166  |
|    learning_rate     | 0.0003   |
|    n_updates         | 1806720  |
|    noise_critic_loss | 0.0214   |
-----------------------------------
[Step 1060800] VLM Score: 2.00, VLM Success: 0.0%, Sim Success: 75.0%
-----------------------------------
| rollout/             |          |
|    ep_len_mean       | 75       |
|    ep_rew_mean       | 3.19     |
| time/                |          |
|    episodes          | 3216     |
|    fps               | 1        |
|    time_elapsed      | 146549   |
|    total_timesteps   | 241200   |
| train/               |          |
|    actor_loss        | -2.57    |
|    critic_loss       | 0.00735  |
|    ent_coef          | 0.00109  |
|    ent_coef_loss     | 1.35     |
|    learning_rate     | 0.0003   |
|    n_updates         | 1808970  |
|    noise_critic_loss | 0.0204   |
-----------------------------------
[VLM #4500] Task: Pick up the red cube from the table
    Frames: 62, Raw output: .2 seconds><14.2 seconds><15.2 seconds>Task: Pick up the red cube from the table
assistant
ANSWER: 2
    Parsed discrete score: 2/5 → Reward: -0.75
[Step 1062000] VLM Score: 2.75, VLM Success: 25.0%, Sim Success: 25.0%
-----------------------------------
| rollout/             |          |
|    ep_len_mean       | 75       |
|    ep_rew_mean       | 3.15     |
| time/                |          |
|    episodes          | 3220     |
|    fps               | 1        |
|    time_elapsed      | 146687   |
|    total_timesteps   | 241500   |
| train/               |          |
|    actor_loss        | -2.54    |
|    critic_loss       | 0.00732  |
|    ent_coef          | 0.00109  |
|    ent_coef_loss     | 0.169    |
|    learning_rate     | 0.0003   |
|    n_updates         | 1811220  |
|    noise_critic_loss | 0.0219   |
-----------------------------------
[Step 1063200] VLM Score: 3.75, VLM Success: 50.0%, Sim Success: 25.0%
-----------------------------------
| rollout/             |          |
|    ep_len_mean       | 75       |
|    ep_rew_mean       | 3.18     |
| time/                |          |
|    episodes          | 3224     |
|    fps               | 1        |
|    time_elapsed      | 146827   |
|    total_timesteps   | 241800   |
| train/               |          |
|    actor_loss        | -2.59    |
|    critic_loss       | 0.00766  |
|    ent_coef          | 0.00109  |
|    ent_coef_loss     | -0.568   |
|    learning_rate     | 0.0003   |
|    n_updates         | 1813470  |
|    noise_critic_loss | 0.0204   |
-----------------------------------
[Step 1064400] VLM Score: 3.25, VLM Success: 25.0%, Sim Success: 25.0%
-----------------------------------
| rollout/             |          |
|    ep_len_mean       | 75       |
|    ep_rew_mean       | 3.12     |
| time/                |          |
|    episodes          | 3228     |
|    fps               | 1        |
|    time_elapsed      | 146965   |
|    total_timesteps   | 242100   |
| train/               |          |
|    actor_loss        | -2.56    |
|    critic_loss       | 0.00766  |
|    ent_coef          | 0.00107  |
|    ent_coef_loss     | 1.75     |
|    learning_rate     | 0.0003   |
|    n_updates         | 1815720  |
|    noise_critic_loss | 0.0197   |
-----------------------------------
[Step 1065600] VLM Score: 2.75, VLM Success: 25.0%, Sim Success: 25.0%
-----------------------------------
| rollout/             |          |
|    ep_len_mean       | 75       |
|    ep_rew_mean       | 3.12     |
| time/                |          |
|    episodes          | 3232     |
|    fps               | 1        |
|    time_elapsed      | 147103   |
|    total_timesteps   | 242400   |
| train/               |          |
|    actor_loss        | -2.59    |
|    critic_loss       | 0.00701  |
|    ent_coef          | 0.00107  |
|    ent_coef_loss     | -0.0436  |
|    learning_rate     | 0.0003   |
|    n_updates         | 1817970  |
|    noise_critic_loss | 0.0199   |
-----------------------------------
[Step 1066800] VLM Score: 3.75, VLM Success: 75.0%, Sim Success: 50.0%
-----------------------------------
| rollout/             |          |
|    ep_len_mean       | 75       |
|    ep_rew_mean       | 3.15     |
| time/                |          |
|    episodes          | 3236     |
|    fps               | 1        |
|    time_elapsed      | 147242   |
|    total_timesteps   | 242700   |
| train/               |          |
|    actor_loss        | -2.56    |
|    critic_loss       | 0.00699  |
|    ent_coef          | 0.00108  |
|    ent_coef_loss     | 1.07     |
|    learning_rate     | 0.0003   |
|    n_updates         | 1820220  |
|    noise_critic_loss | 0.0194   |
-----------------------------------
[Step 1068000] VLM Score: 3.75, VLM Success: 50.0%, Sim Success: 50.0%
-----------------------------------
| rollout/             |          |
|    ep_len_mean       | 75       |
|    ep_rew_mean       | 3.17     |
| time/                |          |
|    episodes          | 3240     |
|    fps               | 1        |
|    time_elapsed      | 147383   |
|    total_timesteps   | 243000   |
| train/               |          |
|    actor_loss        | -2.59    |
|    critic_loss       | 0.00727  |
|    ent_coef          | 0.00109  |
|    ent_coef_loss     | -1.31    |
|    learning_rate     | 0.0003   |
|    n_updates         | 1822470  |
|    noise_critic_loss | 0.0201   |
-----------------------------------
[Step 1069200] VLM Score: 3.25, VLM Success: 25.0%, Sim Success: 25.0%
-----------------------------------
| rollout/             |          |
|    ep_len_mean       | 75       |
|    ep_rew_mean       | 3.14     |
| time/                |          |
|    episodes          | 3244     |
|    fps               | 1        |
|    time_elapsed      | 147521   |
|    total_timesteps   | 243300   |
| train/               |          |
|    actor_loss        | -2.57    |
|    critic_loss       | 0.00801  |
|    ent_coef          | 0.00109  |
|    ent_coef_loss     | 2.67     |
|    learning_rate     | 0.0003   |
|    n_updates         | 1824720  |
|    noise_critic_loss | 0.0212   |
-----------------------------------
[Step 1070400] VLM Score: 3.00, VLM Success: 25.0%, Sim Success: 50.0%
-----------------------------------
| rollout/             |          |
|    ep_len_mean       | 75       |
|    ep_rew_mean       | 3.12     |
| time/                |          |
|    episodes          | 3248     |
|    fps               | 1        |
|    time_elapsed      | 147659   |
|    total_timesteps   | 243600   |
| train/               |          |
|    actor_loss        | -2.57    |
|    critic_loss       | 0.00698  |
|    ent_coef          | 0.00109  |
|    ent_coef_loss     | 0.731    |
|    learning_rate     | 0.0003   |
|    n_updates         | 1826970  |
|    noise_critic_loss | 0.0211   |
-----------------------------------
[Step 1071600] VLM Score: 2.00, VLM Success: 0.0%, Sim Success: 100.0%
-----------------------------------
| rollout/             |          |
|    ep_len_mean       | 75       |
|    ep_rew_mean       | 3.06     |
| time/                |          |
|    episodes          | 3252     |
|    fps               | 1        |
|    time_elapsed      | 147799   |
|    total_timesteps   | 243900   |
| train/               |          |
|    actor_loss        | -2.57    |
|    critic_loss       | 0.00737  |
|    ent_coef          | 0.00109  |
|    ent_coef_loss     | -0.0236  |
|    learning_rate     | 0.0003   |
|    n_updates         | 1829220  |
|    noise_critic_loss | 0.0203   |
-----------------------------------
[Step 1072800] VLM Score: 3.00, VLM Success: 50.0%, Sim Success: 50.0%
-----------------------------------
| rollout/             |          |
|    ep_len_mean       | 75       |
|    ep_rew_mean       | 3.05     |
| time/                |          |
|    episodes          | 3256     |
|    fps               | 1        |
|    time_elapsed      | 147938   |
|    total_timesteps   | 244200   |
| train/               |          |
|    actor_loss        | -2.62    |
|    critic_loss       | 0.00728  |
|    ent_coef          | 0.00108  |
|    ent_coef_loss     | 1.55     |
|    learning_rate     | 0.0003   |
|    n_updates         | 1831470  |
|    noise_critic_loss | 0.0218   |
-----------------------------------
[Step 1074000] VLM Score: 3.00, VLM Success: 25.0%, Sim Success: 25.0%
-----------------------------------
| rollout/             |          |
|    ep_len_mean       | 75       |
|    ep_rew_mean       | 3.08     |
| time/                |          |
|    episodes          | 3260     |
|    fps               | 1        |
|    time_elapsed      | 148076   |
|    total_timesteps   | 244500   |
| train/               |          |
|    actor_loss        | -2.6     |
|    critic_loss       | 0.00683  |
|    ent_coef          | 0.00109  |
|    ent_coef_loss     | 0.29     |
|    learning_rate     | 0.0003   |
|    n_updates         | 1833720  |
|    noise_critic_loss | 0.0214   |
-----------------------------------
[Step 1075200] VLM Score: 2.50, VLM Success: 25.0%, Sim Success: 50.0%
-----------------------------------
| rollout/             |          |
|    ep_len_mean       | 75       |
|    ep_rew_mean       | 3.1      |
| time/                |          |
|    episodes          | 3264     |
|    fps               | 1        |
|    time_elapsed      | 148216   |
|    total_timesteps   | 244800   |
| train/               |          |
|    actor_loss        | -2.6     |
|    critic_loss       | 0.00712  |
|    ent_coef          | 0.00109  |
|    ent_coef_loss     | 0.636    |
|    learning_rate     | 0.0003   |
|    n_updates         | 1835970  |
|    noise_critic_loss | 0.0203   |
-----------------------------------
[Step 1076400] VLM Score: 4.00, VLM Success: 75.0%, Sim Success: 75.0%
-----------------------------------
| rollout/             |          |
|    ep_len_mean       | 75       |
|    ep_rew_mean       | 3.14     |
| time/                |          |
|    episodes          | 3268     |
|    fps               | 1        |
|    time_elapsed      | 148355   |
|    total_timesteps   | 245100   |
| train/               |          |
|    actor_loss        | -2.58    |
|    critic_loss       | 0.00697  |
|    ent_coef          | 0.00108  |
|    ent_coef_loss     | -1.69    |
|    learning_rate     | 0.0003   |
|    n_updates         | 1838220  |
|    noise_critic_loss | 0.0208   |
-----------------------------------
[VLM #4550] Task: Pick up the red cube from the table
    Frames: 62, Raw output: .2 seconds><14.2 seconds><15.2 seconds>Task: Pick up the red cube from the table
assistant
ANSWER: 2
    Parsed discrete score: 2/5 → Reward: -0.75
[Step 1077600] VLM Score: 3.50, VLM Success: 50.0%, Sim Success: 0.0%
-----------------------------------
| rollout/             |          |
|    ep_len_mean       | 75       |
|    ep_rew_mean       | 3.13     |
| time/                |          |
|    episodes          | 3272     |
|    fps               | 1        |
|    time_elapsed      | 148494   |
|    total_timesteps   | 245400   |
| train/               |          |
|    actor_loss        | -2.56    |
|    critic_loss       | 0.00689  |
|    ent_coef          | 0.00107  |
|    ent_coef_loss     | 1.9      |
|    learning_rate     | 0.0003   |
|    n_updates         | 1840470  |
|    noise_critic_loss | 0.022    |
-----------------------------------
[Step 1078800] VLM Score: 3.25, VLM Success: 50.0%, Sim Success: 25.0%
-----------------------------------
| rollout/             |          |
|    ep_len_mean       | 75       |
|    ep_rew_mean       | 3.12     |
| time/                |          |
|    episodes          | 3276     |
|    fps               | 1        |
|    time_elapsed      | 148633   |
|    total_timesteps   | 245700   |
| train/               |          |
|    actor_loss        | -2.55    |
|    critic_loss       | 0.00688  |
|    ent_coef          | 0.00108  |
|    ent_coef_loss     | 0.0297   |
|    learning_rate     | 0.0003   |
|    n_updates         | 1842720  |
|    noise_critic_loss | 0.0221   |
-----------------------------------
[Step 1080000] VLM Score: 3.75, VLM Success: 75.0%, Sim Success: 25.0%
-----------------------------------
| rollout/             |          |
|    ep_len_mean       | 75       |
|    ep_rew_mean       | 3.12     |
| time/                |          |
|    episodes          | 3280     |
|    fps               | 1        |
|    time_elapsed      | 148772   |
|    total_timesteps   | 246000   |
| train/               |          |
|    actor_loss        | -2.57    |
|    critic_loss       | 0.00799  |
|    ent_coef          | 0.00109  |
|    ent_coef_loss     | 2.95     |
|    learning_rate     | 0.0003   |
|    n_updates         | 1844970  |
|    noise_critic_loss | 0.0202   |
-----------------------------------
[Step 1081200] VLM Score: 4.50, VLM Success: 100.0%, Sim Success: 25.0%
-----------------------------------
| rollout/             |          |
|    ep_len_mean       | 75       |
|    ep_rew_mean       | 3.15     |
| time/                |          |
|    episodes          | 3284     |
|    fps               | 1        |
|    time_elapsed      | 148909   |
|    total_timesteps   | 246300   |
| train/               |          |
|    actor_loss        | -2.56    |
|    critic_loss       | 0.00697  |
|    ent_coef          | 0.00108  |
|    ent_coef_loss     | 0.432    |
|    learning_rate     | 0.0003   |
|    n_updates         | 1847220  |
|    noise_critic_loss | 0.0219   |
-----------------------------------
[Step 1082400] VLM Score: 2.50, VLM Success: 0.0%, Sim Success: 0.0%
-----------------------------------
| rollout/             |          |
|    ep_len_mean       | 75       |
|    ep_rew_mean       | 3.11     |
| time/                |          |
|    episodes          | 3288     |
|    fps               | 1        |
|    time_elapsed      | 149047   |
|    total_timesteps   | 246600   |
| train/               |          |
|    actor_loss        | -2.54    |
|    critic_loss       | 0.00734  |
|    ent_coef          | 0.00111  |
|    ent_coef_loss     | 1.2      |
|    learning_rate     | 0.0003   |
|    n_updates         | 1849470  |
|    noise_critic_loss | 0.0211   |
-----------------------------------
[Step 1083600] VLM Score: 2.25, VLM Success: 0.0%, Sim Success: 0.0%
-----------------------------------
| rollout/             |          |
|    ep_len_mean       | 75       |
|    ep_rew_mean       | 3.06     |
| time/                |          |
|    episodes          | 3292     |
|    fps               | 1        |
|    time_elapsed      | 149185   |
|    total_timesteps   | 246900   |
| train/               |          |
|    actor_loss        | -2.56    |
|    critic_loss       | 0.00745  |
|    ent_coef          | 0.00109  |
|    ent_coef_loss     | 2.51     |
|    learning_rate     | 0.0003   |
|    n_updates         | 1851720  |
|    noise_critic_loss | 0.0201   |
-----------------------------------
[Step 1084800] VLM Score: 3.00, VLM Success: 50.0%, Sim Success: 50.0%
-----------------------------------
| rollout/             |          |
|    ep_len_mean       | 75       |
|    ep_rew_mean       | 3.07     |
| time/                |          |
|    episodes          | 3296     |
|    fps               | 1        |
|    time_elapsed      | 149324   |
|    total_timesteps   | 247200   |
| train/               |          |
|    actor_loss        | -2.57    |
|    critic_loss       | 0.00698  |
|    ent_coef          | 0.00108  |
|    ent_coef_loss     | -0.348   |
|    learning_rate     | 0.0003   |
|    n_updates         | 1853970  |
|    noise_critic_loss | 0.0202   |
-----------------------------------
[Step 1086000] VLM Score: 3.25, VLM Success: 50.0%, Sim Success: 0.0%
-----------------------------------
| rollout/             |          |
|    ep_len_mean       | 75       |
|    ep_rew_mean       | 3.11     |
| time/                |          |
|    episodes          | 3300     |
|    fps               | 1        |
|    time_elapsed      | 149464   |
|    total_timesteps   | 247500   |
| train/               |          |
|    actor_loss        | -2.57    |
|    critic_loss       | 0.00719  |
|    ent_coef          | 0.00108  |
|    ent_coef_loss     | -0.389   |
|    learning_rate     | 0.0003   |
|    n_updates         | 1856220  |
|    noise_critic_loss | 0.02     |
-----------------------------------
[Step 1087200] VLM Score: 3.50, VLM Success: 50.0%, Sim Success: 0.0%
-----------------------------------
| rollout/             |          |
|    ep_len_mean       | 75       |
|    ep_rew_mean       | 3.14     |
| time/                |          |
|    episodes          | 3304     |
|    fps               | 1        |
|    time_elapsed      | 149602   |
|    total_timesteps   | 247800   |
| train/               |          |
|    actor_loss        | -2.55    |
|    critic_loss       | 0.00736  |
|    ent_coef          | 0.00107  |
|    ent_coef_loss     | -0.825   |
|    learning_rate     | 0.0003   |
|    n_updates         | 1858470  |
|    noise_critic_loss | 0.0194   |
-----------------------------------
[Step 1088400] VLM Score: 3.25, VLM Success: 50.0%, Sim Success: 25.0%
-----------------------------------
| rollout/             |          |
|    ep_len_mean       | 75       |
|    ep_rew_mean       | 3.18     |
| time/                |          |
|    episodes          | 3308     |
|    fps               | 1        |
|    time_elapsed      | 149741   |
|    total_timesteps   | 248100   |
| train/               |          |
|    actor_loss        | -2.59    |
|    critic_loss       | 0.00866  |
|    ent_coef          | 0.00107  |
|    ent_coef_loss     | -0.387   |
|    learning_rate     | 0.0003   |
|    n_updates         | 1860720  |
|    noise_critic_loss | 0.0213   |
-----------------------------------
[Step 1089600] VLM Score: 2.75, VLM Success: 25.0%, Sim Success: 75.0%
-----------------------------------
| rollout/             |          |
|    ep_len_mean       | 75       |
|    ep_rew_mean       | 3.13     |
| time/                |          |
|    episodes          | 3312     |
|    fps               | 1        |
|    time_elapsed      | 149879   |
|    total_timesteps   | 248400   |
| train/               |          |
|    actor_loss        | -2.55    |
|    critic_loss       | 0.00711  |
|    ent_coef          | 0.00109  |
|    ent_coef_loss     | -0.317   |
|    learning_rate     | 0.0003   |
|    n_updates         | 1862970  |
|    noise_critic_loss | 0.0202   |
-----------------------------------
[Step 1090800] VLM Score: 2.00, VLM Success: 0.0%, Sim Success: 50.0%
-----------------------------------
| rollout/             |          |
|    ep_len_mean       | 75       |
|    ep_rew_mean       | 3.13     |
| time/                |          |
|    episodes          | 3316     |
|    fps               | 1        |
|    time_elapsed      | 150018   |
|    total_timesteps   | 248700   |
| train/               |          |
|    actor_loss        | -2.58    |
|    critic_loss       | 0.00717  |
|    ent_coef          | 0.00107  |
|    ent_coef_loss     | -2.33    |
|    learning_rate     | 0.0003   |
|    n_updates         | 1865220  |
|    noise_critic_loss | 0.0216   |
-----------------------------------
[VLM #4600] Task: Pick up the red cube from the table
    Frames: 62, Raw output: .2 seconds><14.2 seconds><15.2 seconds>Task: Pick up the red cube from the table
assistant
ANSWER: 5
    Parsed discrete score: 5/5 → Reward: 0.00
[Step 1092000] VLM Score: 3.25, VLM Success: 25.0%, Sim Success: 50.0%
-----------------------------------
| rollout/             |          |
|    ep_len_mean       | 75       |
|    ep_rew_mean       | 3.15     |
| time/                |          |
|    episodes          | 3320     |
|    fps               | 1        |
|    time_elapsed      | 150157   |
|    total_timesteps   | 249000   |
| train/               |          |
|    actor_loss        | -2.56    |
|    critic_loss       | 0.00768  |
|    ent_coef          | 0.00109  |
|    ent_coef_loss     | 0.779    |
|    learning_rate     | 0.0003   |
|    n_updates         | 1867470  |
|    noise_critic_loss | 0.02     |
-----------------------------------
[Step 1093200] VLM Score: 2.50, VLM Success: 25.0%, Sim Success: 25.0%
-----------------------------------
| rollout/             |          |
|    ep_len_mean       | 75       |
|    ep_rew_mean       | 3.1      |
| time/                |          |
|    episodes          | 3324     |
|    fps               | 1        |
|    time_elapsed      | 150295   |
|    total_timesteps   | 249300   |
| train/               |          |
|    actor_loss        | -2.56    |
|    critic_loss       | 0.00722  |
|    ent_coef          | 0.00107  |
|    ent_coef_loss     | 0.674    |
|    learning_rate     | 0.0003   |
|    n_updates         | 1869720  |
|    noise_critic_loss | 0.0208   |
-----------------------------------
[Step 1094400] VLM Score: 4.00, VLM Success: 75.0%, Sim Success: 75.0%
-----------------------------------
| rollout/             |          |
|    ep_len_mean       | 75       |
|    ep_rew_mean       | 3.13     |
| time/                |          |
|    episodes          | 3328     |
|    fps               | 1        |
|    time_elapsed      | 150433   |
|    total_timesteps   | 249600   |
| train/               |          |
|    actor_loss        | -2.57    |
|    critic_loss       | 0.00708  |
|    ent_coef          | 0.00107  |
|    ent_coef_loss     | 1.72     |
|    learning_rate     | 0.0003   |
|    n_updates         | 1871970  |
|    noise_critic_loss | 0.0213   |
-----------------------------------
[Step 1095600] VLM Score: 3.75, VLM Success: 75.0%, Sim Success: 25.0%
-----------------------------------
| rollout/             |          |
|    ep_len_mean       | 75       |
|    ep_rew_mean       | 3.17     |
| time/                |          |
|    episodes          | 3332     |
|    fps               | 1        |
|    time_elapsed      | 150572   |
|    total_timesteps   | 249900   |
| train/               |          |
|    actor_loss        | -2.58    |
|    critic_loss       | 0.0075   |
|    ent_coef          | 0.00109  |
|    ent_coef_loss     | 0.344    |
|    learning_rate     | 0.0003   |
|    n_updates         | 1874220  |
|    noise_critic_loss | 0.0199   |
-----------------------------------
wandb: - 0.031 MB of 0.031 MB uploadedwandb: \ 0.031 MB of 0.031 MB uploadedwandb: | 0.031 MB of 0.031 MB uploadedwandb: / 0.031 MB of 0.031 MB uploadedwandb: - 0.061 MB of 0.710 MB uploadedwandb: \ 0.710 MB of 0.710 MB uploadedwandb: | 0.710 MB of 0.710 MB uploadedwandb: / 0.710 MB of 0.710 MB uploadedwandb:                                                                                
wandb: 
wandb: Run history:
wandb:        loss/actor ▁▆██████████████████████████████████████
wandb:       loss/critic █▂▁▁▁▁▁▁▁▁▁▁▁▁▁▁▁▁▁▁▁▁▁▁▁▁▁▁▁▁▁▁▁▁▁▁▁▁▁▁
wandb:     loss/ent_coef █▃▁▁▁▁▁▁▁▁▁▁▁▁▁▁▁▁▁▁▁▁▁▁▁▁▁▁▁▁▁▁▁▁▁▁▁▁▁▁
wandb: loss/noise_critic █▂▁▁▁▁▁▁▁▁▁▁▁▁▁▁▁▁▁▁▁▁▁▁▁▁▁▁▁▁▁▁▁▁▁▁▁▁▁▁
wandb:  sim/success_rate ▁▁▁▃██▆▆████▁▆▆▆▃▆▃█▃█▆▆▁▆▆▃▆▆▆▆▆███▆█▃█
wandb:          timestep ▁▁▁▁▂▂▂▂▂▃▃▃▃▃▃▄▄▄▄▄▅▅▅▅▅▅▆▆▆▆▆▇▇▇▇▇▇███
wandb:        vlm/reward ▅▅▄▄▆▁▂▅▇▄▃▇█▃▂▅▄▅▄▅▃▁▄▄▃▄▂▅▅▇▆▃▇▅▂▄▁▄▃▇
wandb:     vlm/score_raw ▅▅▄▄▆▁▂▅▇▄▃▇█▃▂▅▄▅▄▅▃▁▄▄▃▄▂▅▅▇▆▃▇▅▂▄▁▄▃▇
wandb:  vlm/success_rate ▅▆▅▃▅▁▁▅▆▃▃▆█▃▃▅▅▅▃▅▃▁▅▃▃▃▃▅▅▆▅▃▆▅▁▃▁▃▃▆
wandb: 
wandb: Run summary:
wandb:        loss/actor -2.55565
wandb:       loss/critic 0.0074
wandb:     loss/ent_coef 0.00107
wandb: loss/noise_critic 0.02143
wandb:  sim/success_rate 0.25
wandb:          timestep 1096000
wandb:        vlm/reward 3.75
wandb:     vlm/score_raw 3.75
wandb:  vlm/success_rate 0.75
wandb: 
wandb: 🚀 View run robomimic_lift_dsrl_vlm_2026-02-07_08-43-06_1_vlm at: https://wandb.ai/nlp-squad/dsrl_roboreward/runs/upvlqnzh
wandb: ⭐️ View project at: https://wandb.ai/nlp-squad/dsrl_roboreward
wandb: Synced 7 W&B file(s), 0 media file(s), 3 artifact file(s) and 1 other file(s)
wandb: Find logs at: ./wandb/run-20260207_084330-upvlqnzh/logs
wandb: WARNING The new W&B backend becomes opt-out in version 0.18.0; try it out with `wandb.require("core")`! See https://wandb.me/wandb-core for more information.
========================================
Job finished: Mon Feb  9 08:25:36 CET 2026
========================================
