save_dir,kind,step,score
coffeepush_robometer_4b_22757287,eval,5000,0.15
coffeepush_robometer_4b_22757287,eval,10000,0.0
coffeepush_robometer_4b_22757287,eval,15000,0.0
coffeepush_robometer_4b_22757287,eval,20000,0.0
coffeepush_robometer_4b_22757287,train,5000,0.0
coffeepush_robometer_4b_22757287,train,10000,0.02
coffeepush_robometer_4b_22757287,train,15000,0.0
coffeepush_robometer_4b_22757287,train,20000,0.04
coffeepush_robometer_4b_22764141,eval,5000,0.15
coffeepush_robometer_4b_22764141,eval,10000,0.05
coffeepush_robometer_4b_22764141,eval,15000,0.05
coffeepush_robometer_4b_22764141,eval,20000,0.0
coffeepush_robometer_4b_22764141,train,5000,0.0
coffeepush_robometer_4b_22764141,train,10000,0.06
coffeepush_robometer_4b_22764141,train,15000,0.06
coffeepush_robometer_4b_22764141,train,20000,0.0
coffeepush_robometer_4b_22765381,eval,5000,0.0
coffeepush_robometer_4b_22765381,eval,10000,0.0
coffeepush_robometer_4b_22765381,eval,15000,0.15
coffeepush_robometer_4b_22765381,eval,20000,0.0
coffeepush_robometer_4b_22765381,train,5000,0.0
coffeepush_robometer_4b_22765381,train,10000,0.0
coffeepush_robometer_4b_22765381,train,15000,0.02
coffeepush_robometer_4b_22765381,train,20000,0.0
coffeepush_robometer_4b_22777693,eval,5000,0.0
coffeepush_robometer_4b_22777693,eval,10000,0.0
coffeepush_robometer_4b_22777693,eval,15000,0.1
coffeepush_robometer_4b_22777693,eval,20000,0.0
coffeepush_robometer_4b_22777693,train,5000,0.02
coffeepush_robometer_4b_22777693,train,10000,0.0
coffeepush_robometer_4b_22777693,train,15000,0.02
coffeepush_robometer_4b_22777693,train,20000,0.06
coffeepush_robometer_ft_22814674,eval,5000,0.0
coffeepush_robometer_ft_22814674,eval,10000,0.05
coffeepush_robometer_ft_22814674,eval,15000,0.0
coffeepush_robometer_ft_22814674,eval,20000,0.0
coffeepush_robometer_ft_22814674,train,5000,0.02
coffeepush_robometer_ft_22814674,train,10000,0.02
coffeepush_robometer_ft_22814674,train,15000,0.04
coffeepush_robometer_ft_22814674,train,20000,0.02
coffeepush_robometer_ft_22815328,eval,5000,0.05
coffeepush_robometer_ft_22815328,eval,10000,0.0
coffeepush_robometer_ft_22815328,eval,15000,0.0
coffeepush_robometer_ft_22815328,eval,20000,0.15
coffeepush_robometer_ft_22815328,train,5000,0.04
coffeepush_robometer_ft_22815328,train,10000,0.04
coffeepush_robometer_ft_22815328,train,15000,0.0
coffeepush_robometer_ft_22815328,train,20000,0.0
coffeepush_robometer_ft_22815674,eval,5000,0.0
coffeepush_robometer_ft_22815674,eval,10000,0.0
coffeepush_robometer_ft_22815674,eval,15000,0.1
coffeepush_robometer_ft_22815674,eval,20000,0.0
coffeepush_robometer_ft_22815674,train,5000,0.04
coffeepush_robometer_ft_22815674,train,10000,0.0
coffeepush_robometer_ft_22815674,train,15000,0.02
coffeepush_robometer_ft_22815674,train,20000,0.0
coffeepush_robometer_ft_22848892,eval,5000,0.0
coffeepush_robometer_ft_22848892,eval,10000,0.05
coffeepush_robometer_ft_22848892,eval,15000,0.0
coffeepush_robometer_ft_22848892,eval,20000,0.0
coffeepush_robometer_ft_22848892,train,5000,0.04
coffeepush_robometer_ft_22848892,train,10000,0.0
coffeepush_robometer_ft_22848892,train,15000,0.0
coffeepush_robometer_ft_22848892,train,20000,0.02
coffeepush_robometer_ft_22848893,eval,5000,0.0
coffeepush_robometer_ft_22848893,eval,10000,0.0
coffeepush_robometer_ft_22848893,eval,15000,0.1
coffeepush_robometer_ft_22848893,eval,20000,0.0
coffeepush_robometer_ft_22848893,train,5000,0.02
coffeepush_robometer_ft_22848893,train,10000,0.02
coffeepush_robometer_ft_22848893,train,15000,0.02
coffeepush_robometer_ft_22848893,train,20000,0.02
coffeepush_robometer_ft_22848894,eval,5000,0.0
coffeepush_robometer_ft_22848894,eval,10000,0.0
coffeepush_robometer_ft_22848894,eval,15000,0.0
coffeepush_robometer_ft_22848894,eval,20000,0.0
coffeepush_robometer_ft_22848894,train,5000,0.02
coffeepush_robometer_ft_22848894,train,10000,0.0
coffeepush_robometer_ft_22848894,train,15000,0.02
coffeepush_robometer_ft_22848894,train,20000,0.0
coffeepush_robometer_ft_22866918,eval,5000,0.0
coffeepush_robometer_ft_22866918,eval,10000,0.0
coffeepush_robometer_ft_22866918,eval,15000,0.1
coffeepush_robometer_ft_22866918,eval,20000,0.0
coffeepush_robometer_ft_22866918,train,5000,0.0
coffeepush_robometer_ft_22866918,train,10000,0.0
coffeepush_robometer_ft_22866918,train,15000,0.02
coffeepush_robometer_ft_22866918,train,20000,0.04
coffeepush_robometer_4b_22869092,eval,5000,0.0
coffeepush_robometer_4b_22869092,eval,10000,0.1
coffeepush_robometer_4b_22869092,eval,15000,0.2
coffeepush_robometer_4b_22869092,eval,20000,0.15
coffeepush_robometer_4b_22869092,train,5000,0.0
coffeepush_robometer_4b_22869092,train,10000,0.0
coffeepush_robometer_4b_22869092,train,15000,0.0
coffeepush_robometer_4b_22869092,train,20000,0.06
stickpull_robometer_4b_22871302,eval,5000,0.0
stickpull_robometer_4b_22871302,eval,10000,0.0
stickpull_robometer_4b_22871302,eval,15000,0.0
stickpull_robometer_4b_22871302,eval,20000,0.0
stickpull_robometer_4b_22871302,train,5000,0.0
stickpull_robometer_4b_22871302,train,10000,0.0
stickpull_robometer_4b_22871302,train,15000,0.0
stickpull_robometer_4b_22871302,train,20000,0.0
stickpull_robometer_ft_22871303,eval,5000,0.0
stickpull_robometer_ft_22871303,eval,10000,0.0
stickpull_robometer_ft_22871303,eval,15000,0.0
stickpull_robometer_ft_22871303,eval,20000,0.05
stickpull_robometer_ft_22871303,train,5000,0.0
stickpull_robometer_ft_22871303,train,10000,0.0
stickpull_robometer_ft_22871303,train,15000,0.0
stickpull_robometer_ft_22871303,train,20000,0.02
coffeepush_robometer_ft_b0.5_t0.6_22907485,eval,5000,0.15
coffeepush_robometer_ft_b0.5_t0.6_22907485,eval,10000,0.15
coffeepush_robometer_ft_b0.5_t0.6_22907485,eval,15000,0.1
coffeepush_robometer_ft_b0.5_t0.6_22907485,eval,20000,0.1
coffeepush_robometer_ft_b0.5_t0.6_22907485,eval,25000,0.05
coffeepush_robometer_ft_b0.5_t0.6_22907485,eval,30000,0.05
coffeepush_robometer_ft_b0.5_t0.6_22907485,eval,35000,0.05
coffeepush_robometer_ft_b0.5_t0.6_22907485,eval,40000,0.0
coffeepush_robometer_ft_b0.5_t0.6_22907485,eval,45000,0.0
coffeepush_robometer_ft_b0.5_t0.6_22907485,eval,50000,0.0
coffeepush_robometer_ft_b0.5_t0.6_22907485,eval,55000,0.0
coffeepush_robometer_ft_b0.5_t0.6_22907485,eval,60000,0.1
coffeepush_robometer_ft_b0.5_t0.6_22907485,eval,65000,0.0
coffeepush_robometer_ft_b0.5_t0.6_22907485,eval,70000,0.0
coffeepush_robometer_ft_b0.5_t0.6_22907485,eval,75000,0.0
coffeepush_robometer_ft_b0.5_t0.6_22907485,eval,80000,0.0
coffeepush_robometer_ft_b0.5_t0.6_22907485,eval,85000,0.05
coffeepush_robometer_ft_b0.5_t0.6_22907485,eval,90000,0.0
coffeepush_robometer_ft_b0.5_t0.6_22907485,eval,95000,0.05
coffeepush_robometer_ft_b0.5_t0.6_22907485,eval,100000,0.0
coffeepush_robometer_ft_b0.5_t0.6_22907485,eval,105000,0.0
coffeepush_robometer_ft_b0.5_t0.6_22907485,eval,110000,0.0
coffeepush_robometer_ft_b0.5_t0.6_22907485,eval,115000,0.05
coffeepush_robometer_ft_b0.5_t0.6_22907485,eval,120000,0.3
coffeepush_robometer_ft_b0.5_t0.6_22907485,eval,125000,0.0
coffeepush_robometer_ft_b0.5_t0.6_22907485,eval,130000,0.2
coffeepush_robometer_ft_b0.5_t0.6_22907485,eval,135000,0.0
coffeepush_robometer_ft_b0.5_t0.6_22907485,eval,140000,0.05
coffeepush_robometer_ft_b0.5_t0.6_22907485,eval,145000,0.05
coffeepush_robometer_ft_b0.5_t0.6_22907485,eval,150000,0.0
coffeepush_robometer_ft_b0.5_t0.6_22907485,eval,155000,0.0
coffeepush_robometer_ft_b0.5_t0.6_22907485,eval,160000,0.0
coffeepush_robometer_ft_b0.5_t0.6_22907485,eval,165000,0.0
coffeepush_robometer_ft_b0.5_t0.6_22907485,eval,170000,0.0
coffeepush_robometer_ft_b0.5_t0.6_22907485,eval,175000,0.0
coffeepush_robometer_ft_b0.5_t0.6_22907485,eval,180000,0.0
coffeepush_robometer_ft_b0.5_t0.6_22907485,eval,185000,0.2
coffeepush_robometer_ft_b0.5_t0.6_22907485,eval,190000,0.0
coffeepush_robometer_ft_b0.5_t0.6_22907485,eval,195000,0.0
coffeepush_robometer_ft_b0.5_t0.6_22907485,eval,200000,0.0
coffeepush_robometer_ft_b0.5_t0.6_22907485,eval,205000,0.1
coffeepush_robometer_ft_b0.5_t0.6_22907485,eval,210000,0.0
coffeepush_robometer_ft_b0.5_t0.6_22907485,eval,215000,0.0
coffeepush_robometer_ft_b0.5_t0.6_22907485,eval,220000,0.0
coffeepush_robometer_ft_b0.5_t0.6_22907485,eval,225000,0.0
coffeepush_robometer_ft_b0.5_t0.6_22907485,eval,230000,0.0
coffeepush_robometer_ft_b0.5_t0.6_22907485,eval,235000,0.0
coffeepush_robometer_ft_b0.5_t0.6_22907485,eval,240000,0.0
coffeepush_robometer_ft_b0.5_t0.6_22907485,eval,245000,0.0
coffeepush_robometer_ft_b0.5_t0.6_22907485,eval,250000,0.05
coffeepush_robometer_ft_b0.5_t0.6_22907485,eval,255000,0.0
coffeepush_robometer_ft_b0.5_t0.6_22907485,eval,260000,0.0
coffeepush_robometer_ft_b0.5_t0.6_22907485,eval,265000,0.0
coffeepush_robometer_ft_b0.5_t0.6_22907485,eval,270000,0.05
coffeepush_robometer_ft_b0.5_t0.6_22907485,eval,275000,0.0
coffeepush_robometer_ft_b0.5_t0.6_22907485,eval,280000,0.05
coffeepush_robometer_ft_b0.5_t0.6_22907485,eval,285000,0.0
coffeepush_robometer_ft_b0.5_t0.6_22907485,eval,290000,0.0
coffeepush_robometer_ft_b0.5_t0.6_22907485,eval,295000,0.0
coffeepush_robometer_ft_b0.5_t0.6_22907485,eval,300000,0.0
coffeepush_robometer_ft_b0.5_t0.6_22907485,train,5000,0.04
coffeepush_robometer_ft_b0.5_t0.6_22907485,train,10000,0.0
coffeepush_robometer_ft_b0.5_t0.6_22907485,train,15000,0.04
coffeepush_robometer_ft_b0.5_t0.6_22907485,train,20000,0.06
coffeepush_robometer_ft_b0.5_t0.6_22907485,train,25000,0.04
coffeepush_robometer_ft_b0.5_t0.6_22907485,train,30000,0.06
coffeepush_robometer_ft_b0.5_t0.6_22907485,train,35000,0.06
coffeepush_robometer_ft_b0.5_t0.6_22907485,train,40000,0.02
coffeepush_robometer_ft_b0.5_t0.6_22907485,train,45000,0.0
coffeepush_robometer_ft_b0.5_t0.6_22907485,train,50000,0.0
coffeepush_robometer_ft_b0.5_t0.6_22907485,train,55000,0.02
coffeepush_robometer_ft_b0.5_t0.6_22907485,train,60000,0.0
coffeepush_robometer_ft_b0.5_t0.6_22907485,train,65000,0.04
coffeepush_robometer_ft_b0.5_t0.6_22907485,train,70000,0.02
coffeepush_robometer_ft_b0.5_t0.6_22907485,train,75000,0.02
coffeepush_robometer_ft_b0.5_t0.6_22907485,train,80000,0.0
coffeepush_robometer_ft_b0.5_t0.6_22907485,train,85000,0.02
coffeepush_robometer_ft_b0.5_t0.6_22907485,train,90000,0.0
coffeepush_robometer_ft_b0.5_t0.6_22907485,train,95000,0.02
coffeepush_robometer_ft_b0.5_t0.6_22907485,train,100000,0.0
coffeepush_robometer_ft_b0.5_t0.6_22907485,train,105000,0.02
coffeepush_robometer_ft_b0.5_t0.6_22907485,train,110000,0.0
coffeepush_robometer_ft_b0.5_t0.6_22907485,train,115000,0.04
coffeepush_robometer_ft_b0.5_t0.6_22907485,train,120000,0.02
coffeepush_robometer_ft_b0.5_t0.6_22907485,train,125000,0.04
coffeepush_robometer_ft_b0.5_t0.6_22907485,train,130000,0.0
coffeepush_robometer_ft_b0.5_t0.6_22907485,train,135000,0.08
coffeepush_robometer_ft_b0.5_t0.6_22907485,train,140000,0.0
coffeepush_robometer_ft_b0.5_t0.6_22907485,train,145000,0.04
coffeepush_robometer_ft_b0.5_t0.6_22907485,train,150000,0.0
coffeepush_robometer_ft_b0.5_t0.6_22907485,train,155000,0.0
coffeepush_robometer_ft_b0.5_t0.6_22907485,train,160000,0.06
coffeepush_robometer_ft_b0.5_t0.6_22907485,train,165000,0.0
coffeepush_robometer_ft_b0.5_t0.6_22907485,train,170000,0.02
coffeepush_robometer_ft_b0.5_t0.6_22907485,train,175000,0.04
coffeepush_robometer_ft_b0.5_t0.6_22907485,train,180000,0.0
coffeepush_robometer_ft_b0.5_t0.6_22907485,train,185000,0.02
coffeepush_robometer_ft_b0.5_t0.6_22907485,train,190000,0.0
coffeepush_robometer_ft_b0.5_t0.6_22907485,train,195000,0.02
coffeepush_robometer_ft_b0.5_t0.6_22907485,train,200000,0.0
coffeepush_robometer_ft_b0.5_t0.6_22907485,train,205000,0.06
coffeepush_robometer_ft_b0.5_t0.6_22907485,train,210000,0.0
coffeepush_robometer_ft_b0.5_t0.6_22907485,train,215000,0.0
coffeepush_robometer_ft_b0.5_t0.6_22907485,train,220000,0.06
coffeepush_robometer_ft_b0.5_t0.6_22907485,train,225000,0.0
coffeepush_robometer_ft_b0.5_t0.6_22907485,train,230000,0.02
coffeepush_robometer_ft_b0.5_t0.6_22907485,train,235000,0.0
coffeepush_robometer_ft_b0.5_t0.6_22907485,train,240000,0.0
coffeepush_robometer_ft_b0.5_t0.6_22907485,train,245000,0.0
coffeepush_robometer_ft_b0.5_t0.6_22907485,train,250000,0.02
coffeepush_robometer_ft_b0.5_t0.6_22907485,train,255000,0.0
coffeepush_robometer_ft_b0.5_t0.6_22907485,train,260000,0.0
coffeepush_robometer_ft_b0.5_t0.6_22907485,train,265000,0.02
coffeepush_robometer_ft_b0.5_t0.6_22907485,train,270000,0.0
coffeepush_robometer_ft_b0.5_t0.6_22907485,train,275000,0.0
coffeepush_robometer_ft_b0.5_t0.6_22907485,train,280000,0.0
coffeepush_robometer_ft_b0.5_t0.6_22907485,train,285000,0.02
coffeepush_robometer_ft_b0.5_t0.6_22907485,train,290000,0.0
coffeepush_robometer_ft_b0.5_t0.6_22907485,train,295000,0.02
coffeepush_robometer_ft_b0.5_t0.6_22907485,train,300000,0.0
coffeepush_robometer_ft_b0.5_t0.3_22907484,eval,5000,0.0
coffeepush_robometer_ft_b0.5_t0.3_22907484,eval,10000,0.0
coffeepush_robometer_ft_b0.5_t0.3_22907484,eval,15000,0.0
coffeepush_robometer_ft_b0.5_t0.3_22907484,eval,20000,0.0
coffeepush_robometer_ft_b0.5_t0.3_22907484,eval,25000,0.0
coffeepush_robometer_ft_b0.5_t0.3_22907484,eval,30000,0.0
coffeepush_robometer_ft_b0.5_t0.3_22907484,eval,35000,0.1
coffeepush_robometer_ft_b0.5_t0.3_22907484,eval,40000,0.05
coffeepush_robometer_ft_b0.5_t0.3_22907484,eval,45000,0.0
coffeepush_robometer_ft_b0.5_t0.3_22907484,eval,50000,0.0
coffeepush_robometer_ft_b0.5_t0.3_22907484,eval,55000,0.0
coffeepush_robometer_ft_b0.5_t0.3_22907484,eval,60000,0.0
coffeepush_robometer_ft_b0.5_t0.3_22907484,eval,65000,0.05
coffeepush_robometer_ft_b0.5_t0.3_22907484,eval,70000,0.0
coffeepush_robometer_ft_b0.5_t0.3_22907484,eval,75000,0.0
coffeepush_robometer_ft_b0.5_t0.3_22907484,eval,80000,0.0
coffeepush_robometer_ft_b0.5_t0.3_22907484,eval,85000,0.25
coffeepush_robometer_ft_b0.5_t0.3_22907484,eval,90000,0.0
coffeepush_robometer_ft_b0.5_t0.3_22907484,eval,95000,0.0
coffeepush_robometer_ft_b0.5_t0.3_22907484,eval,100000,0.0
coffeepush_robometer_ft_b0.5_t0.3_22907484,eval,105000,0.0
coffeepush_robometer_ft_b0.5_t0.3_22907484,eval,110000,0.0
coffeepush_robometer_ft_b0.5_t0.3_22907484,eval,115000,0.0
coffeepush_robometer_ft_b0.5_t0.3_22907484,eval,120000,0.0
coffeepush_robometer_ft_b0.5_t0.3_22907484,eval,125000,0.0
coffeepush_robometer_ft_b0.5_t0.3_22907484,eval,130000,0.0
coffeepush_robometer_ft_b0.5_t0.3_22907484,eval,135000,0.0
coffeepush_robometer_ft_b0.5_t0.3_22907484,eval,140000,0.0
coffeepush_robometer_ft_b0.5_t0.3_22907484,eval,145000,0.0
coffeepush_robometer_ft_b0.5_t0.3_22907484,eval,150000,0.0
coffeepush_robometer_ft_b0.5_t0.3_22907484,eval,155000,0.0
coffeepush_robometer_ft_b0.5_t0.3_22907484,eval,160000,0.05
coffeepush_robometer_ft_b0.5_t0.3_22907484,eval,165000,0.0
coffeepush_robometer_ft_b0.5_t0.3_22907484,eval,170000,0.05
coffeepush_robometer_ft_b0.5_t0.3_22907484,eval,175000,0.0
coffeepush_robometer_ft_b0.5_t0.3_22907484,eval,180000,0.0
coffeepush_robometer_ft_b0.5_t0.3_22907484,eval,185000,0.0
coffeepush_robometer_ft_b0.5_t0.3_22907484,eval,190000,0.0
coffeepush_robometer_ft_b0.5_t0.3_22907484,eval,195000,0.0
coffeepush_robometer_ft_b0.5_t0.3_22907484,eval,200000,0.0
coffeepush_robometer_ft_b0.5_t0.3_22907484,eval,205000,0.0
coffeepush_robometer_ft_b0.5_t0.3_22907484,eval,210000,0.0
coffeepush_robometer_ft_b0.5_t0.3_22907484,eval,215000,0.05
coffeepush_robometer_ft_b0.5_t0.3_22907484,eval,220000,0.0
coffeepush_robometer_ft_b0.5_t0.3_22907484,eval,225000,0.0
coffeepush_robometer_ft_b0.5_t0.3_22907484,eval,230000,0.0
coffeepush_robometer_ft_b0.5_t0.3_22907484,eval,235000,0.05
coffeepush_robometer_ft_b0.5_t0.3_22907484,eval,240000,0.0
coffeepush_robometer_ft_b0.5_t0.3_22907484,eval,245000,0.05
coffeepush_robometer_ft_b0.5_t0.3_22907484,eval,250000,0.0
coffeepush_robometer_ft_b0.5_t0.3_22907484,eval,255000,0.0
coffeepush_robometer_ft_b0.5_t0.3_22907484,eval,260000,0.0
coffeepush_robometer_ft_b0.5_t0.3_22907484,eval,265000,0.0
coffeepush_robometer_ft_b0.5_t0.3_22907484,eval,270000,0.0
coffeepush_robometer_ft_b0.5_t0.3_22907484,eval,275000,0.0
coffeepush_robometer_ft_b0.5_t0.3_22907484,eval,280000,0.0
coffeepush_robometer_ft_b0.5_t0.3_22907484,eval,285000,0.0
coffeepush_robometer_ft_b0.5_t0.3_22907484,eval,290000,0.0
coffeepush_robometer_ft_b0.5_t0.3_22907484,eval,295000,0.0
coffeepush_robometer_ft_b0.5_t0.3_22907484,eval,300000,0.0
coffeepush_robometer_ft_b0.5_t0.3_22907484,train,5000,0.0
coffeepush_robometer_ft_b0.5_t0.3_22907484,train,10000,0.0
coffeepush_robometer_ft_b0.5_t0.3_22907484,train,15000,0.0
coffeepush_robometer_ft_b0.5_t0.3_22907484,train,20000,0.0
coffeepush_robometer_ft_b0.5_t0.3_22907484,train,25000,0.0
coffeepush_robometer_ft_b0.5_t0.3_22907484,train,30000,0.0
coffeepush_robometer_ft_b0.5_t0.3_22907484,train,35000,0.02
coffeepush_robometer_ft_b0.5_t0.3_22907484,train,40000,0.06
coffeepush_robometer_ft_b0.5_t0.3_22907484,train,45000,0.0
coffeepush_robometer_ft_b0.5_t0.3_22907484,train,50000,0.0
coffeepush_robometer_ft_b0.5_t0.3_22907484,train,55000,0.0
coffeepush_robometer_ft_b0.5_t0.3_22907484,train,60000,0.0
coffeepush_robometer_ft_b0.5_t0.3_22907484,train,65000,0.0
coffeepush_robometer_ft_b0.5_t0.3_22907484,train,70000,0.0
coffeepush_robometer_ft_b0.5_t0.3_22907484,train,75000,0.0
coffeepush_robometer_ft_b0.5_t0.3_22907484,train,80000,0.02
coffeepush_robometer_ft_b0.5_t0.3_22907484,train,85000,0.02
coffeepush_robometer_ft_b0.5_t0.3_22907484,train,90000,0.06
coffeepush_robometer_ft_b0.5_t0.3_22907484,train,95000,0.0
coffeepush_robometer_ft_b0.5_t0.3_22907484,train,100000,0.0
coffeepush_robometer_ft_b0.5_t0.3_22907484,train,105000,0.02
coffeepush_robometer_ft_b0.5_t0.3_22907484,train,110000,0.02
coffeepush_robometer_ft_b0.5_t0.3_22907484,train,115000,0.0
coffeepush_robometer_ft_b0.5_t0.3_22907484,train,120000,0.0
coffeepush_robometer_ft_b0.5_t0.3_22907484,train,125000,0.0
coffeepush_robometer_ft_b0.5_t0.3_22907484,train,130000,0.0
coffeepush_robometer_ft_b0.5_t0.3_22907484,train,135000,0.0
coffeepush_robometer_ft_b0.5_t0.3_22907484,train,140000,0.0
coffeepush_robometer_ft_b0.5_t0.3_22907484,train,145000,0.0
coffeepush_robometer_ft_b0.5_t0.3_22907484,train,150000,0.0
coffeepush_robometer_ft_b0.5_t0.3_22907484,train,155000,0.0
coffeepush_robometer_ft_b0.5_t0.3_22907484,train,160000,0.0
coffeepush_robometer_ft_b0.5_t0.3_22907484,train,165000,0.0
coffeepush_robometer_ft_b0.5_t0.3_22907484,train,170000,0.0
coffeepush_robometer_ft_b0.5_t0.3_22907484,train,175000,0.0
coffeepush_robometer_ft_b0.5_t0.3_22907484,train,180000,0.0
coffeepush_robometer_ft_b0.5_t0.3_22907484,train,185000,0.0
coffeepush_robometer_ft_b0.5_t0.3_22907484,train,190000,0.0
coffeepush_robometer_ft_b0.5_t0.3_22907484,train,195000,0.02
coffeepush_robometer_ft_b0.5_t0.3_22907484,train,200000,0.0
coffeepush_robometer_ft_b0.5_t0.3_22907484,train,205000,0.0
coffeepush_robometer_ft_b0.5_t0.3_22907484,train,210000,0.02
coffeepush_robometer_ft_b0.5_t0.3_22907484,train,215000,0.0
coffeepush_robometer_ft_b0.5_t0.3_22907484,train,220000,0.0
coffeepush_robometer_ft_b0.5_t0.3_22907484,train,225000,0.0
coffeepush_robometer_ft_b0.5_t0.3_22907484,train,230000,0.0
coffeepush_robometer_ft_b0.5_t0.3_22907484,train,235000,0.0
coffeepush_robometer_ft_b0.5_t0.3_22907484,train,240000,0.02
coffeepush_robometer_ft_b0.5_t0.3_22907484,train,245000,0.0
coffeepush_robometer_ft_b0.5_t0.3_22907484,train,250000,0.0
coffeepush_robometer_ft_b0.5_t0.3_22907484,train,255000,0.0
coffeepush_robometer_ft_b0.5_t0.3_22907484,train,260000,0.0
coffeepush_robometer_ft_b0.5_t0.3_22907484,train,265000,0.02
coffeepush_robometer_ft_b0.5_t0.3_22907484,train,270000,0.0
coffeepush_robometer_ft_b0.5_t0.3_22907484,train,275000,0.02
coffeepush_robometer_ft_b0.5_t0.3_22907484,train,280000,0.0
coffeepush_robometer_ft_b0.5_t0.3_22907484,train,285000,0.0
coffeepush_robometer_ft_b0.5_t0.3_22907484,train,290000,0.02
coffeepush_robometer_ft_b0.5_t0.3_22907484,train,295000,0.0
coffeepush_robometer_ft_b0.5_t0.3_22907484,train,300000,0.0
coffeepush_robometer_ft_b0.5_t0.0_22907483,eval,5000,0.0
coffeepush_robometer_ft_b0.5_t0.0_22907483,eval,10000,0.0
coffeepush_robometer_ft_b0.5_t0.0_22907483,eval,15000,0.0
coffeepush_robometer_ft_b0.5_t0.0_22907483,eval,20000,0.0
coffeepush_robometer_ft_b0.5_t0.0_22907483,eval,25000,0.0
coffeepush_robometer_ft_b0.5_t0.0_22907483,eval,30000,0.0
coffeepush_robometer_ft_b0.5_t0.0_22907483,eval,35000,0.0
coffeepush_robometer_ft_b0.5_t0.0_22907483,eval,40000,0.0
coffeepush_robometer_ft_b0.5_t0.0_22907483,eval,45000,0.0
coffeepush_robometer_ft_b0.5_t0.0_22907483,eval,50000,0.0
coffeepush_robometer_ft_b0.5_t0.0_22907483,eval,55000,0.0
coffeepush_robometer_ft_b0.5_t0.0_22907483,eval,60000,0.0
coffeepush_robometer_ft_b0.5_t0.0_22907483,eval,65000,0.0
coffeepush_robometer_ft_b0.5_t0.0_22907483,eval,70000,0.0
coffeepush_robometer_ft_b0.5_t0.0_22907483,eval,75000,0.1
coffeepush_robometer_ft_b0.5_t0.0_22907483,eval,80000,0.0
coffeepush_robometer_ft_b0.5_t0.0_22907483,eval,85000,0.0
coffeepush_robometer_ft_b0.5_t0.0_22907483,eval,90000,0.0
coffeepush_robometer_ft_b0.5_t0.0_22907483,eval,95000,0.0
coffeepush_robometer_ft_b0.5_t0.0_22907483,eval,100000,0.0
coffeepush_robometer_ft_b0.5_t0.0_22907483,eval,105000,0.0
coffeepush_robometer_ft_b0.5_t0.0_22907483,eval,110000,0.0
coffeepush_robometer_ft_b0.5_t0.0_22907483,eval,115000,0.0
coffeepush_robometer_ft_b0.5_t0.0_22907483,eval,120000,0.0
coffeepush_robometer_ft_b0.5_t0.0_22907483,eval,125000,0.0
coffeepush_robometer_ft_b0.5_t0.0_22907483,eval,130000,0.0
coffeepush_robometer_ft_b0.5_t0.0_22907483,eval,135000,0.0
coffeepush_robometer_ft_b0.5_t0.0_22907483,eval,140000,0.0
coffeepush_robometer_ft_b0.5_t0.0_22907483,eval,145000,0.0
coffeepush_robometer_ft_b0.5_t0.0_22907483,eval,150000,0.0
coffeepush_robometer_ft_b0.5_t0.0_22907483,eval,155000,0.0
coffeepush_robometer_ft_b0.5_t0.0_22907483,eval,160000,0.0
coffeepush_robometer_ft_b0.5_t0.0_22907483,eval,165000,0.0
coffeepush_robometer_ft_b0.5_t0.0_22907483,eval,170000,0.0
coffeepush_robometer_ft_b0.5_t0.0_22907483,eval,175000,0.05
coffeepush_robometer_ft_b0.5_t0.0_22907483,eval,180000,0.0
coffeepush_robometer_ft_b0.5_t0.0_22907483,eval,185000,0.0
coffeepush_robometer_ft_b0.5_t0.0_22907483,eval,190000,0.0
coffeepush_robometer_ft_b0.5_t0.0_22907483,eval,195000,0.0
coffeepush_robometer_ft_b0.5_t0.0_22907483,eval,200000,0.0
coffeepush_robometer_ft_b0.5_t0.0_22907483,eval,205000,0.0
coffeepush_robometer_ft_b0.5_t0.0_22907483,eval,210000,0.0
coffeepush_robometer_ft_b0.5_t0.0_22907483,eval,215000,0.0
coffeepush_robometer_ft_b0.5_t0.0_22907483,eval,220000,0.0
coffeepush_robometer_ft_b0.5_t0.0_22907483,eval,225000,0.0
coffeepush_robometer_ft_b0.5_t0.0_22907483,eval,230000,0.0
coffeepush_robometer_ft_b0.5_t0.0_22907483,eval,235000,0.0
coffeepush_robometer_ft_b0.5_t0.0_22907483,eval,240000,0.0
coffeepush_robometer_ft_b0.5_t0.0_22907483,eval,245000,0.0
coffeepush_robometer_ft_b0.5_t0.0_22907483,eval,250000,0.0
coffeepush_robometer_ft_b0.5_t0.0_22907483,eval,255000,0.0
coffeepush_robometer_ft_b0.5_t0.0_22907483,eval,260000,0.0
coffeepush_robometer_ft_b0.5_t0.0_22907483,eval,265000,0.0
coffeepush_robometer_ft_b0.5_t0.0_22907483,eval,270000,0.0
coffeepush_robometer_ft_b0.5_t0.0_22907483,eval,275000,0.0
coffeepush_robometer_ft_b0.5_t0.0_22907483,eval,280000,0.0
coffeepush_robometer_ft_b0.5_t0.0_22907483,eval,285000,0.0
coffeepush_robometer_ft_b0.5_t0.0_22907483,eval,290000,0.05
coffeepush_robometer_ft_b0.5_t0.0_22907483,eval,295000,0.0
coffeepush_robometer_ft_b0.5_t0.0_22907483,eval,300000,0.0
coffeepush_robometer_ft_b0.5_t0.0_22907483,train,5000,0.0
coffeepush_robometer_ft_b0.5_t0.0_22907483,train,10000,0.0
coffeepush_robometer_ft_b0.5_t0.0_22907483,train,15000,0.0
coffeepush_robometer_ft_b0.5_t0.0_22907483,train,20000,0.0
coffeepush_robometer_ft_b0.5_t0.0_22907483,train,25000,0.0
coffeepush_robometer_ft_b0.5_t0.0_22907483,train,30000,0.0
coffeepush_robometer_ft_b0.5_t0.0_22907483,train,35000,0.0
coffeepush_robometer_ft_b0.5_t0.0_22907483,train,40000,0.02
coffeepush_robometer_ft_b0.5_t0.0_22907483,train,45000,0.0
coffeepush_robometer_ft_b0.5_t0.0_22907483,train,50000,0.0
coffeepush_robometer_ft_b0.5_t0.0_22907483,train,55000,0.0
coffeepush_robometer_ft_b0.5_t0.0_22907483,train,60000,0.0
coffeepush_robometer_ft_b0.5_t0.0_22907483,train,65000,0.0
coffeepush_robometer_ft_b0.5_t0.0_22907483,train,70000,0.02
coffeepush_robometer_ft_b0.5_t0.0_22907483,train,75000,0.02
coffeepush_robometer_ft_b0.5_t0.0_22907483,train,80000,0.0
coffeepush_robometer_ft_b0.5_t0.0_22907483,train,85000,0.0
coffeepush_robometer_ft_b0.5_t0.0_22907483,train,90000,0.0
coffeepush_robometer_ft_b0.5_t0.0_22907483,train,95000,0.0
coffeepush_robometer_ft_b0.5_t0.0_22907483,train,100000,0.0
coffeepush_robometer_ft_b0.5_t0.0_22907483,train,105000,0.0
coffeepush_robometer_ft_b0.5_t0.0_22907483,train,110000,0.0
coffeepush_robometer_ft_b0.5_t0.0_22907483,train,115000,0.0
coffeepush_robometer_ft_b0.5_t0.0_22907483,train,120000,0.0
coffeepush_robometer_ft_b0.5_t0.0_22907483,train,125000,0.02
coffeepush_robometer_ft_b0.5_t0.0_22907483,train,130000,0.0
coffeepush_robometer_ft_b0.5_t0.0_22907483,train,135000,0.0
coffeepush_robometer_ft_b0.5_t0.0_22907483,train,140000,0.0
coffeepush_robometer_ft_b0.5_t0.0_22907483,train,145000,0.0
coffeepush_robometer_ft_b0.5_t0.0_22907483,train,150000,0.0
coffeepush_robometer_ft_b0.5_t0.0_22907483,train,155000,0.0
coffeepush_robometer_ft_b0.5_t0.0_22907483,train,160000,0.0
coffeepush_robometer_ft_b0.5_t0.0_22907483,train,165000,0.04
coffeepush_robometer_ft_b0.5_t0.0_22907483,train,170000,0.02
coffeepush_robometer_ft_b0.5_t0.0_22907483,train,175000,0.0
coffeepush_robometer_ft_b0.5_t0.0_22907483,train,180000,0.02
coffeepush_robometer_ft_b0.5_t0.0_22907483,train,185000,0.0
coffeepush_robometer_ft_b0.5_t0.0_22907483,train,190000,0.0
coffeepush_robometer_ft_b0.5_t0.0_22907483,train,195000,0.0
coffeepush_robometer_ft_b0.5_t0.0_22907483,train,200000,0.0
coffeepush_robometer_ft_b0.5_t0.0_22907483,train,205000,0.0
coffeepush_robometer_ft_b0.5_t0.0_22907483,train,210000,0.02
coffeepush_robometer_ft_b0.5_t0.0_22907483,train,215000,0.0
coffeepush_robometer_ft_b0.5_t0.0_22907483,train,220000,0.0
coffeepush_robometer_ft_b0.5_t0.0_22907483,train,225000,0.0
coffeepush_robometer_ft_b0.5_t0.0_22907483,train,230000,0.0
coffeepush_robometer_ft_b0.5_t0.0_22907483,train,235000,0.0
coffeepush_robometer_ft_b0.5_t0.0_22907483,train,240000,0.0
coffeepush_robometer_ft_b0.5_t0.0_22907483,train,245000,0.0
coffeepush_robometer_ft_b0.5_t0.0_22907483,train,250000,0.02
coffeepush_robometer_ft_b0.5_t0.0_22907483,train,255000,0.0
coffeepush_robometer_ft_b0.5_t0.0_22907483,train,260000,0.0
coffeepush_robometer_ft_b0.5_t0.0_22907483,train,265000,0.0
coffeepush_robometer_ft_b0.5_t0.0_22907483,train,270000,0.0
coffeepush_robometer_ft_b0.5_t0.0_22907483,train,275000,0.0
coffeepush_robometer_ft_b0.5_t0.0_22907483,train,280000,0.0
coffeepush_robometer_ft_b0.5_t0.0_22907483,train,285000,0.0
coffeepush_robometer_ft_b0.5_t0.0_22907483,train,290000,0.02
coffeepush_robometer_ft_b0.5_t0.0_22907483,train,295000,0.02
coffeepush_robometer_ft_b0.5_t0.0_22907483,train,300000,0.0
coffeepush_robometer_ft_b0.0_t0.3_22907481,eval,5000,0.0
coffeepush_robometer_ft_b0.0_t0.3_22907481,eval,10000,0.0
coffeepush_robometer_ft_b0.0_t0.3_22907481,eval,15000,0.0
coffeepush_robometer_ft_b0.0_t0.3_22907481,eval,20000,0.0
coffeepush_robometer_ft_b0.0_t0.3_22907481,eval,25000,0.0
coffeepush_robometer_ft_b0.0_t0.3_22907481,eval,30000,0.0
coffeepush_robometer_ft_b0.0_t0.3_22907481,eval,35000,0.0
coffeepush_robometer_ft_b0.0_t0.3_22907481,eval,40000,0.0
coffeepush_robometer_ft_b0.0_t0.3_22907481,eval,45000,0.0
coffeepush_robometer_ft_b0.0_t0.3_22907481,eval,50000,0.0
coffeepush_robometer_ft_b0.0_t0.3_22907481,eval,55000,0.0
coffeepush_robometer_ft_b0.0_t0.3_22907481,eval,60000,0.0
coffeepush_robometer_ft_b0.0_t0.3_22907481,eval,65000,0.0
coffeepush_robometer_ft_b0.0_t0.3_22907481,eval,70000,0.0
coffeepush_robometer_ft_b0.0_t0.3_22907481,eval,75000,0.0
coffeepush_robometer_ft_b0.0_t0.3_22907481,eval,80000,0.0
coffeepush_robometer_ft_b0.0_t0.3_22907481,eval,85000,0.0
coffeepush_robometer_ft_b0.0_t0.3_22907481,eval,90000,0.0
coffeepush_robometer_ft_b0.0_t0.3_22907481,eval,95000,0.0
coffeepush_robometer_ft_b0.0_t0.3_22907481,eval,100000,0.0
coffeepush_robometer_ft_b0.0_t0.3_22907481,eval,105000,0.0
coffeepush_robometer_ft_b0.0_t0.3_22907481,eval,110000,0.0
coffeepush_robometer_ft_b0.0_t0.3_22907481,eval,115000,0.0
coffeepush_robometer_ft_b0.0_t0.3_22907481,eval,120000,0.0
coffeepush_robometer_ft_b0.0_t0.3_22907481,eval,125000,0.0
coffeepush_robometer_ft_b0.0_t0.3_22907481,eval,130000,0.0
coffeepush_robometer_ft_b0.0_t0.3_22907481,eval,135000,0.0
coffeepush_robometer_ft_b0.0_t0.3_22907481,eval,140000,0.05
coffeepush_robometer_ft_b0.0_t0.3_22907481,eval,145000,0.05
coffeepush_robometer_ft_b0.0_t0.3_22907481,eval,150000,0.0
coffeepush_robometer_ft_b0.0_t0.3_22907481,eval,155000,0.0
coffeepush_robometer_ft_b0.0_t0.3_22907481,eval,160000,0.0
coffeepush_robometer_ft_b0.0_t0.3_22907481,eval,165000,0.0
coffeepush_robometer_ft_b0.0_t0.3_22907481,eval,170000,0.0
coffeepush_robometer_ft_b0.0_t0.3_22907481,eval,175000,0.0
coffeepush_robometer_ft_b0.0_t0.3_22907481,eval,180000,0.0
coffeepush_robometer_ft_b0.0_t0.3_22907481,eval,185000,0.0
coffeepush_robometer_ft_b0.0_t0.3_22907481,eval,190000,0.0
coffeepush_robometer_ft_b0.0_t0.3_22907481,eval,195000,0.0
coffeepush_robometer_ft_b0.0_t0.3_22907481,eval,200000,0.0
coffeepush_robometer_ft_b0.0_t0.3_22907481,eval,205000,0.0
coffeepush_robometer_ft_b0.0_t0.3_22907481,eval,210000,0.0
coffeepush_robometer_ft_b0.0_t0.3_22907481,eval,215000,0.0
coffeepush_robometer_ft_b0.0_t0.3_22907481,eval,220000,0.0
coffeepush_robometer_ft_b0.0_t0.3_22907481,eval,225000,0.0
coffeepush_robometer_ft_b0.0_t0.3_22907481,eval,230000,0.0
coffeepush_robometer_ft_b0.0_t0.3_22907481,eval,235000,0.0
coffeepush_robometer_ft_b0.0_t0.3_22907481,eval,240000,0.0
coffeepush_robometer_ft_b0.0_t0.3_22907481,eval,245000,0.0
coffeepush_robometer_ft_b0.0_t0.3_22907481,eval,250000,0.0
coffeepush_robometer_ft_b0.0_t0.3_22907481,eval,255000,0.0
coffeepush_robometer_ft_b0.0_t0.3_22907481,eval,260000,0.0
coffeepush_robometer_ft_b0.0_t0.3_22907481,eval,265000,0.0
coffeepush_robometer_ft_b0.0_t0.3_22907481,eval,270000,0.0
coffeepush_robometer_ft_b0.0_t0.3_22907481,eval,275000,0.0
coffeepush_robometer_ft_b0.0_t0.3_22907481,eval,280000,0.0
coffeepush_robometer_ft_b0.0_t0.3_22907481,eval,285000,0.0
coffeepush_robometer_ft_b0.0_t0.3_22907481,eval,290000,0.0
coffeepush_robometer_ft_b0.0_t0.3_22907481,eval,295000,0.0
coffeepush_robometer_ft_b0.0_t0.3_22907481,eval,300000,0.0
coffeepush_robometer_ft_b0.0_t0.3_22907481,train,5000,0.0
coffeepush_robometer_ft_b0.0_t0.3_22907481,train,10000,0.06
coffeepush_robometer_ft_b0.0_t0.3_22907481,train,15000,0.0
coffeepush_robometer_ft_b0.0_t0.3_22907481,train,20000,0.02
coffeepush_robometer_ft_b0.0_t0.3_22907481,train,25000,0.0
coffeepush_robometer_ft_b0.0_t0.3_22907481,train,30000,0.0
coffeepush_robometer_ft_b0.0_t0.3_22907481,train,35000,0.06
coffeepush_robometer_ft_b0.0_t0.3_22907481,train,40000,0.0
coffeepush_robometer_ft_b0.0_t0.3_22907481,train,45000,0.0
coffeepush_robometer_ft_b0.0_t0.3_22907481,train,50000,0.0
coffeepush_robometer_ft_b0.0_t0.3_22907481,train,55000,0.0
coffeepush_robometer_ft_b0.0_t0.3_22907481,train,60000,0.0
coffeepush_robometer_ft_b0.0_t0.3_22907481,train,65000,0.0
coffeepush_robometer_ft_b0.0_t0.3_22907481,train,70000,0.0
coffeepush_robometer_ft_b0.0_t0.3_22907481,train,75000,0.0
coffeepush_robometer_ft_b0.0_t0.3_22907481,train,80000,0.0
coffeepush_robometer_ft_b0.0_t0.3_22907481,train,85000,0.0
coffeepush_robometer_ft_b0.0_t0.3_22907481,train,90000,0.0
coffeepush_robometer_ft_b0.0_t0.3_22907481,train,95000,0.0
coffeepush_robometer_ft_b0.0_t0.3_22907481,train,100000,0.0
coffeepush_robometer_ft_b0.0_t0.3_22907481,train,105000,0.0
coffeepush_robometer_ft_b0.0_t0.3_22907481,train,110000,0.0
coffeepush_robometer_ft_b0.0_t0.3_22907481,train,115000,0.0
coffeepush_robometer_ft_b0.0_t0.3_22907481,train,120000,0.0
coffeepush_robometer_ft_b0.0_t0.3_22907481,train,125000,0.0
coffeepush_robometer_ft_b0.0_t0.3_22907481,train,130000,0.0
coffeepush_robometer_ft_b0.0_t0.3_22907481,train,135000,0.0
coffeepush_robometer_ft_b0.0_t0.3_22907481,train,140000,0.0
coffeepush_robometer_ft_b0.0_t0.3_22907481,train,145000,0.02
coffeepush_robometer_ft_b0.0_t0.3_22907481,train,150000,0.0
coffeepush_robometer_ft_b0.0_t0.3_22907481,train,155000,0.0
coffeepush_robometer_ft_b0.0_t0.3_22907481,train,160000,0.0
coffeepush_robometer_ft_b0.0_t0.3_22907481,train,165000,0.0
coffeepush_robometer_ft_b0.0_t0.3_22907481,train,170000,0.02
coffeepush_robometer_ft_b0.0_t0.3_22907481,train,175000,0.0
coffeepush_robometer_ft_b0.0_t0.3_22907481,train,180000,0.0
coffeepush_robometer_ft_b0.0_t0.3_22907481,train,185000,0.0
coffeepush_robometer_ft_b0.0_t0.3_22907481,train,190000,0.0
coffeepush_robometer_ft_b0.0_t0.3_22907481,train,195000,0.0
coffeepush_robometer_ft_b0.0_t0.3_22907481,train,200000,0.0
coffeepush_robometer_ft_b0.0_t0.3_22907481,train,205000,0.0
coffeepush_robometer_ft_b0.0_t0.3_22907481,train,210000,0.0
coffeepush_robometer_ft_b0.0_t0.3_22907481,train,215000,0.0
coffeepush_robometer_ft_b0.0_t0.3_22907481,train,220000,0.0
coffeepush_robometer_ft_b0.0_t0.3_22907481,train,225000,0.0
coffeepush_robometer_ft_b0.0_t0.3_22907481,train,230000,0.0
coffeepush_robometer_ft_b0.0_t0.3_22907481,train,235000,0.0
coffeepush_robometer_ft_b0.0_t0.3_22907481,train,240000,0.0
coffeepush_robometer_ft_b0.0_t0.3_22907481,train,245000,0.02
coffeepush_robometer_ft_b0.0_t0.3_22907481,train,250000,0.02
coffeepush_robometer_ft_b0.0_t0.3_22907481,train,255000,0.02
coffeepush_robometer_ft_b0.0_t0.3_22907481,train,260000,0.0
coffeepush_robometer_ft_b0.0_t0.3_22907481,train,265000,0.0
coffeepush_robometer_ft_b0.0_t0.3_22907481,train,270000,0.0
coffeepush_robometer_ft_b0.0_t0.3_22907481,train,275000,0.0
coffeepush_robometer_ft_b0.0_t0.3_22907481,train,280000,0.0
coffeepush_robometer_ft_b0.0_t0.3_22907481,train,285000,0.0
coffeepush_robometer_ft_b0.0_t0.3_22907481,train,290000,0.0
coffeepush_robometer_ft_b0.0_t0.3_22907481,train,295000,0.0
coffeepush_robometer_ft_b0.0_t0.3_22907481,train,300000,0.0
coffeepush_robometer_ft_b1.0_t0.6_22907488,eval,5000,0.0
coffeepush_robometer_ft_b1.0_t0.6_22907488,eval,10000,0.0
coffeepush_robometer_ft_b1.0_t0.6_22907488,eval,15000,0.0
coffeepush_robometer_ft_b1.0_t0.6_22907488,eval,20000,0.1
coffeepush_robometer_ft_b1.0_t0.6_22907488,eval,25000,0.0
coffeepush_robometer_ft_b1.0_t0.6_22907488,eval,30000,0.0
coffeepush_robometer_ft_b1.0_t0.6_22907488,eval,35000,0.05
coffeepush_robometer_ft_b1.0_t0.6_22907488,eval,40000,0.2
coffeepush_robometer_ft_b1.0_t0.6_22907488,eval,45000,0.0
coffeepush_robometer_ft_b1.0_t0.6_22907488,eval,50000,0.15
coffeepush_robometer_ft_b1.0_t0.6_22907488,eval,55000,0.0
coffeepush_robometer_ft_b1.0_t0.6_22907488,eval,60000,0.0
coffeepush_robometer_ft_b1.0_t0.6_22907488,eval,65000,0.05
coffeepush_robometer_ft_b1.0_t0.6_22907488,eval,70000,0.05
coffeepush_robometer_ft_b1.0_t0.6_22907488,eval,75000,0.05
coffeepush_robometer_ft_b1.0_t0.6_22907488,eval,80000,0.05
coffeepush_robometer_ft_b1.0_t0.6_22907488,eval,85000,0.0
coffeepush_robometer_ft_b1.0_t0.6_22907488,eval,90000,0.0
coffeepush_robometer_ft_b1.0_t0.6_22907488,eval,95000,0.15
coffeepush_robometer_ft_b1.0_t0.6_22907488,eval,100000,0.0
coffeepush_robometer_ft_b1.0_t0.6_22907488,eval,105000,0.0
coffeepush_robometer_ft_b1.0_t0.6_22907488,eval,110000,0.1
coffeepush_robometer_ft_b1.0_t0.6_22907488,eval,115000,0.0
coffeepush_robometer_ft_b1.0_t0.6_22907488,eval,120000,0.0
coffeepush_robometer_ft_b1.0_t0.6_22907488,eval,125000,0.0
coffeepush_robometer_ft_b1.0_t0.6_22907488,eval,130000,0.0
coffeepush_robometer_ft_b1.0_t0.6_22907488,eval,135000,0.0
coffeepush_robometer_ft_b1.0_t0.6_22907488,eval,140000,0.0
coffeepush_robometer_ft_b1.0_t0.6_22907488,eval,145000,0.0
coffeepush_robometer_ft_b1.0_t0.6_22907488,eval,150000,0.0
coffeepush_robometer_ft_b1.0_t0.6_22907488,eval,155000,0.0
coffeepush_robometer_ft_b1.0_t0.6_22907488,eval,160000,0.0
coffeepush_robometer_ft_b1.0_t0.6_22907488,eval,165000,0.0
coffeepush_robometer_ft_b1.0_t0.6_22907488,eval,170000,0.0
coffeepush_robometer_ft_b1.0_t0.6_22907488,eval,175000,0.0
coffeepush_robometer_ft_b1.0_t0.6_22907488,eval,180000,0.0
coffeepush_robometer_ft_b1.0_t0.6_22907488,eval,185000,0.0
coffeepush_robometer_ft_b1.0_t0.6_22907488,eval,190000,0.0
coffeepush_robometer_ft_b1.0_t0.6_22907488,eval,195000,0.0
coffeepush_robometer_ft_b1.0_t0.6_22907488,eval,200000,0.0
coffeepush_robometer_ft_b1.0_t0.6_22907488,eval,205000,0.05
coffeepush_robometer_ft_b1.0_t0.6_22907488,eval,210000,0.0
coffeepush_robometer_ft_b1.0_t0.6_22907488,eval,215000,0.0
coffeepush_robometer_ft_b1.0_t0.6_22907488,eval,220000,0.0
coffeepush_robometer_ft_b1.0_t0.6_22907488,eval,225000,0.0
coffeepush_robometer_ft_b1.0_t0.6_22907488,eval,230000,0.0
coffeepush_robometer_ft_b1.0_t0.6_22907488,eval,235000,0.0
coffeepush_robometer_ft_b1.0_t0.6_22907488,eval,240000,0.0
coffeepush_robometer_ft_b1.0_t0.6_22907488,eval,245000,0.0
coffeepush_robometer_ft_b1.0_t0.6_22907488,eval,250000,0.0
coffeepush_robometer_ft_b1.0_t0.6_22907488,eval,255000,0.0
coffeepush_robometer_ft_b1.0_t0.6_22907488,eval,260000,0.0
coffeepush_robometer_ft_b1.0_t0.6_22907488,eval,265000,0.0
coffeepush_robometer_ft_b1.0_t0.6_22907488,eval,270000,0.0
coffeepush_robometer_ft_b1.0_t0.6_22907488,eval,275000,0.0
coffeepush_robometer_ft_b1.0_t0.6_22907488,eval,280000,0.0
coffeepush_robometer_ft_b1.0_t0.6_22907488,eval,285000,0.0
coffeepush_robometer_ft_b1.0_t0.6_22907488,eval,290000,0.0
coffeepush_robometer_ft_b1.0_t0.6_22907488,eval,295000,0.0
coffeepush_robometer_ft_b1.0_t0.6_22907488,eval,300000,0.0
coffeepush_robometer_ft_b1.0_t0.6_22907488,train,5000,0.0
coffeepush_robometer_ft_b1.0_t0.6_22907488,train,10000,0.06
coffeepush_robometer_ft_b1.0_t0.6_22907488,train,15000,0.0
coffeepush_robometer_ft_b1.0_t0.6_22907488,train,20000,0.0
coffeepush_robometer_ft_b1.0_t0.6_22907488,train,25000,0.0
coffeepush_robometer_ft_b1.0_t0.6_22907488,train,30000,0.0
coffeepush_robometer_ft_b1.0_t0.6_22907488,train,35000,0.06
coffeepush_robometer_ft_b1.0_t0.6_22907488,train,40000,0.06
coffeepush_robometer_ft_b1.0_t0.6_22907488,train,45000,0.02
coffeepush_robometer_ft_b1.0_t0.6_22907488,train,50000,0.02
coffeepush_robometer_ft_b1.0_t0.6_22907488,train,55000,0.02
coffeepush_robometer_ft_b1.0_t0.6_22907488,train,60000,0.0
coffeepush_robometer_ft_b1.0_t0.6_22907488,train,65000,0.0
coffeepush_robometer_ft_b1.0_t0.6_22907488,train,70000,0.02
coffeepush_robometer_ft_b1.0_t0.6_22907488,train,75000,0.02
coffeepush_robometer_ft_b1.0_t0.6_22907488,train,80000,0.02
coffeepush_robometer_ft_b1.0_t0.6_22907488,train,85000,0.06
coffeepush_robometer_ft_b1.0_t0.6_22907488,train,90000,0.0
coffeepush_robometer_ft_b1.0_t0.6_22907488,train,95000,0.06
coffeepush_robometer_ft_b1.0_t0.6_22907488,train,100000,0.0
coffeepush_robometer_ft_b1.0_t0.6_22907488,train,105000,0.04
coffeepush_robometer_ft_b1.0_t0.6_22907488,train,110000,0.04
coffeepush_robometer_ft_b1.0_t0.6_22907488,train,115000,0.0
coffeepush_robometer_ft_b1.0_t0.6_22907488,train,120000,0.0
coffeepush_robometer_ft_b1.0_t0.6_22907488,train,125000,0.0
coffeepush_robometer_ft_b1.0_t0.6_22907488,train,130000,0.0
coffeepush_robometer_ft_b1.0_t0.6_22907488,train,135000,0.0
coffeepush_robometer_ft_b1.0_t0.6_22907488,train,140000,0.0
coffeepush_robometer_ft_b1.0_t0.6_22907488,train,145000,0.0
coffeepush_robometer_ft_b1.0_t0.6_22907488,train,150000,0.02
coffeepush_robometer_ft_b1.0_t0.6_22907488,train,155000,0.0
coffeepush_robometer_ft_b1.0_t0.6_22907488,train,160000,0.02
coffeepush_robometer_ft_b1.0_t0.6_22907488,train,165000,0.0
coffeepush_robometer_ft_b1.0_t0.6_22907488,train,170000,0.02
coffeepush_robometer_ft_b1.0_t0.6_22907488,train,175000,0.0
coffeepush_robometer_ft_b1.0_t0.6_22907488,train,180000,0.0
coffeepush_robometer_ft_b1.0_t0.6_22907488,train,185000,0.0
coffeepush_robometer_ft_b1.0_t0.6_22907488,train,190000,0.0
coffeepush_robometer_ft_b1.0_t0.6_22907488,train,195000,0.0
coffeepush_robometer_ft_b1.0_t0.6_22907488,train,200000,0.0
coffeepush_robometer_ft_b1.0_t0.6_22907488,train,205000,0.0
coffeepush_robometer_ft_b1.0_t0.6_22907488,train,210000,0.0
coffeepush_robometer_ft_b1.0_t0.6_22907488,train,215000,0.0
coffeepush_robometer_ft_b1.0_t0.6_22907488,train,220000,0.0
coffeepush_robometer_ft_b1.0_t0.6_22907488,train,225000,0.0
coffeepush_robometer_ft_b1.0_t0.6_22907488,train,230000,0.0
coffeepush_robometer_ft_b1.0_t0.6_22907488,train,235000,0.0
coffeepush_robometer_ft_b1.0_t0.6_22907488,train,240000,0.0
coffeepush_robometer_ft_b1.0_t0.6_22907488,train,245000,0.0
coffeepush_robometer_ft_b1.0_t0.6_22907488,train,250000,0.0
coffeepush_robometer_ft_b1.0_t0.6_22907488,train,255000,0.0
coffeepush_robometer_ft_b1.0_t0.6_22907488,train,260000,0.0
coffeepush_robometer_ft_b1.0_t0.6_22907488,train,265000,0.0
coffeepush_robometer_ft_b1.0_t0.6_22907488,train,270000,0.0
coffeepush_robometer_ft_b1.0_t0.6_22907488,train,275000,0.0
coffeepush_robometer_ft_b1.0_t0.6_22907488,train,280000,0.0
coffeepush_robometer_ft_b1.0_t0.6_22907488,train,285000,0.0
coffeepush_robometer_ft_b1.0_t0.6_22907488,train,290000,0.0
coffeepush_robometer_ft_b1.0_t0.6_22907488,train,295000,0.0
coffeepush_robometer_ft_b1.0_t0.6_22907488,train,300000,0.0
coffeepush_robometer_ft_b0.0_t0.0_22907480,eval,5000,0.1
coffeepush_robometer_ft_b0.0_t0.0_22907480,eval,10000,0.1
coffeepush_robometer_ft_b0.0_t0.0_22907480,eval,15000,0.0
coffeepush_robometer_ft_b0.0_t0.0_22907480,eval,20000,0.25
coffeepush_robometer_ft_b0.0_t0.0_22907480,eval,25000,0.15
coffeepush_robometer_ft_b0.0_t0.0_22907480,eval,30000,0.2
coffeepush_robometer_ft_b0.0_t0.0_22907480,eval,35000,0.0
coffeepush_robometer_ft_b0.0_t0.0_22907480,eval,40000,0.1
coffeepush_robometer_ft_b0.0_t0.0_22907480,eval,45000,0.2
coffeepush_robometer_ft_b0.0_t0.0_22907480,eval,50000,0.0
coffeepush_robometer_ft_b0.0_t0.0_22907480,eval,55000,0.1
coffeepush_robometer_ft_b0.0_t0.0_22907480,eval,60000,0.05
coffeepush_robometer_ft_b0.0_t0.0_22907480,eval,65000,0.05
coffeepush_robometer_ft_b0.0_t0.0_22907480,eval,70000,0.0
coffeepush_robometer_ft_b0.0_t0.0_22907480,eval,75000,0.0
coffeepush_robometer_ft_b0.0_t0.0_22907480,eval,80000,0.0
coffeepush_robometer_ft_b0.0_t0.0_22907480,eval,85000,0.0
coffeepush_robometer_ft_b0.0_t0.0_22907480,eval,90000,0.15
coffeepush_robometer_ft_b0.0_t0.0_22907480,eval,95000,0.15
coffeepush_robometer_ft_b0.0_t0.0_22907480,eval,100000,0.05
coffeepush_robometer_ft_b0.0_t0.0_22907480,eval,105000,0.0
coffeepush_robometer_ft_b0.0_t0.0_22907480,eval,110000,0.0
coffeepush_robometer_ft_b0.0_t0.0_22907480,eval,115000,0.0
coffeepush_robometer_ft_b0.0_t0.0_22907480,eval,120000,0.05
coffeepush_robometer_ft_b0.0_t0.0_22907480,eval,125000,0.0
coffeepush_robometer_ft_b0.0_t0.0_22907480,eval,130000,0.0
coffeepush_robometer_ft_b0.0_t0.0_22907480,eval,135000,0.0
coffeepush_robometer_ft_b0.0_t0.0_22907480,eval,140000,0.1
coffeepush_robometer_ft_b0.0_t0.0_22907480,eval,145000,0.0
coffeepush_robometer_ft_b0.0_t0.0_22907480,eval,150000,0.0
coffeepush_robometer_ft_b0.0_t0.0_22907480,eval,155000,0.0
coffeepush_robometer_ft_b0.0_t0.0_22907480,eval,160000,0.0
coffeepush_robometer_ft_b0.0_t0.0_22907480,eval,165000,0.0
coffeepush_robometer_ft_b0.0_t0.0_22907480,eval,170000,0.0
coffeepush_robometer_ft_b0.0_t0.0_22907480,eval,175000,0.0
coffeepush_robometer_ft_b0.0_t0.0_22907480,eval,180000,0.0
coffeepush_robometer_ft_b0.0_t0.0_22907480,eval,185000,0.0
coffeepush_robometer_ft_b0.0_t0.0_22907480,eval,190000,0.0
coffeepush_robometer_ft_b0.0_t0.0_22907480,eval,195000,0.0
coffeepush_robometer_ft_b0.0_t0.0_22907480,eval,200000,0.0
coffeepush_robometer_ft_b0.0_t0.0_22907480,eval,205000,0.0
coffeepush_robometer_ft_b0.0_t0.0_22907480,eval,210000,0.0
coffeepush_robometer_ft_b0.0_t0.0_22907480,eval,215000,0.0
coffeepush_robometer_ft_b0.0_t0.0_22907480,eval,220000,0.0
coffeepush_robometer_ft_b0.0_t0.0_22907480,eval,225000,0.05
coffeepush_robometer_ft_b0.0_t0.0_22907480,eval,230000,0.0
coffeepush_robometer_ft_b0.0_t0.0_22907480,eval,235000,0.05
coffeepush_robometer_ft_b0.0_t0.0_22907480,eval,240000,0.0
coffeepush_robometer_ft_b0.0_t0.0_22907480,eval,245000,0.0
coffeepush_robometer_ft_b0.0_t0.0_22907480,eval,250000,0.0
coffeepush_robometer_ft_b0.0_t0.0_22907480,eval,255000,0.0
coffeepush_robometer_ft_b0.0_t0.0_22907480,eval,260000,0.0
coffeepush_robometer_ft_b0.0_t0.0_22907480,eval,265000,0.0
coffeepush_robometer_ft_b0.0_t0.0_22907480,eval,270000,0.0
coffeepush_robometer_ft_b0.0_t0.0_22907480,eval,275000,0.0
coffeepush_robometer_ft_b0.0_t0.0_22907480,eval,280000,0.0
coffeepush_robometer_ft_b0.0_t0.0_22907480,eval,285000,0.0
coffeepush_robometer_ft_b0.0_t0.0_22907480,eval,290000,0.0
coffeepush_robometer_ft_b0.0_t0.0_22907480,eval,295000,0.0
coffeepush_robometer_ft_b0.0_t0.0_22907480,eval,300000,0.0
coffeepush_robometer_ft_b0.0_t0.0_22907480,train,5000,0.02
coffeepush_robometer_ft_b0.0_t0.0_22907480,train,10000,0.02
coffeepush_robometer_ft_b0.0_t0.0_22907480,train,15000,0.0
coffeepush_robometer_ft_b0.0_t0.0_22907480,train,20000,0.06
coffeepush_robometer_ft_b0.0_t0.0_22907480,train,25000,0.04
coffeepush_robometer_ft_b0.0_t0.0_22907480,train,30000,0.1
coffeepush_robometer_ft_b0.0_t0.0_22907480,train,35000,0.12
coffeepush_robometer_ft_b0.0_t0.0_22907480,train,40000,0.02
coffeepush_robometer_ft_b0.0_t0.0_22907480,train,45000,0.02
coffeepush_robometer_ft_b0.0_t0.0_22907480,train,50000,0.1
coffeepush_robometer_ft_b0.0_t0.0_22907480,train,55000,0.02
coffeepush_robometer_ft_b0.0_t0.0_22907480,train,60000,0.02
coffeepush_robometer_ft_b0.0_t0.0_22907480,train,65000,0.02
coffeepush_robometer_ft_b0.0_t0.0_22907480,train,70000,0.02
coffeepush_robometer_ft_b0.0_t0.0_22907480,train,75000,0.02
coffeepush_robometer_ft_b0.0_t0.0_22907480,train,80000,0.0
coffeepush_robometer_ft_b0.0_t0.0_22907480,train,85000,0.0
coffeepush_robometer_ft_b0.0_t0.0_22907480,train,90000,0.04
coffeepush_robometer_ft_b0.0_t0.0_22907480,train,95000,0.06
coffeepush_robometer_ft_b0.0_t0.0_22907480,train,100000,0.06
coffeepush_robometer_ft_b0.0_t0.0_22907480,train,105000,0.02
coffeepush_robometer_ft_b0.0_t0.0_22907480,train,110000,0.0
coffeepush_robometer_ft_b0.0_t0.0_22907480,train,115000,0.0
coffeepush_robometer_ft_b0.0_t0.0_22907480,train,120000,0.0
coffeepush_robometer_ft_b0.0_t0.0_22907480,train,125000,0.04
coffeepush_robometer_ft_b0.0_t0.0_22907480,train,130000,0.0
coffeepush_robometer_ft_b0.0_t0.0_22907480,train,135000,0.02
coffeepush_robometer_ft_b0.0_t0.0_22907480,train,140000,0.04
coffeepush_robometer_ft_b0.0_t0.0_22907480,train,145000,0.0
coffeepush_robometer_ft_b0.0_t0.0_22907480,train,150000,0.0
coffeepush_robometer_ft_b0.0_t0.0_22907480,train,155000,0.0
coffeepush_robometer_ft_b0.0_t0.0_22907480,train,160000,0.02
coffeepush_robometer_ft_b0.0_t0.0_22907480,train,165000,0.0
coffeepush_robometer_ft_b0.0_t0.0_22907480,train,170000,0.0
coffeepush_robometer_ft_b0.0_t0.0_22907480,train,175000,0.0
coffeepush_robometer_ft_b0.0_t0.0_22907480,train,180000,0.0
coffeepush_robometer_ft_b0.0_t0.0_22907480,train,185000,0.0
coffeepush_robometer_ft_b0.0_t0.0_22907480,train,190000,0.0
coffeepush_robometer_ft_b0.0_t0.0_22907480,train,195000,0.0
coffeepush_robometer_ft_b0.0_t0.0_22907480,train,200000,0.02
coffeepush_robometer_ft_b0.0_t0.0_22907480,train,205000,0.02
coffeepush_robometer_ft_b0.0_t0.0_22907480,train,210000,0.0
coffeepush_robometer_ft_b0.0_t0.0_22907480,train,215000,0.0
coffeepush_robometer_ft_b0.0_t0.0_22907480,train,220000,0.0
coffeepush_robometer_ft_b0.0_t0.0_22907480,train,225000,0.0
coffeepush_robometer_ft_b0.0_t0.0_22907480,train,230000,0.0
coffeepush_robometer_ft_b0.0_t0.0_22907480,train,235000,0.02
coffeepush_robometer_ft_b0.0_t0.0_22907480,train,240000,0.02
coffeepush_robometer_ft_b0.0_t0.0_22907480,train,245000,0.0
coffeepush_robometer_ft_b0.0_t0.0_22907480,train,250000,0.02
coffeepush_robometer_ft_b0.0_t0.0_22907480,train,255000,0.0
coffeepush_robometer_ft_b0.0_t0.0_22907480,train,260000,0.0
coffeepush_robometer_ft_b0.0_t0.0_22907480,train,265000,0.0
coffeepush_robometer_ft_b0.0_t0.0_22907480,train,270000,0.0
coffeepush_robometer_ft_b0.0_t0.0_22907480,train,275000,0.0
coffeepush_robometer_ft_b0.0_t0.0_22907480,train,280000,0.0
coffeepush_robometer_ft_b0.0_t0.0_22907480,train,285000,0.0
coffeepush_robometer_ft_b0.0_t0.0_22907480,train,290000,0.0
coffeepush_robometer_ft_b0.0_t0.0_22907480,train,295000,0.0
coffeepush_robometer_ft_b0.0_t0.0_22907480,train,300000,0.0
coffeepush_robometer_ft_b1.0_t0.3_22907487,eval,5000,0.1
coffeepush_robometer_ft_b1.0_t0.3_22907487,eval,10000,0.0
coffeepush_robometer_ft_b1.0_t0.3_22907487,eval,15000,0.1
coffeepush_robometer_ft_b1.0_t0.3_22907487,eval,20000,0.0
coffeepush_robometer_ft_b1.0_t0.3_22907487,eval,25000,0.0
coffeepush_robometer_ft_b1.0_t0.3_22907487,eval,30000,0.0
coffeepush_robometer_ft_b1.0_t0.3_22907487,eval,35000,0.0
coffeepush_robometer_ft_b1.0_t0.3_22907487,eval,40000,0.1
coffeepush_robometer_ft_b1.0_t0.3_22907487,eval,45000,0.0
coffeepush_robometer_ft_b1.0_t0.3_22907487,eval,50000,0.0
coffeepush_robometer_ft_b1.0_t0.3_22907487,eval,55000,0.0
coffeepush_robometer_ft_b1.0_t0.3_22907487,eval,60000,0.0
coffeepush_robometer_ft_b1.0_t0.3_22907487,eval,65000,0.0
coffeepush_robometer_ft_b1.0_t0.3_22907487,eval,70000,0.0
coffeepush_robometer_ft_b1.0_t0.3_22907487,eval,75000,0.0
coffeepush_robometer_ft_b1.0_t0.3_22907487,eval,80000,0.05
coffeepush_robometer_ft_b1.0_t0.3_22907487,eval,85000,0.0
coffeepush_robometer_ft_b1.0_t0.3_22907487,eval,90000,0.0
coffeepush_robometer_ft_b1.0_t0.3_22907487,eval,95000,0.25
coffeepush_robometer_ft_b1.0_t0.3_22907487,eval,100000,0.0
coffeepush_robometer_ft_b1.0_t0.3_22907487,eval,105000,0.0
coffeepush_robometer_ft_b1.0_t0.3_22907487,eval,110000,0.0
coffeepush_robometer_ft_b1.0_t0.3_22907487,eval,115000,0.0
coffeepush_robometer_ft_b1.0_t0.3_22907487,eval,120000,0.0
coffeepush_robometer_ft_b1.0_t0.3_22907487,eval,125000,0.05
coffeepush_robometer_ft_b1.0_t0.3_22907487,eval,130000,0.0
coffeepush_robometer_ft_b1.0_t0.3_22907487,eval,135000,0.0
coffeepush_robometer_ft_b1.0_t0.3_22907487,eval,140000,0.0
coffeepush_robometer_ft_b1.0_t0.3_22907487,eval,145000,0.0
coffeepush_robometer_ft_b1.0_t0.3_22907487,eval,150000,0.0
coffeepush_robometer_ft_b1.0_t0.3_22907487,eval,155000,0.0
coffeepush_robometer_ft_b1.0_t0.3_22907487,eval,160000,0.0
coffeepush_robometer_ft_b1.0_t0.3_22907487,eval,165000,0.0
coffeepush_robometer_ft_b1.0_t0.3_22907487,eval,170000,0.05
coffeepush_robometer_ft_b1.0_t0.3_22907487,eval,175000,0.0
coffeepush_robometer_ft_b1.0_t0.3_22907487,eval,180000,0.0
coffeepush_robometer_ft_b1.0_t0.3_22907487,eval,185000,0.05
coffeepush_robometer_ft_b1.0_t0.3_22907487,eval,190000,0.0
coffeepush_robometer_ft_b1.0_t0.3_22907487,eval,195000,0.0
coffeepush_robometer_ft_b1.0_t0.3_22907487,eval,200000,0.0
coffeepush_robometer_ft_b1.0_t0.3_22907487,eval,205000,0.0
coffeepush_robometer_ft_b1.0_t0.3_22907487,eval,210000,0.0
coffeepush_robometer_ft_b1.0_t0.3_22907487,eval,215000,0.0
coffeepush_robometer_ft_b1.0_t0.3_22907487,eval,220000,0.0
coffeepush_robometer_ft_b1.0_t0.3_22907487,eval,225000,0.0
coffeepush_robometer_ft_b1.0_t0.3_22907487,eval,230000,0.0
coffeepush_robometer_ft_b1.0_t0.3_22907487,eval,235000,0.1
coffeepush_robometer_ft_b1.0_t0.3_22907487,eval,240000,0.0
coffeepush_robometer_ft_b1.0_t0.3_22907487,eval,245000,0.0
coffeepush_robometer_ft_b1.0_t0.3_22907487,eval,250000,0.0
coffeepush_robometer_ft_b1.0_t0.3_22907487,eval,255000,0.0
coffeepush_robometer_ft_b1.0_t0.3_22907487,eval,260000,0.0
coffeepush_robometer_ft_b1.0_t0.3_22907487,eval,265000,0.0
coffeepush_robometer_ft_b1.0_t0.3_22907487,eval,270000,0.0
coffeepush_robometer_ft_b1.0_t0.3_22907487,eval,275000,0.0
coffeepush_robometer_ft_b1.0_t0.3_22907487,eval,280000,0.0
coffeepush_robometer_ft_b1.0_t0.3_22907487,eval,285000,0.0
coffeepush_robometer_ft_b1.0_t0.3_22907487,eval,290000,0.0
coffeepush_robometer_ft_b1.0_t0.3_22907487,eval,295000,0.0
coffeepush_robometer_ft_b1.0_t0.3_22907487,eval,300000,0.0
coffeepush_robometer_ft_b1.0_t0.3_22907487,train,5000,0.0
coffeepush_robometer_ft_b1.0_t0.3_22907487,train,10000,0.04
coffeepush_robometer_ft_b1.0_t0.3_22907487,train,15000,0.04
coffeepush_robometer_ft_b1.0_t0.3_22907487,train,20000,0.04
coffeepush_robometer_ft_b1.0_t0.3_22907487,train,25000,0.0
coffeepush_robometer_ft_b1.0_t0.3_22907487,train,30000,0.0
coffeepush_robometer_ft_b1.0_t0.3_22907487,train,35000,0.0
coffeepush_robometer_ft_b1.0_t0.3_22907487,train,40000,0.0
coffeepush_robometer_ft_b1.0_t0.3_22907487,train,45000,0.0
coffeepush_robometer_ft_b1.0_t0.3_22907487,train,50000,0.0
coffeepush_robometer_ft_b1.0_t0.3_22907487,train,55000,0.0
coffeepush_robometer_ft_b1.0_t0.3_22907487,train,60000,0.0
coffeepush_robometer_ft_b1.0_t0.3_22907487,train,65000,0.02
coffeepush_robometer_ft_b1.0_t0.3_22907487,train,70000,0.0
coffeepush_robometer_ft_b1.0_t0.3_22907487,train,75000,0.0
coffeepush_robometer_ft_b1.0_t0.3_22907487,train,80000,0.02
coffeepush_robometer_ft_b1.0_t0.3_22907487,train,85000,0.02
coffeepush_robometer_ft_b1.0_t0.3_22907487,train,90000,0.0
coffeepush_robometer_ft_b1.0_t0.3_22907487,train,95000,0.0
coffeepush_robometer_ft_b1.0_t0.3_22907487,train,100000,0.02
coffeepush_robometer_ft_b1.0_t0.3_22907487,train,105000,0.0
coffeepush_robometer_ft_b1.0_t0.3_22907487,train,110000,0.0
coffeepush_robometer_ft_b1.0_t0.3_22907487,train,115000,0.0
coffeepush_robometer_ft_b1.0_t0.3_22907487,train,120000,0.0
coffeepush_robometer_ft_b1.0_t0.3_22907487,train,125000,0.0
coffeepush_robometer_ft_b1.0_t0.3_22907487,train,130000,0.0
coffeepush_robometer_ft_b1.0_t0.3_22907487,train,135000,0.0
coffeepush_robometer_ft_b1.0_t0.3_22907487,train,140000,0.0
coffeepush_robometer_ft_b1.0_t0.3_22907487,train,145000,0.0
coffeepush_robometer_ft_b1.0_t0.3_22907487,train,150000,0.02
coffeepush_robometer_ft_b1.0_t0.3_22907487,train,155000,0.0
coffeepush_robometer_ft_b1.0_t0.3_22907487,train,160000,0.0
coffeepush_robometer_ft_b1.0_t0.3_22907487,train,165000,0.0
coffeepush_robometer_ft_b1.0_t0.3_22907487,train,170000,0.0
coffeepush_robometer_ft_b1.0_t0.3_22907487,train,175000,0.0
coffeepush_robometer_ft_b1.0_t0.3_22907487,train,180000,0.0
coffeepush_robometer_ft_b1.0_t0.3_22907487,train,185000,0.0
coffeepush_robometer_ft_b1.0_t0.3_22907487,train,190000,0.0
coffeepush_robometer_ft_b1.0_t0.3_22907487,train,195000,0.0
coffeepush_robometer_ft_b1.0_t0.3_22907487,train,200000,0.0
coffeepush_robometer_ft_b1.0_t0.3_22907487,train,205000,0.0
coffeepush_robometer_ft_b1.0_t0.3_22907487,train,210000,0.0
coffeepush_robometer_ft_b1.0_t0.3_22907487,train,215000,0.0
coffeepush_robometer_ft_b1.0_t0.3_22907487,train,220000,0.0
coffeepush_robometer_ft_b1.0_t0.3_22907487,train,225000,0.0
coffeepush_robometer_ft_b1.0_t0.3_22907487,train,230000,0.0
coffeepush_robometer_ft_b1.0_t0.3_22907487,train,235000,0.0
coffeepush_robometer_ft_b1.0_t0.3_22907487,train,240000,0.0
coffeepush_robometer_ft_b1.0_t0.3_22907487,train,245000,0.0
coffeepush_robometer_ft_b1.0_t0.3_22907487,train,250000,0.0
coffeepush_robometer_ft_b1.0_t0.3_22907487,train,255000,0.0
coffeepush_robometer_ft_b1.0_t0.3_22907487,train,260000,0.0
coffeepush_robometer_ft_b1.0_t0.3_22907487,train,265000,0.0
coffeepush_robometer_ft_b1.0_t0.3_22907487,train,270000,0.0
coffeepush_robometer_ft_b1.0_t0.3_22907487,train,275000,0.0
coffeepush_robometer_ft_b1.0_t0.3_22907487,train,280000,0.0
coffeepush_robometer_ft_b1.0_t0.3_22907487,train,285000,0.0
coffeepush_robometer_ft_b1.0_t0.3_22907487,train,290000,0.0
coffeepush_robometer_ft_b1.0_t0.3_22907487,train,295000,0.0
coffeepush_robometer_ft_b1.0_t0.3_22907487,train,300000,0.0
coffeepush_robometer_ft_b1.0_t0.0_22907486,eval,5000,0.1
coffeepush_robometer_ft_b1.0_t0.0_22907486,eval,10000,0.0
coffeepush_robometer_ft_b1.0_t0.0_22907486,eval,15000,0.0
coffeepush_robometer_ft_b1.0_t0.0_22907486,eval,20000,0.1
coffeepush_robometer_ft_b1.0_t0.0_22907486,eval,25000,0.0
coffeepush_robometer_ft_b1.0_t0.0_22907486,eval,30000,0.0
coffeepush_robometer_ft_b1.0_t0.0_22907486,eval,35000,0.1
coffeepush_robometer_ft_b1.0_t0.0_22907486,eval,40000,0.0
coffeepush_robometer_ft_b1.0_t0.0_22907486,eval,45000,0.1
coffeepush_robometer_ft_b1.0_t0.0_22907486,eval,50000,0.0
coffeepush_robometer_ft_b1.0_t0.0_22907486,eval,55000,0.0
coffeepush_robometer_ft_b1.0_t0.0_22907486,eval,60000,0.0
coffeepush_robometer_ft_b1.0_t0.0_22907486,eval,65000,0.0
coffeepush_robometer_ft_b1.0_t0.0_22907486,eval,70000,0.0
coffeepush_robometer_ft_b1.0_t0.0_22907486,eval,75000,0.0
coffeepush_robometer_ft_b1.0_t0.0_22907486,eval,80000,0.2
coffeepush_robometer_ft_b1.0_t0.0_22907486,eval,85000,0.0
coffeepush_robometer_ft_b1.0_t0.0_22907486,eval,90000,0.0
coffeepush_robometer_ft_b1.0_t0.0_22907486,eval,95000,0.0
coffeepush_robometer_ft_b1.0_t0.0_22907486,eval,100000,0.0
coffeepush_robometer_ft_b1.0_t0.0_22907486,eval,105000,0.0
coffeepush_robometer_ft_b1.0_t0.0_22907486,eval,110000,0.0
coffeepush_robometer_ft_b1.0_t0.0_22907486,eval,115000,0.0
coffeepush_robometer_ft_b1.0_t0.0_22907486,eval,120000,0.1
coffeepush_robometer_ft_b1.0_t0.0_22907486,eval,125000,0.2
coffeepush_robometer_ft_b1.0_t0.0_22907486,eval,130000,0.0
coffeepush_robometer_ft_b1.0_t0.0_22907486,eval,135000,0.05
coffeepush_robometer_ft_b1.0_t0.0_22907486,eval,140000,0.0
coffeepush_robometer_ft_b1.0_t0.0_22907486,eval,145000,0.0
coffeepush_robometer_ft_b1.0_t0.0_22907486,eval,150000,0.0
coffeepush_robometer_ft_b1.0_t0.0_22907486,eval,155000,0.0
coffeepush_robometer_ft_b1.0_t0.0_22907486,eval,160000,0.0
coffeepush_robometer_ft_b1.0_t0.0_22907486,eval,165000,0.25
coffeepush_robometer_ft_b1.0_t0.0_22907486,eval,170000,0.0
coffeepush_robometer_ft_b1.0_t0.0_22907486,eval,175000,0.0
coffeepush_robometer_ft_b1.0_t0.0_22907486,eval,180000,0.0
coffeepush_robometer_ft_b1.0_t0.0_22907486,eval,185000,0.0
coffeepush_robometer_ft_b1.0_t0.0_22907486,eval,190000,0.2
coffeepush_robometer_ft_b1.0_t0.0_22907486,eval,195000,0.0
coffeepush_robometer_ft_b1.0_t0.0_22907486,eval,200000,0.05
coffeepush_robometer_ft_b1.0_t0.0_22907486,eval,205000,0.05
coffeepush_robometer_ft_b1.0_t0.0_22907486,eval,210000,0.0
coffeepush_robometer_ft_b1.0_t0.0_22907486,eval,215000,0.05
coffeepush_robometer_ft_b1.0_t0.0_22907486,eval,220000,0.0
coffeepush_robometer_ft_b1.0_t0.0_22907486,eval,225000,0.0
coffeepush_robometer_ft_b1.0_t0.0_22907486,eval,230000,0.0
coffeepush_robometer_ft_b1.0_t0.0_22907486,eval,235000,0.1
coffeepush_robometer_ft_b1.0_t0.0_22907486,eval,240000,0.25
coffeepush_robometer_ft_b1.0_t0.0_22907486,eval,245000,0.0
coffeepush_robometer_ft_b1.0_t0.0_22907486,eval,250000,0.0
coffeepush_robometer_ft_b1.0_t0.0_22907486,eval,255000,0.0
coffeepush_robometer_ft_b1.0_t0.0_22907486,eval,260000,0.0
coffeepush_robometer_ft_b1.0_t0.0_22907486,eval,265000,0.0
coffeepush_robometer_ft_b1.0_t0.0_22907486,eval,270000,0.0
coffeepush_robometer_ft_b1.0_t0.0_22907486,eval,275000,0.0
coffeepush_robometer_ft_b1.0_t0.0_22907486,eval,280000,0.0
coffeepush_robometer_ft_b1.0_t0.0_22907486,eval,285000,0.0
coffeepush_robometer_ft_b1.0_t0.0_22907486,eval,290000,0.0
coffeepush_robometer_ft_b1.0_t0.0_22907486,eval,295000,0.0
coffeepush_robometer_ft_b1.0_t0.0_22907486,eval,300000,0.0
coffeepush_robometer_ft_b1.0_t0.0_22907486,train,5000,0.04
coffeepush_robometer_ft_b1.0_t0.0_22907486,train,10000,0.0
coffeepush_robometer_ft_b1.0_t0.0_22907486,train,15000,0.0
coffeepush_robometer_ft_b1.0_t0.0_22907486,train,20000,0.0
coffeepush_robometer_ft_b1.0_t0.0_22907486,train,25000,0.06
coffeepush_robometer_ft_b1.0_t0.0_22907486,train,30000,0.0
coffeepush_robometer_ft_b1.0_t0.0_22907486,train,35000,0.06
coffeepush_robometer_ft_b1.0_t0.0_22907486,train,40000,0.08
coffeepush_robometer_ft_b1.0_t0.0_22907486,train,45000,0.0
coffeepush_robometer_ft_b1.0_t0.0_22907486,train,50000,0.02
coffeepush_robometer_ft_b1.0_t0.0_22907486,train,55000,0.0
coffeepush_robometer_ft_b1.0_t0.0_22907486,train,60000,0.02
coffeepush_robometer_ft_b1.0_t0.0_22907486,train,65000,0.0
coffeepush_robometer_ft_b1.0_t0.0_22907486,train,70000,0.0
coffeepush_robometer_ft_b1.0_t0.0_22907486,train,75000,0.02
coffeepush_robometer_ft_b1.0_t0.0_22907486,train,80000,0.0
coffeepush_robometer_ft_b1.0_t0.0_22907486,train,85000,0.06
coffeepush_robometer_ft_b1.0_t0.0_22907486,train,90000,0.0
coffeepush_robometer_ft_b1.0_t0.0_22907486,train,95000,0.0
coffeepush_robometer_ft_b1.0_t0.0_22907486,train,100000,0.0
coffeepush_robometer_ft_b1.0_t0.0_22907486,train,105000,0.02
coffeepush_robometer_ft_b1.0_t0.0_22907486,train,110000,0.0
coffeepush_robometer_ft_b1.0_t0.0_22907486,train,115000,0.02
coffeepush_robometer_ft_b1.0_t0.0_22907486,train,120000,0.0
coffeepush_robometer_ft_b1.0_t0.0_22907486,train,125000,0.02
coffeepush_robometer_ft_b1.0_t0.0_22907486,train,130000,0.0
coffeepush_robometer_ft_b1.0_t0.0_22907486,train,135000,0.0
coffeepush_robometer_ft_b1.0_t0.0_22907486,train,140000,0.0
coffeepush_robometer_ft_b1.0_t0.0_22907486,train,145000,0.0
coffeepush_robometer_ft_b1.0_t0.0_22907486,train,150000,0.0
coffeepush_robometer_ft_b1.0_t0.0_22907486,train,155000,0.0
coffeepush_robometer_ft_b1.0_t0.0_22907486,train,160000,0.0
coffeepush_robometer_ft_b1.0_t0.0_22907486,train,165000,0.04
coffeepush_robometer_ft_b1.0_t0.0_22907486,train,170000,0.02
coffeepush_robometer_ft_b1.0_t0.0_22907486,train,175000,0.0
coffeepush_robometer_ft_b1.0_t0.0_22907486,train,180000,0.02
coffeepush_robometer_ft_b1.0_t0.0_22907486,train,185000,0.02
coffeepush_robometer_ft_b1.0_t0.0_22907486,train,190000,0.06
coffeepush_robometer_ft_b1.0_t0.0_22907486,train,195000,0.0
coffeepush_robometer_ft_b1.0_t0.0_22907486,train,200000,0.02
coffeepush_robometer_ft_b1.0_t0.0_22907486,train,205000,0.0
coffeepush_robometer_ft_b1.0_t0.0_22907486,train,210000,0.02
coffeepush_robometer_ft_b1.0_t0.0_22907486,train,215000,0.06
coffeepush_robometer_ft_b1.0_t0.0_22907486,train,220000,0.02
coffeepush_robometer_ft_b1.0_t0.0_22907486,train,225000,0.04
coffeepush_robometer_ft_b1.0_t0.0_22907486,train,230000,0.02
coffeepush_robometer_ft_b1.0_t0.0_22907486,train,235000,0.0
coffeepush_robometer_ft_b1.0_t0.0_22907486,train,240000,0.04
coffeepush_robometer_ft_b1.0_t0.0_22907486,train,245000,0.06
coffeepush_robometer_ft_b1.0_t0.0_22907486,train,250000,0.0
coffeepush_robometer_ft_b1.0_t0.0_22907486,train,255000,0.0
coffeepush_robometer_ft_b1.0_t0.0_22907486,train,260000,0.0
coffeepush_robometer_ft_b1.0_t0.0_22907486,train,265000,0.02
coffeepush_robometer_ft_b1.0_t0.0_22907486,train,270000,0.0
coffeepush_robometer_ft_b1.0_t0.0_22907486,train,275000,0.02
coffeepush_robometer_ft_b1.0_t0.0_22907486,train,280000,0.02
coffeepush_robometer_ft_b1.0_t0.0_22907486,train,285000,0.0
coffeepush_robometer_ft_b1.0_t0.0_22907486,train,290000,0.0
coffeepush_robometer_ft_b1.0_t0.0_22907486,train,295000,0.0
coffeepush_robometer_ft_b1.0_t0.0_22907486,train,300000,0.0
coffeepush_robometer_ft_b0.0_t0.6_22907482,eval,5000,0.0
coffeepush_robometer_ft_b0.0_t0.6_22907482,eval,10000,0.0
coffeepush_robometer_ft_b0.0_t0.6_22907482,eval,15000,0.0
coffeepush_robometer_ft_b0.0_t0.6_22907482,eval,20000,0.0
coffeepush_robometer_ft_b0.0_t0.6_22907482,eval,25000,0.0
coffeepush_robometer_ft_b0.0_t0.6_22907482,eval,30000,0.0
coffeepush_robometer_ft_b0.0_t0.6_22907482,eval,35000,0.0
coffeepush_robometer_ft_b0.0_t0.6_22907482,eval,40000,0.0
coffeepush_robometer_ft_b0.0_t0.6_22907482,eval,45000,0.0
coffeepush_robometer_ft_b0.0_t0.6_22907482,eval,50000,0.0
coffeepush_robometer_ft_b0.0_t0.6_22907482,eval,55000,0.0
coffeepush_robometer_ft_b0.0_t0.6_22907482,eval,60000,0.0
coffeepush_robometer_ft_b0.0_t0.6_22907482,eval,65000,0.0
coffeepush_robometer_ft_b0.0_t0.6_22907482,eval,70000,0.0
coffeepush_robometer_ft_b0.0_t0.6_22907482,eval,75000,0.0
coffeepush_robometer_ft_b0.0_t0.6_22907482,eval,80000,0.0
coffeepush_robometer_ft_b0.0_t0.6_22907482,eval,85000,0.0
coffeepush_robometer_ft_b0.0_t0.6_22907482,eval,90000,0.0
coffeepush_robometer_ft_b0.0_t0.6_22907482,eval,95000,0.0
coffeepush_robometer_ft_b0.0_t0.6_22907482,eval,100000,0.0
coffeepush_robometer_ft_b0.0_t0.6_22907482,eval,105000,0.0
coffeepush_robometer_ft_b0.0_t0.6_22907482,eval,110000,0.0
coffeepush_robometer_ft_b0.0_t0.6_22907482,eval,115000,0.0
coffeepush_robometer_ft_b0.0_t0.6_22907482,eval,120000,0.0
coffeepush_robometer_ft_b0.0_t0.6_22907482,eval,125000,0.0
coffeepush_robometer_ft_b0.0_t0.6_22907482,eval,130000,0.0
coffeepush_robometer_ft_b0.0_t0.6_22907482,eval,135000,0.0
coffeepush_robometer_ft_b0.0_t0.6_22907482,eval,140000,0.0
coffeepush_robometer_ft_b0.0_t0.6_22907482,eval,145000,0.0
coffeepush_robometer_ft_b0.0_t0.6_22907482,eval,150000,0.0
coffeepush_robometer_ft_b0.0_t0.6_22907482,eval,155000,0.0
coffeepush_robometer_ft_b0.0_t0.6_22907482,eval,160000,0.0
coffeepush_robometer_ft_b0.0_t0.6_22907482,eval,165000,0.0
coffeepush_robometer_ft_b0.0_t0.6_22907482,eval,170000,0.0
coffeepush_robometer_ft_b0.0_t0.6_22907482,eval,175000,0.0
coffeepush_robometer_ft_b0.0_t0.6_22907482,eval,180000,0.0
coffeepush_robometer_ft_b0.0_t0.6_22907482,eval,185000,0.0
coffeepush_robometer_ft_b0.0_t0.6_22907482,eval,190000,0.0
coffeepush_robometer_ft_b0.0_t0.6_22907482,eval,195000,0.0
coffeepush_robometer_ft_b0.0_t0.6_22907482,eval,200000,0.0
coffeepush_robometer_ft_b0.0_t0.6_22907482,eval,205000,0.0
coffeepush_robometer_ft_b0.0_t0.6_22907482,eval,210000,0.0
coffeepush_robometer_ft_b0.0_t0.6_22907482,eval,215000,0.0
coffeepush_robometer_ft_b0.0_t0.6_22907482,eval,220000,0.0
coffeepush_robometer_ft_b0.0_t0.6_22907482,eval,225000,0.0
coffeepush_robometer_ft_b0.0_t0.6_22907482,eval,230000,0.0
coffeepush_robometer_ft_b0.0_t0.6_22907482,eval,235000,0.0
coffeepush_robometer_ft_b0.0_t0.6_22907482,eval,240000,0.0
coffeepush_robometer_ft_b0.0_t0.6_22907482,eval,245000,0.0
coffeepush_robometer_ft_b0.0_t0.6_22907482,eval,250000,0.0
coffeepush_robometer_ft_b0.0_t0.6_22907482,eval,255000,0.0
coffeepush_robometer_ft_b0.0_t0.6_22907482,eval,260000,0.0
coffeepush_robometer_ft_b0.0_t0.6_22907482,eval,265000,0.0
coffeepush_robometer_ft_b0.0_t0.6_22907482,eval,270000,0.0
coffeepush_robometer_ft_b0.0_t0.6_22907482,eval,275000,0.0
coffeepush_robometer_ft_b0.0_t0.6_22907482,eval,280000,0.0
coffeepush_robometer_ft_b0.0_t0.6_22907482,eval,285000,0.0
coffeepush_robometer_ft_b0.0_t0.6_22907482,eval,290000,0.0
coffeepush_robometer_ft_b0.0_t0.6_22907482,eval,295000,0.0
coffeepush_robometer_ft_b0.0_t0.6_22907482,eval,300000,0.0
coffeepush_robometer_ft_b0.0_t0.6_22907482,train,5000,0.0
coffeepush_robometer_ft_b0.0_t0.6_22907482,train,10000,0.02
coffeepush_robometer_ft_b0.0_t0.6_22907482,train,15000,0.0
coffeepush_robometer_ft_b0.0_t0.6_22907482,train,20000,0.0
coffeepush_robometer_ft_b0.0_t0.6_22907482,train,25000,0.0
coffeepush_robometer_ft_b0.0_t0.6_22907482,train,30000,0.0
coffeepush_robometer_ft_b0.0_t0.6_22907482,train,35000,0.0
coffeepush_robometer_ft_b0.0_t0.6_22907482,train,40000,0.04
coffeepush_robometer_ft_b0.0_t0.6_22907482,train,45000,0.0
coffeepush_robometer_ft_b0.0_t0.6_22907482,train,50000,0.0
coffeepush_robometer_ft_b0.0_t0.6_22907482,train,55000,0.0
coffeepush_robometer_ft_b0.0_t0.6_22907482,train,60000,0.0
coffeepush_robometer_ft_b0.0_t0.6_22907482,train,65000,0.0
coffeepush_robometer_ft_b0.0_t0.6_22907482,train,70000,0.0
coffeepush_robometer_ft_b0.0_t0.6_22907482,train,75000,0.0
coffeepush_robometer_ft_b0.0_t0.6_22907482,train,80000,0.0
coffeepush_robometer_ft_b0.0_t0.6_22907482,train,85000,0.0
coffeepush_robometer_ft_b0.0_t0.6_22907482,train,90000,0.0
coffeepush_robometer_ft_b0.0_t0.6_22907482,train,95000,0.0
coffeepush_robometer_ft_b0.0_t0.6_22907482,train,100000,0.0
coffeepush_robometer_ft_b0.0_t0.6_22907482,train,105000,0.0
coffeepush_robometer_ft_b0.0_t0.6_22907482,train,110000,0.0
coffeepush_robometer_ft_b0.0_t0.6_22907482,train,115000,0.0
coffeepush_robometer_ft_b0.0_t0.6_22907482,train,120000,0.0
coffeepush_robometer_ft_b0.0_t0.6_22907482,train,125000,0.0
coffeepush_robometer_ft_b0.0_t0.6_22907482,train,130000,0.0
coffeepush_robometer_ft_b0.0_t0.6_22907482,train,135000,0.0
coffeepush_robometer_ft_b0.0_t0.6_22907482,train,140000,0.0
coffeepush_robometer_ft_b0.0_t0.6_22907482,train,145000,0.0
coffeepush_robometer_ft_b0.0_t0.6_22907482,train,150000,0.0
coffeepush_robometer_ft_b0.0_t0.6_22907482,train,155000,0.0
coffeepush_robometer_ft_b0.0_t0.6_22907482,train,160000,0.0
coffeepush_robometer_ft_b0.0_t0.6_22907482,train,165000,0.0
coffeepush_robometer_ft_b0.0_t0.6_22907482,train,170000,0.0
coffeepush_robometer_ft_b0.0_t0.6_22907482,train,175000,0.0
coffeepush_robometer_ft_b0.0_t0.6_22907482,train,180000,0.0
coffeepush_robometer_ft_b0.0_t0.6_22907482,train,185000,0.0
coffeepush_robometer_ft_b0.0_t0.6_22907482,train,190000,0.0
coffeepush_robometer_ft_b0.0_t0.6_22907482,train,195000,0.0
coffeepush_robometer_ft_b0.0_t0.6_22907482,train,200000,0.0
coffeepush_robometer_ft_b0.0_t0.6_22907482,train,205000,0.0
coffeepush_robometer_ft_b0.0_t0.6_22907482,train,210000,0.0
coffeepush_robometer_ft_b0.0_t0.6_22907482,train,215000,0.0
coffeepush_robometer_ft_b0.0_t0.6_22907482,train,220000,0.0
coffeepush_robometer_ft_b0.0_t0.6_22907482,train,225000,0.0
coffeepush_robometer_ft_b0.0_t0.6_22907482,train,230000,0.0
coffeepush_robometer_ft_b0.0_t0.6_22907482,train,235000,0.0
coffeepush_robometer_ft_b0.0_t0.6_22907482,train,240000,0.0
coffeepush_robometer_ft_b0.0_t0.6_22907482,train,245000,0.0
coffeepush_robometer_ft_b0.0_t0.6_22907482,train,250000,0.0
coffeepush_robometer_ft_b0.0_t0.6_22907482,train,255000,0.0
coffeepush_robometer_ft_b0.0_t0.6_22907482,train,260000,0.0
coffeepush_robometer_ft_b0.0_t0.6_22907482,train,265000,0.0
coffeepush_robometer_ft_b0.0_t0.6_22907482,train,270000,0.0
coffeepush_robometer_ft_b0.0_t0.6_22907482,train,275000,0.0
coffeepush_robometer_ft_b0.0_t0.6_22907482,train,280000,0.0
coffeepush_robometer_ft_b0.0_t0.6_22907482,train,285000,0.0
coffeepush_robometer_ft_b0.0_t0.6_22907482,train,290000,0.0
coffeepush_robometer_ft_b0.0_t0.6_22907482,train,295000,0.0
coffeepush_robometer_ft_b0.0_t0.6_22907482,train,300000,0.0
boxclose_robometer_ft_b0.0_t0.3_22907490,eval,5000,0.0
boxclose_robometer_ft_b0.0_t0.3_22907490,eval,10000,0.1
boxclose_robometer_ft_b0.0_t0.3_22907490,eval,15000,0.0
boxclose_robometer_ft_b0.0_t0.3_22907490,eval,20000,0.0
boxclose_robometer_ft_b0.0_t0.3_22907490,eval,25000,0.0
boxclose_robometer_ft_b0.0_t0.3_22907490,eval,30000,0.0
boxclose_robometer_ft_b0.0_t0.3_22907490,eval,35000,0.0
boxclose_robometer_ft_b0.0_t0.3_22907490,eval,40000,0.05
boxclose_robometer_ft_b0.0_t0.3_22907490,eval,45000,0.0
boxclose_robometer_ft_b0.0_t0.3_22907490,eval,50000,0.0
boxclose_robometer_ft_b0.0_t0.3_22907490,eval,55000,0.0
boxclose_robometer_ft_b0.0_t0.3_22907490,eval,60000,0.0
boxclose_robometer_ft_b0.0_t0.3_22907490,eval,65000,0.0
boxclose_robometer_ft_b0.0_t0.3_22907490,eval,70000,0.0
boxclose_robometer_ft_b0.0_t0.3_22907490,eval,75000,0.0
boxclose_robometer_ft_b0.0_t0.3_22907490,eval,80000,0.0
boxclose_robometer_ft_b0.0_t0.3_22907490,eval,85000,0.0
boxclose_robometer_ft_b0.0_t0.3_22907490,eval,90000,0.0
boxclose_robometer_ft_b0.0_t0.3_22907490,eval,95000,0.0
boxclose_robometer_ft_b0.0_t0.3_22907490,eval,100000,0.0
boxclose_robometer_ft_b0.0_t0.3_22907490,eval,105000,0.0
boxclose_robometer_ft_b0.0_t0.3_22907490,eval,110000,0.0
boxclose_robometer_ft_b0.0_t0.3_22907490,eval,115000,0.0
boxclose_robometer_ft_b0.0_t0.3_22907490,eval,120000,0.0
boxclose_robometer_ft_b0.0_t0.3_22907490,eval,125000,0.0
boxclose_robometer_ft_b0.0_t0.3_22907490,eval,130000,0.0
boxclose_robometer_ft_b0.0_t0.3_22907490,eval,135000,0.0
boxclose_robometer_ft_b0.0_t0.3_22907490,eval,140000,0.0
boxclose_robometer_ft_b0.0_t0.3_22907490,eval,145000,0.0
boxclose_robometer_ft_b0.0_t0.3_22907490,eval,150000,0.0
boxclose_robometer_ft_b0.0_t0.3_22907490,eval,155000,0.0
boxclose_robometer_ft_b0.0_t0.3_22907490,eval,160000,0.0
boxclose_robometer_ft_b0.0_t0.3_22907490,eval,165000,0.0
boxclose_robometer_ft_b0.0_t0.3_22907490,eval,170000,0.0
boxclose_robometer_ft_b0.0_t0.3_22907490,eval,175000,0.0
boxclose_robometer_ft_b0.0_t0.3_22907490,eval,180000,0.0
boxclose_robometer_ft_b0.0_t0.3_22907490,eval,185000,0.0
boxclose_robometer_ft_b0.0_t0.3_22907490,eval,190000,0.05
boxclose_robometer_ft_b0.0_t0.3_22907490,eval,195000,0.0
boxclose_robometer_ft_b0.0_t0.3_22907490,eval,200000,0.0
boxclose_robometer_ft_b0.0_t0.3_22907490,eval,205000,0.05
boxclose_robometer_ft_b0.0_t0.3_22907490,eval,210000,0.0
boxclose_robometer_ft_b0.0_t0.3_22907490,eval,215000,0.0
boxclose_robometer_ft_b0.0_t0.3_22907490,eval,220000,0.0
boxclose_robometer_ft_b0.0_t0.3_22907490,eval,225000,0.0
boxclose_robometer_ft_b0.0_t0.3_22907490,eval,230000,0.0
boxclose_robometer_ft_b0.0_t0.3_22907490,eval,235000,0.0
boxclose_robometer_ft_b0.0_t0.3_22907490,eval,240000,0.0
boxclose_robometer_ft_b0.0_t0.3_22907490,eval,245000,0.0
boxclose_robometer_ft_b0.0_t0.3_22907490,eval,250000,0.05
boxclose_robometer_ft_b0.0_t0.3_22907490,eval,255000,0.0
boxclose_robometer_ft_b0.0_t0.3_22907490,eval,260000,0.0
boxclose_robometer_ft_b0.0_t0.3_22907490,eval,265000,0.0
boxclose_robometer_ft_b0.0_t0.3_22907490,eval,270000,0.0
boxclose_robometer_ft_b0.0_t0.3_22907490,eval,275000,0.0
boxclose_robometer_ft_b0.0_t0.3_22907490,eval,280000,0.0
boxclose_robometer_ft_b0.0_t0.3_22907490,eval,285000,0.0
boxclose_robometer_ft_b0.0_t0.3_22907490,eval,290000,0.0
boxclose_robometer_ft_b0.0_t0.3_22907490,eval,295000,0.0
boxclose_robometer_ft_b0.0_t0.3_22907490,eval,300000,0.0
boxclose_robometer_ft_b0.0_t0.3_22907490,train,5000,0.0
boxclose_robometer_ft_b0.0_t0.3_22907490,train,10000,0.0
boxclose_robometer_ft_b0.0_t0.3_22907490,train,15000,0.0
boxclose_robometer_ft_b0.0_t0.3_22907490,train,20000,0.0
boxclose_robometer_ft_b0.0_t0.3_22907490,train,25000,0.0
boxclose_robometer_ft_b0.0_t0.3_22907490,train,30000,0.0
boxclose_robometer_ft_b0.0_t0.3_22907490,train,35000,0.02
boxclose_robometer_ft_b0.0_t0.3_22907490,train,40000,0.0
boxclose_robometer_ft_b0.0_t0.3_22907490,train,45000,0.0
boxclose_robometer_ft_b0.0_t0.3_22907490,train,50000,0.0
boxclose_robometer_ft_b0.0_t0.3_22907490,train,55000,0.0
boxclose_robometer_ft_b0.0_t0.3_22907490,train,60000,0.0
boxclose_robometer_ft_b0.0_t0.3_22907490,train,65000,0.0
boxclose_robometer_ft_b0.0_t0.3_22907490,train,70000,0.0
boxclose_robometer_ft_b0.0_t0.3_22907490,train,75000,0.0
boxclose_robometer_ft_b0.0_t0.3_22907490,train,80000,0.0
boxclose_robometer_ft_b0.0_t0.3_22907490,train,85000,0.0
boxclose_robometer_ft_b0.0_t0.3_22907490,train,90000,0.0
boxclose_robometer_ft_b0.0_t0.3_22907490,train,95000,0.0
boxclose_robometer_ft_b0.0_t0.3_22907490,train,100000,0.0
boxclose_robometer_ft_b0.0_t0.3_22907490,train,105000,0.0
boxclose_robometer_ft_b0.0_t0.3_22907490,train,110000,0.0
boxclose_robometer_ft_b0.0_t0.3_22907490,train,115000,0.0
boxclose_robometer_ft_b0.0_t0.3_22907490,train,120000,0.0
boxclose_robometer_ft_b0.0_t0.3_22907490,train,125000,0.0
boxclose_robometer_ft_b0.0_t0.3_22907490,train,130000,0.0
boxclose_robometer_ft_b0.0_t0.3_22907490,train,135000,0.0
boxclose_robometer_ft_b0.0_t0.3_22907490,train,140000,0.0
boxclose_robometer_ft_b0.0_t0.3_22907490,train,145000,0.0
boxclose_robometer_ft_b0.0_t0.3_22907490,train,150000,0.0
boxclose_robometer_ft_b0.0_t0.3_22907490,train,155000,0.0
boxclose_robometer_ft_b0.0_t0.3_22907490,train,160000,0.0
boxclose_robometer_ft_b0.0_t0.3_22907490,train,165000,0.0
boxclose_robometer_ft_b0.0_t0.3_22907490,train,170000,0.0
boxclose_robometer_ft_b0.0_t0.3_22907490,train,175000,0.0
boxclose_robometer_ft_b0.0_t0.3_22907490,train,180000,0.0
boxclose_robometer_ft_b0.0_t0.3_22907490,train,185000,0.0
boxclose_robometer_ft_b0.0_t0.3_22907490,train,190000,0.0
boxclose_robometer_ft_b0.0_t0.3_22907490,train,195000,0.0
boxclose_robometer_ft_b0.0_t0.3_22907490,train,200000,0.0
boxclose_robometer_ft_b0.0_t0.3_22907490,train,205000,0.0
boxclose_robometer_ft_b0.0_t0.3_22907490,train,210000,0.0
boxclose_robometer_ft_b0.0_t0.3_22907490,train,215000,0.0
boxclose_robometer_ft_b0.0_t0.3_22907490,train,220000,0.0
boxclose_robometer_ft_b0.0_t0.3_22907490,train,225000,0.0
boxclose_robometer_ft_b0.0_t0.3_22907490,train,230000,0.0
boxclose_robometer_ft_b0.0_t0.3_22907490,train,235000,0.0
boxclose_robometer_ft_b0.0_t0.3_22907490,train,240000,0.0
boxclose_robometer_ft_b0.0_t0.3_22907490,train,245000,0.0
boxclose_robometer_ft_b0.0_t0.3_22907490,train,250000,0.0
boxclose_robometer_ft_b0.0_t0.3_22907490,train,255000,0.0
boxclose_robometer_ft_b0.0_t0.3_22907490,train,260000,0.0
boxclose_robometer_ft_b0.0_t0.3_22907490,train,265000,0.0
boxclose_robometer_ft_b0.0_t0.3_22907490,train,270000,0.02
boxclose_robometer_ft_b0.0_t0.3_22907490,train,275000,0.02
boxclose_robometer_ft_b0.0_t0.3_22907490,train,280000,0.0
boxclose_robometer_ft_b0.0_t0.3_22907490,train,285000,0.0
boxclose_robometer_ft_b0.0_t0.3_22907490,train,290000,0.0
boxclose_robometer_ft_b0.0_t0.3_22907490,train,295000,0.0
boxclose_robometer_ft_b0.0_t0.3_22907490,train,300000,0.0
boxclose_robometer_ft_b0.0_t0.0_22907489,eval,5000,0.0
boxclose_robometer_ft_b0.0_t0.0_22907489,eval,10000,0.0
boxclose_robometer_ft_b0.0_t0.0_22907489,eval,15000,0.15
boxclose_robometer_ft_b0.0_t0.0_22907489,eval,20000,0.0
boxclose_robometer_ft_b0.0_t0.0_22907489,eval,25000,0.0
boxclose_robometer_ft_b0.0_t0.0_22907489,eval,30000,0.0
boxclose_robometer_ft_b0.0_t0.0_22907489,eval,35000,0.0
boxclose_robometer_ft_b0.0_t0.0_22907489,eval,40000,0.0
boxclose_robometer_ft_b0.0_t0.0_22907489,eval,45000,0.0
boxclose_robometer_ft_b0.0_t0.0_22907489,eval,50000,0.0
boxclose_robometer_ft_b0.0_t0.0_22907489,eval,55000,0.0
boxclose_robometer_ft_b0.0_t0.0_22907489,eval,60000,0.0
boxclose_robometer_ft_b0.0_t0.0_22907489,eval,65000,0.0
boxclose_robometer_ft_b0.0_t0.0_22907489,eval,70000,0.0
boxclose_robometer_ft_b0.0_t0.0_22907489,eval,75000,0.0
boxclose_robometer_ft_b0.0_t0.0_22907489,eval,80000,0.0
boxclose_robometer_ft_b0.0_t0.0_22907489,eval,85000,0.0
boxclose_robometer_ft_b0.0_t0.0_22907489,eval,90000,0.0
boxclose_robometer_ft_b0.0_t0.0_22907489,eval,95000,0.1
boxclose_robometer_ft_b0.0_t0.0_22907489,eval,100000,0.0
boxclose_robometer_ft_b0.0_t0.0_22907489,eval,105000,0.0
boxclose_robometer_ft_b0.0_t0.0_22907489,eval,110000,0.0
boxclose_robometer_ft_b0.0_t0.0_22907489,eval,115000,0.0
boxclose_robometer_ft_b0.0_t0.0_22907489,eval,120000,0.0
boxclose_robometer_ft_b0.0_t0.0_22907489,eval,125000,0.0
boxclose_robometer_ft_b0.0_t0.0_22907489,eval,130000,0.05
boxclose_robometer_ft_b0.0_t0.0_22907489,eval,135000,0.0
boxclose_robometer_ft_b0.0_t0.0_22907489,eval,140000,0.0
boxclose_robometer_ft_b0.0_t0.0_22907489,eval,145000,0.0
boxclose_robometer_ft_b0.0_t0.0_22907489,eval,150000,0.0
boxclose_robometer_ft_b0.0_t0.0_22907489,eval,155000,0.0
boxclose_robometer_ft_b0.0_t0.0_22907489,eval,160000,0.0
boxclose_robometer_ft_b0.0_t0.0_22907489,eval,165000,0.1
boxclose_robometer_ft_b0.0_t0.0_22907489,eval,170000,0.0
boxclose_robometer_ft_b0.0_t0.0_22907489,eval,175000,0.05
boxclose_robometer_ft_b0.0_t0.0_22907489,eval,180000,0.0
boxclose_robometer_ft_b0.0_t0.0_22907489,eval,185000,0.0
boxclose_robometer_ft_b0.0_t0.0_22907489,eval,190000,0.0
boxclose_robometer_ft_b0.0_t0.0_22907489,eval,195000,0.0
boxclose_robometer_ft_b0.0_t0.0_22907489,eval,200000,0.0
boxclose_robometer_ft_b0.0_t0.0_22907489,eval,205000,0.0
boxclose_robometer_ft_b0.0_t0.0_22907489,eval,210000,0.0
boxclose_robometer_ft_b0.0_t0.0_22907489,eval,215000,0.0
boxclose_robometer_ft_b0.0_t0.0_22907489,eval,220000,0.0
boxclose_robometer_ft_b0.0_t0.0_22907489,eval,225000,0.0
boxclose_robometer_ft_b0.0_t0.0_22907489,eval,230000,0.0
boxclose_robometer_ft_b0.0_t0.0_22907489,eval,235000,0.0
boxclose_robometer_ft_b0.0_t0.0_22907489,eval,240000,0.0
boxclose_robometer_ft_b0.0_t0.0_22907489,eval,245000,0.0
boxclose_robometer_ft_b0.0_t0.0_22907489,eval,250000,0.0
boxclose_robometer_ft_b0.0_t0.0_22907489,eval,255000,0.0
boxclose_robometer_ft_b0.0_t0.0_22907489,eval,260000,0.0
boxclose_robometer_ft_b0.0_t0.0_22907489,eval,265000,0.0
boxclose_robometer_ft_b0.0_t0.0_22907489,eval,270000,0.0
boxclose_robometer_ft_b0.0_t0.0_22907489,eval,275000,0.0
boxclose_robometer_ft_b0.0_t0.0_22907489,eval,280000,0.0
boxclose_robometer_ft_b0.0_t0.0_22907489,eval,285000,0.0
boxclose_robometer_ft_b0.0_t0.0_22907489,eval,290000,0.0
boxclose_robometer_ft_b0.0_t0.0_22907489,eval,295000,0.0
boxclose_robometer_ft_b0.0_t0.0_22907489,eval,300000,0.0
boxclose_robometer_ft_b0.0_t0.0_22907489,train,5000,0.0
boxclose_robometer_ft_b0.0_t0.0_22907489,train,10000,0.04
boxclose_robometer_ft_b0.0_t0.0_22907489,train,15000,0.04
boxclose_robometer_ft_b0.0_t0.0_22907489,train,20000,0.02
boxclose_robometer_ft_b0.0_t0.0_22907489,train,25000,0.02
boxclose_robometer_ft_b0.0_t0.0_22907489,train,30000,0.0
boxclose_robometer_ft_b0.0_t0.0_22907489,train,35000,0.0
boxclose_robometer_ft_b0.0_t0.0_22907489,train,40000,0.0
boxclose_robometer_ft_b0.0_t0.0_22907489,train,45000,0.0
boxclose_robometer_ft_b0.0_t0.0_22907489,train,50000,0.0
boxclose_robometer_ft_b0.0_t0.0_22907489,train,55000,0.0
boxclose_robometer_ft_b0.0_t0.0_22907489,train,60000,0.02
boxclose_robometer_ft_b0.0_t0.0_22907489,train,65000,0.0
boxclose_robometer_ft_b0.0_t0.0_22907489,train,70000,0.0
boxclose_robometer_ft_b0.0_t0.0_22907489,train,75000,0.0
boxclose_robometer_ft_b0.0_t0.0_22907489,train,80000,0.0
boxclose_robometer_ft_b0.0_t0.0_22907489,train,85000,0.0
boxclose_robometer_ft_b0.0_t0.0_22907489,train,90000,0.0
boxclose_robometer_ft_b0.0_t0.0_22907489,train,95000,0.02
boxclose_robometer_ft_b0.0_t0.0_22907489,train,100000,0.0
boxclose_robometer_ft_b0.0_t0.0_22907489,train,105000,0.0
boxclose_robometer_ft_b0.0_t0.0_22907489,train,110000,0.0
boxclose_robometer_ft_b0.0_t0.0_22907489,train,115000,0.0
boxclose_robometer_ft_b0.0_t0.0_22907489,train,120000,0.0
boxclose_robometer_ft_b0.0_t0.0_22907489,train,125000,0.0
boxclose_robometer_ft_b0.0_t0.0_22907489,train,130000,0.0
boxclose_robometer_ft_b0.0_t0.0_22907489,train,135000,0.0
boxclose_robometer_ft_b0.0_t0.0_22907489,train,140000,0.0
boxclose_robometer_ft_b0.0_t0.0_22907489,train,145000,0.0
boxclose_robometer_ft_b0.0_t0.0_22907489,train,150000,0.0
boxclose_robometer_ft_b0.0_t0.0_22907489,train,155000,0.0
boxclose_robometer_ft_b0.0_t0.0_22907489,train,160000,0.0
boxclose_robometer_ft_b0.0_t0.0_22907489,train,165000,0.0
boxclose_robometer_ft_b0.0_t0.0_22907489,train,170000,0.0
boxclose_robometer_ft_b0.0_t0.0_22907489,train,175000,0.0
boxclose_robometer_ft_b0.0_t0.0_22907489,train,180000,0.0
boxclose_robometer_ft_b0.0_t0.0_22907489,train,185000,0.02
boxclose_robometer_ft_b0.0_t0.0_22907489,train,190000,0.0
boxclose_robometer_ft_b0.0_t0.0_22907489,train,195000,0.0
boxclose_robometer_ft_b0.0_t0.0_22907489,train,200000,0.02
boxclose_robometer_ft_b0.0_t0.0_22907489,train,205000,0.0
boxclose_robometer_ft_b0.0_t0.0_22907489,train,210000,0.0
boxclose_robometer_ft_b0.0_t0.0_22907489,train,215000,0.0
boxclose_robometer_ft_b0.0_t0.0_22907489,train,220000,0.0
boxclose_robometer_ft_b0.0_t0.0_22907489,train,225000,0.0
boxclose_robometer_ft_b0.0_t0.0_22907489,train,230000,0.0
boxclose_robometer_ft_b0.0_t0.0_22907489,train,235000,0.0
boxclose_robometer_ft_b0.0_t0.0_22907489,train,240000,0.0
boxclose_robometer_ft_b0.0_t0.0_22907489,train,245000,0.0
boxclose_robometer_ft_b0.0_t0.0_22907489,train,250000,0.0
boxclose_robometer_ft_b0.0_t0.0_22907489,train,255000,0.0
boxclose_robometer_ft_b0.0_t0.0_22907489,train,260000,0.0
boxclose_robometer_ft_b0.0_t0.0_22907489,train,265000,0.0
boxclose_robometer_ft_b0.0_t0.0_22907489,train,270000,0.0
boxclose_robometer_ft_b0.0_t0.0_22907489,train,275000,0.0
boxclose_robometer_ft_b0.0_t0.0_22907489,train,280000,0.0
boxclose_robometer_ft_b0.0_t0.0_22907489,train,285000,0.0
boxclose_robometer_ft_b0.0_t0.0_22907489,train,290000,0.0
boxclose_robometer_ft_b0.0_t0.0_22907489,train,295000,0.0
boxclose_robometer_ft_b0.0_t0.0_22907489,train,300000,0.0
boxclose_robometer_ft_b0.0_t0.6_22907491,eval,5000,0.05
boxclose_robometer_ft_b0.0_t0.6_22907491,eval,10000,0.0
boxclose_robometer_ft_b0.0_t0.6_22907491,eval,15000,0.0
boxclose_robometer_ft_b0.0_t0.6_22907491,eval,20000,0.0
boxclose_robometer_ft_b0.0_t0.6_22907491,eval,25000,0.15
boxclose_robometer_ft_b0.0_t0.6_22907491,eval,30000,0.1
boxclose_robometer_ft_b0.0_t0.6_22907491,eval,35000,0.0
boxclose_robometer_ft_b0.0_t0.6_22907491,eval,40000,0.05
boxclose_robometer_ft_b0.0_t0.6_22907491,eval,45000,0.0
boxclose_robometer_ft_b0.0_t0.6_22907491,eval,50000,0.05
boxclose_robometer_ft_b0.0_t0.6_22907491,eval,55000,0.0
boxclose_robometer_ft_b0.0_t0.6_22907491,eval,60000,0.0
boxclose_robometer_ft_b0.0_t0.6_22907491,eval,65000,0.0
boxclose_robometer_ft_b0.0_t0.6_22907491,eval,70000,0.0
boxclose_robometer_ft_b0.0_t0.6_22907491,eval,75000,0.0
boxclose_robometer_ft_b0.0_t0.6_22907491,eval,80000,0.0
boxclose_robometer_ft_b0.0_t0.6_22907491,eval,85000,0.0
boxclose_robometer_ft_b0.0_t0.6_22907491,eval,90000,0.0
boxclose_robometer_ft_b0.0_t0.6_22907491,eval,95000,0.0
boxclose_robometer_ft_b0.0_t0.6_22907491,eval,100000,0.0
boxclose_robometer_ft_b0.0_t0.6_22907491,eval,105000,0.0
boxclose_robometer_ft_b0.0_t0.6_22907491,eval,110000,0.0
boxclose_robometer_ft_b0.0_t0.6_22907491,eval,115000,0.0
boxclose_robometer_ft_b0.0_t0.6_22907491,eval,120000,0.0
boxclose_robometer_ft_b0.0_t0.6_22907491,eval,125000,0.0
boxclose_robometer_ft_b0.0_t0.6_22907491,eval,130000,0.0
boxclose_robometer_ft_b0.0_t0.6_22907491,eval,135000,0.0
boxclose_robometer_ft_b0.0_t0.6_22907491,eval,140000,0.0
boxclose_robometer_ft_b0.0_t0.6_22907491,eval,145000,0.0
boxclose_robometer_ft_b0.0_t0.6_22907491,eval,150000,0.0
boxclose_robometer_ft_b0.0_t0.6_22907491,eval,155000,0.0
boxclose_robometer_ft_b0.0_t0.6_22907491,eval,160000,0.0
boxclose_robometer_ft_b0.0_t0.6_22907491,eval,165000,0.0
boxclose_robometer_ft_b0.0_t0.6_22907491,eval,170000,0.0
boxclose_robometer_ft_b0.0_t0.6_22907491,eval,175000,0.0
boxclose_robometer_ft_b0.0_t0.6_22907491,eval,180000,0.0
boxclose_robometer_ft_b0.0_t0.6_22907491,eval,185000,0.0
boxclose_robometer_ft_b0.0_t0.6_22907491,eval,190000,0.0
boxclose_robometer_ft_b0.0_t0.6_22907491,eval,195000,0.0
boxclose_robometer_ft_b0.0_t0.6_22907491,eval,200000,0.0
boxclose_robometer_ft_b0.0_t0.6_22907491,eval,205000,0.0
boxclose_robometer_ft_b0.0_t0.6_22907491,eval,210000,0.0
boxclose_robometer_ft_b0.0_t0.6_22907491,eval,215000,0.0
boxclose_robometer_ft_b0.0_t0.6_22907491,eval,220000,0.0
boxclose_robometer_ft_b0.0_t0.6_22907491,eval,225000,0.0
boxclose_robometer_ft_b0.0_t0.6_22907491,eval,230000,0.0
boxclose_robometer_ft_b0.0_t0.6_22907491,eval,235000,0.0
boxclose_robometer_ft_b0.0_t0.6_22907491,eval,240000,0.0
boxclose_robometer_ft_b0.0_t0.6_22907491,eval,245000,0.0
boxclose_robometer_ft_b0.0_t0.6_22907491,eval,250000,0.0
boxclose_robometer_ft_b0.0_t0.6_22907491,eval,255000,0.0
boxclose_robometer_ft_b0.0_t0.6_22907491,eval,260000,0.0
boxclose_robometer_ft_b0.0_t0.6_22907491,eval,265000,0.0
boxclose_robometer_ft_b0.0_t0.6_22907491,eval,270000,0.0
boxclose_robometer_ft_b0.0_t0.6_22907491,eval,275000,0.0
boxclose_robometer_ft_b0.0_t0.6_22907491,eval,280000,0.0
boxclose_robometer_ft_b0.0_t0.6_22907491,eval,285000,0.0
boxclose_robometer_ft_b0.0_t0.6_22907491,eval,290000,0.0
boxclose_robometer_ft_b0.0_t0.6_22907491,eval,295000,0.05
boxclose_robometer_ft_b0.0_t0.6_22907491,eval,300000,0.0
boxclose_robometer_ft_b0.0_t0.6_22907491,train,5000,0.0
boxclose_robometer_ft_b0.0_t0.6_22907491,train,10000,0.0
boxclose_robometer_ft_b0.0_t0.6_22907491,train,15000,0.02
boxclose_robometer_ft_b0.0_t0.6_22907491,train,20000,0.0
boxclose_robometer_ft_b0.0_t0.6_22907491,train,25000,0.0
boxclose_robometer_ft_b0.0_t0.6_22907491,train,30000,0.02
boxclose_robometer_ft_b0.0_t0.6_22907491,train,35000,0.06
boxclose_robometer_ft_b0.0_t0.6_22907491,train,40000,0.0
boxclose_robometer_ft_b0.0_t0.6_22907491,train,45000,0.02
boxclose_robometer_ft_b0.0_t0.6_22907491,train,50000,0.0
boxclose_robometer_ft_b0.0_t0.6_22907491,train,55000,0.0
boxclose_robometer_ft_b0.0_t0.6_22907491,train,60000,0.0
boxclose_robometer_ft_b0.0_t0.6_22907491,train,65000,0.0
boxclose_robometer_ft_b0.0_t0.6_22907491,train,70000,0.0
boxclose_robometer_ft_b0.0_t0.6_22907491,train,75000,0.0
boxclose_robometer_ft_b0.0_t0.6_22907491,train,80000,0.0
boxclose_robometer_ft_b0.0_t0.6_22907491,train,85000,0.0
boxclose_robometer_ft_b0.0_t0.6_22907491,train,90000,0.0
boxclose_robometer_ft_b0.0_t0.6_22907491,train,95000,0.0
boxclose_robometer_ft_b0.0_t0.6_22907491,train,100000,0.02
boxclose_robometer_ft_b0.0_t0.6_22907491,train,105000,0.0
boxclose_robometer_ft_b0.0_t0.6_22907491,train,110000,0.0
boxclose_robometer_ft_b0.0_t0.6_22907491,train,115000,0.0
boxclose_robometer_ft_b0.0_t0.6_22907491,train,120000,0.0
boxclose_robometer_ft_b0.0_t0.6_22907491,train,125000,0.0
boxclose_robometer_ft_b0.0_t0.6_22907491,train,130000,0.0
boxclose_robometer_ft_b0.0_t0.6_22907491,train,135000,0.0
boxclose_robometer_ft_b0.0_t0.6_22907491,train,140000,0.0
boxclose_robometer_ft_b0.0_t0.6_22907491,train,145000,0.0
boxclose_robometer_ft_b0.0_t0.6_22907491,train,150000,0.0
boxclose_robometer_ft_b0.0_t0.6_22907491,train,155000,0.0
boxclose_robometer_ft_b0.0_t0.6_22907491,train,160000,0.0
boxclose_robometer_ft_b0.0_t0.6_22907491,train,165000,0.0
boxclose_robometer_ft_b0.0_t0.6_22907491,train,170000,0.0
boxclose_robometer_ft_b0.0_t0.6_22907491,train,175000,0.0
boxclose_robometer_ft_b0.0_t0.6_22907491,train,180000,0.0
boxclose_robometer_ft_b0.0_t0.6_22907491,train,185000,0.0
boxclose_robometer_ft_b0.0_t0.6_22907491,train,190000,0.0
boxclose_robometer_ft_b0.0_t0.6_22907491,train,195000,0.0
boxclose_robometer_ft_b0.0_t0.6_22907491,train,200000,0.0
boxclose_robometer_ft_b0.0_t0.6_22907491,train,205000,0.0
boxclose_robometer_ft_b0.0_t0.6_22907491,train,210000,0.0
boxclose_robometer_ft_b0.0_t0.6_22907491,train,215000,0.0
boxclose_robometer_ft_b0.0_t0.6_22907491,train,220000,0.0
boxclose_robometer_ft_b0.0_t0.6_22907491,train,225000,0.0
boxclose_robometer_ft_b0.0_t0.6_22907491,train,230000,0.0
boxclose_robometer_ft_b0.0_t0.6_22907491,train,235000,0.0
boxclose_robometer_ft_b0.0_t0.6_22907491,train,240000,0.0
boxclose_robometer_ft_b0.0_t0.6_22907491,train,245000,0.0
boxclose_robometer_ft_b0.0_t0.6_22907491,train,250000,0.0
boxclose_robometer_ft_b0.0_t0.6_22907491,train,255000,0.0
boxclose_robometer_ft_b0.0_t0.6_22907491,train,260000,0.0
boxclose_robometer_ft_b0.0_t0.6_22907491,train,265000,0.0
boxclose_robometer_ft_b0.0_t0.6_22907491,train,270000,0.0
boxclose_robometer_ft_b0.0_t0.6_22907491,train,275000,0.0
boxclose_robometer_ft_b0.0_t0.6_22907491,train,280000,0.0
boxclose_robometer_ft_b0.0_t0.6_22907491,train,285000,0.0
boxclose_robometer_ft_b0.0_t0.6_22907491,train,290000,0.0
boxclose_robometer_ft_b0.0_t0.6_22907491,train,295000,0.0
boxclose_robometer_ft_b0.0_t0.6_22907491,train,300000,0.0
boxclose_robometer_ft_b0.5_t0.0_22907492,eval,5000,0.0
boxclose_robometer_ft_b0.5_t0.0_22907492,eval,10000,0.1
boxclose_robometer_ft_b0.5_t0.0_22907492,eval,15000,0.0
boxclose_robometer_ft_b0.5_t0.0_22907492,eval,20000,0.0
boxclose_robometer_ft_b0.5_t0.0_22907492,eval,25000,0.0
boxclose_robometer_ft_b0.5_t0.0_22907492,eval,30000,0.0
boxclose_robometer_ft_b0.5_t0.0_22907492,eval,35000,0.0
boxclose_robometer_ft_b0.5_t0.0_22907492,eval,40000,0.0
boxclose_robometer_ft_b0.5_t0.0_22907492,eval,45000,0.0
boxclose_robometer_ft_b0.5_t0.0_22907492,eval,50000,0.05
boxclose_robometer_ft_b0.5_t0.0_22907492,eval,55000,0.0
boxclose_robometer_ft_b0.5_t0.0_22907492,eval,60000,0.0
boxclose_robometer_ft_b0.5_t0.0_22907492,eval,65000,0.05
boxclose_robometer_ft_b0.5_t0.0_22907492,eval,70000,0.0
boxclose_robometer_ft_b0.5_t0.0_22907492,eval,75000,0.0
boxclose_robometer_ft_b0.5_t0.0_22907492,eval,80000,0.0
boxclose_robometer_ft_b0.5_t0.0_22907492,eval,85000,0.0
boxclose_robometer_ft_b0.5_t0.0_22907492,eval,90000,0.0
boxclose_robometer_ft_b0.5_t0.0_22907492,eval,95000,0.0
boxclose_robometer_ft_b0.5_t0.0_22907492,eval,100000,0.0
boxclose_robometer_ft_b0.5_t0.0_22907492,eval,105000,0.0
boxclose_robometer_ft_b0.5_t0.0_22907492,eval,110000,0.0
boxclose_robometer_ft_b0.5_t0.0_22907492,eval,115000,0.0
boxclose_robometer_ft_b0.5_t0.0_22907492,eval,120000,0.0
boxclose_robometer_ft_b0.5_t0.0_22907492,eval,125000,0.0
boxclose_robometer_ft_b0.5_t0.0_22907492,eval,130000,0.0
boxclose_robometer_ft_b0.5_t0.0_22907492,eval,135000,0.0
boxclose_robometer_ft_b0.5_t0.0_22907492,eval,140000,0.0
boxclose_robometer_ft_b0.5_t0.0_22907492,eval,145000,0.0
boxclose_robometer_ft_b0.5_t0.0_22907492,eval,150000,0.0
boxclose_robometer_ft_b0.5_t0.0_22907492,eval,155000,0.0
boxclose_robometer_ft_b0.5_t0.0_22907492,eval,160000,0.0
boxclose_robometer_ft_b0.5_t0.0_22907492,eval,165000,0.0
boxclose_robometer_ft_b0.5_t0.0_22907492,eval,170000,0.0
boxclose_robometer_ft_b0.5_t0.0_22907492,eval,175000,0.0
boxclose_robometer_ft_b0.5_t0.0_22907492,eval,180000,0.0
boxclose_robometer_ft_b0.5_t0.0_22907492,eval,185000,0.0
boxclose_robometer_ft_b0.5_t0.0_22907492,eval,190000,0.0
boxclose_robometer_ft_b0.5_t0.0_22907492,eval,195000,0.0
boxclose_robometer_ft_b0.5_t0.0_22907492,eval,200000,0.0
boxclose_robometer_ft_b0.5_t0.0_22907492,eval,205000,0.0
boxclose_robometer_ft_b0.5_t0.0_22907492,eval,210000,0.0
boxclose_robometer_ft_b0.5_t0.0_22907492,eval,215000,0.0
boxclose_robometer_ft_b0.5_t0.0_22907492,eval,220000,0.0
boxclose_robometer_ft_b0.5_t0.0_22907492,eval,225000,0.0
boxclose_robometer_ft_b0.5_t0.0_22907492,eval,230000,0.0
boxclose_robometer_ft_b0.5_t0.0_22907492,eval,235000,0.0
boxclose_robometer_ft_b0.5_t0.0_22907492,eval,240000,0.0
boxclose_robometer_ft_b0.5_t0.0_22907492,eval,245000,0.0
boxclose_robometer_ft_b0.5_t0.0_22907492,eval,250000,0.0
boxclose_robometer_ft_b0.5_t0.0_22907492,eval,255000,0.0
boxclose_robometer_ft_b0.5_t0.0_22907492,eval,260000,0.0
boxclose_robometer_ft_b0.5_t0.0_22907492,eval,265000,0.0
boxclose_robometer_ft_b0.5_t0.0_22907492,eval,270000,0.0
boxclose_robometer_ft_b0.5_t0.0_22907492,eval,275000,0.0
boxclose_robometer_ft_b0.5_t0.0_22907492,eval,280000,0.0
boxclose_robometer_ft_b0.5_t0.0_22907492,eval,285000,0.0
boxclose_robometer_ft_b0.5_t0.0_22907492,eval,290000,0.0
boxclose_robometer_ft_b0.5_t0.0_22907492,eval,295000,0.0
boxclose_robometer_ft_b0.5_t0.0_22907492,eval,300000,0.0
boxclose_robometer_ft_b0.5_t0.0_22907492,train,5000,0.0
boxclose_robometer_ft_b0.5_t0.0_22907492,train,10000,0.04
boxclose_robometer_ft_b0.5_t0.0_22907492,train,15000,0.0
boxclose_robometer_ft_b0.5_t0.0_22907492,train,20000,0.0
boxclose_robometer_ft_b0.5_t0.0_22907492,train,25000,0.0
boxclose_robometer_ft_b0.5_t0.0_22907492,train,30000,0.0
boxclose_robometer_ft_b0.5_t0.0_22907492,train,35000,0.0
boxclose_robometer_ft_b0.5_t0.0_22907492,train,40000,0.0
boxclose_robometer_ft_b0.5_t0.0_22907492,train,45000,0.0
boxclose_robometer_ft_b0.5_t0.0_22907492,train,50000,0.0
boxclose_robometer_ft_b0.5_t0.0_22907492,train,55000,0.0
boxclose_robometer_ft_b0.5_t0.0_22907492,train,60000,0.0
boxclose_robometer_ft_b0.5_t0.0_22907492,train,65000,0.0
boxclose_robometer_ft_b0.5_t0.0_22907492,train,70000,0.0
boxclose_robometer_ft_b0.5_t0.0_22907492,train,75000,0.0
boxclose_robometer_ft_b0.5_t0.0_22907492,train,80000,0.0
boxclose_robometer_ft_b0.5_t0.0_22907492,train,85000,0.0
boxclose_robometer_ft_b0.5_t0.0_22907492,train,90000,0.0
boxclose_robometer_ft_b0.5_t0.0_22907492,train,95000,0.0
boxclose_robometer_ft_b0.5_t0.0_22907492,train,100000,0.0
boxclose_robometer_ft_b0.5_t0.0_22907492,train,105000,0.0
boxclose_robometer_ft_b0.5_t0.0_22907492,train,110000,0.0
boxclose_robometer_ft_b0.5_t0.0_22907492,train,115000,0.0
boxclose_robometer_ft_b0.5_t0.0_22907492,train,120000,0.0
boxclose_robometer_ft_b0.5_t0.0_22907492,train,125000,0.0
boxclose_robometer_ft_b0.5_t0.0_22907492,train,130000,0.0
boxclose_robometer_ft_b0.5_t0.0_22907492,train,135000,0.0
boxclose_robometer_ft_b0.5_t0.0_22907492,train,140000,0.0
boxclose_robometer_ft_b0.5_t0.0_22907492,train,145000,0.0
boxclose_robometer_ft_b0.5_t0.0_22907492,train,150000,0.0
boxclose_robometer_ft_b0.5_t0.0_22907492,train,155000,0.0
boxclose_robometer_ft_b0.5_t0.0_22907492,train,160000,0.0
boxclose_robometer_ft_b0.5_t0.0_22907492,train,165000,0.0
boxclose_robometer_ft_b0.5_t0.0_22907492,train,170000,0.0
boxclose_robometer_ft_b0.5_t0.0_22907492,train,175000,0.0
boxclose_robometer_ft_b0.5_t0.0_22907492,train,180000,0.0
boxclose_robometer_ft_b0.5_t0.0_22907492,train,185000,0.0
boxclose_robometer_ft_b0.5_t0.0_22907492,train,190000,0.0
boxclose_robometer_ft_b0.5_t0.0_22907492,train,195000,0.0
boxclose_robometer_ft_b0.5_t0.0_22907492,train,200000,0.0
boxclose_robometer_ft_b0.5_t0.0_22907492,train,205000,0.0
boxclose_robometer_ft_b0.5_t0.0_22907492,train,210000,0.0
boxclose_robometer_ft_b0.5_t0.0_22907492,train,215000,0.0
boxclose_robometer_ft_b0.5_t0.0_22907492,train,220000,0.0
boxclose_robometer_ft_b0.5_t0.0_22907492,train,225000,0.0
boxclose_robometer_ft_b0.5_t0.0_22907492,train,230000,0.0
boxclose_robometer_ft_b0.5_t0.0_22907492,train,235000,0.0
boxclose_robometer_ft_b0.5_t0.0_22907492,train,240000,0.0
boxclose_robometer_ft_b0.5_t0.0_22907492,train,245000,0.0
boxclose_robometer_ft_b0.5_t0.0_22907492,train,250000,0.0
boxclose_robometer_ft_b0.5_t0.0_22907492,train,255000,0.0
boxclose_robometer_ft_b0.5_t0.0_22907492,train,260000,0.0
boxclose_robometer_ft_b0.5_t0.0_22907492,train,265000,0.0
boxclose_robometer_ft_b0.5_t0.0_22907492,train,270000,0.0
boxclose_robometer_ft_b0.5_t0.0_22907492,train,275000,0.0
boxclose_robometer_ft_b0.5_t0.0_22907492,train,280000,0.0
boxclose_robometer_ft_b0.5_t0.0_22907492,train,285000,0.0
boxclose_robometer_ft_b0.5_t0.0_22907492,train,290000,0.0
boxclose_robometer_ft_b0.5_t0.0_22907492,train,295000,0.0
boxclose_robometer_ft_b0.5_t0.0_22907492,train,300000,0.0
boxclose_robometer_ft_b0.5_t0.3_22907493,eval,5000,0.05
boxclose_robometer_ft_b0.5_t0.3_22907493,eval,10000,0.0
boxclose_robometer_ft_b0.5_t0.3_22907493,eval,15000,0.0
boxclose_robometer_ft_b0.5_t0.3_22907493,eval,20000,0.0
boxclose_robometer_ft_b0.5_t0.3_22907493,eval,25000,0.0
boxclose_robometer_ft_b0.5_t0.3_22907493,eval,30000,0.0
boxclose_robometer_ft_b0.5_t0.3_22907493,eval,35000,0.0
boxclose_robometer_ft_b0.5_t0.3_22907493,eval,40000,0.0
boxclose_robometer_ft_b0.5_t0.3_22907493,eval,45000,0.0
boxclose_robometer_ft_b0.5_t0.3_22907493,eval,50000,0.0
boxclose_robometer_ft_b0.5_t0.3_22907493,eval,55000,0.0
boxclose_robometer_ft_b0.5_t0.3_22907493,eval,60000,0.0
boxclose_robometer_ft_b0.5_t0.3_22907493,eval,65000,0.0
boxclose_robometer_ft_b0.5_t0.3_22907493,eval,70000,0.0
boxclose_robometer_ft_b0.5_t0.3_22907493,eval,75000,0.0
boxclose_robometer_ft_b0.5_t0.3_22907493,eval,80000,0.0
boxclose_robometer_ft_b0.5_t0.3_22907493,eval,85000,0.0
boxclose_robometer_ft_b0.5_t0.3_22907493,eval,90000,0.0
boxclose_robometer_ft_b0.5_t0.3_22907493,eval,95000,0.0
boxclose_robometer_ft_b0.5_t0.3_22907493,eval,100000,0.0
boxclose_robometer_ft_b0.5_t0.3_22907493,eval,105000,0.0
boxclose_robometer_ft_b0.5_t0.3_22907493,eval,110000,0.0
boxclose_robometer_ft_b0.5_t0.3_22907493,eval,115000,0.0
boxclose_robometer_ft_b0.5_t0.3_22907493,eval,120000,0.0
boxclose_robometer_ft_b0.5_t0.3_22907493,eval,125000,0.0
boxclose_robometer_ft_b0.5_t0.3_22907493,eval,130000,0.05
boxclose_robometer_ft_b0.5_t0.3_22907493,eval,135000,0.0
boxclose_robometer_ft_b0.5_t0.3_22907493,eval,140000,0.0
boxclose_robometer_ft_b0.5_t0.3_22907493,eval,145000,0.0
boxclose_robometer_ft_b0.5_t0.3_22907493,eval,150000,0.0
boxclose_robometer_ft_b0.5_t0.3_22907493,eval,155000,0.0
boxclose_robometer_ft_b0.5_t0.3_22907493,eval,160000,0.0
boxclose_robometer_ft_b0.5_t0.3_22907493,eval,165000,0.0
boxclose_robometer_ft_b0.5_t0.3_22907493,eval,170000,0.0
boxclose_robometer_ft_b0.5_t0.3_22907493,eval,175000,0.0
boxclose_robometer_ft_b0.5_t0.3_22907493,eval,180000,0.0
boxclose_robometer_ft_b0.5_t0.3_22907493,eval,185000,0.0
boxclose_robometer_ft_b0.5_t0.3_22907493,eval,190000,0.0
boxclose_robometer_ft_b0.5_t0.3_22907493,eval,195000,0.0
boxclose_robometer_ft_b0.5_t0.3_22907493,eval,200000,0.0
boxclose_robometer_ft_b0.5_t0.3_22907493,eval,205000,0.0
boxclose_robometer_ft_b0.5_t0.3_22907493,eval,210000,0.0
boxclose_robometer_ft_b0.5_t0.3_22907493,eval,215000,0.0
boxclose_robometer_ft_b0.5_t0.3_22907493,eval,220000,0.0
boxclose_robometer_ft_b0.5_t0.3_22907493,eval,225000,0.0
boxclose_robometer_ft_b0.5_t0.3_22907493,eval,230000,0.0
boxclose_robometer_ft_b0.5_t0.3_22907493,eval,235000,0.0
boxclose_robometer_ft_b0.5_t0.3_22907493,eval,240000,0.0
boxclose_robometer_ft_b0.5_t0.3_22907493,eval,245000,0.0
boxclose_robometer_ft_b0.5_t0.3_22907493,eval,250000,0.05
boxclose_robometer_ft_b0.5_t0.3_22907493,eval,255000,0.0
boxclose_robometer_ft_b0.5_t0.3_22907493,eval,260000,0.05
boxclose_robometer_ft_b0.5_t0.3_22907493,eval,265000,0.0
boxclose_robometer_ft_b0.5_t0.3_22907493,eval,270000,0.0
boxclose_robometer_ft_b0.5_t0.3_22907493,eval,275000,0.0
boxclose_robometer_ft_b0.5_t0.3_22907493,eval,280000,0.0
boxclose_robometer_ft_b0.5_t0.3_22907493,eval,285000,0.0
boxclose_robometer_ft_b0.5_t0.3_22907493,eval,290000,0.0
boxclose_robometer_ft_b0.5_t0.3_22907493,eval,295000,0.0
boxclose_robometer_ft_b0.5_t0.3_22907493,eval,300000,0.0
boxclose_robometer_ft_b0.5_t0.3_22907493,train,5000,0.0
boxclose_robometer_ft_b0.5_t0.3_22907493,train,10000,0.0
boxclose_robometer_ft_b0.5_t0.3_22907493,train,15000,0.0
boxclose_robometer_ft_b0.5_t0.3_22907493,train,20000,0.0
boxclose_robometer_ft_b0.5_t0.3_22907493,train,25000,0.0
boxclose_robometer_ft_b0.5_t0.3_22907493,train,30000,0.0
boxclose_robometer_ft_b0.5_t0.3_22907493,train,35000,0.0
boxclose_robometer_ft_b0.5_t0.3_22907493,train,40000,0.02
boxclose_robometer_ft_b0.5_t0.3_22907493,train,45000,0.0
boxclose_robometer_ft_b0.5_t0.3_22907493,train,50000,0.0
boxclose_robometer_ft_b0.5_t0.3_22907493,train,55000,0.0
boxclose_robometer_ft_b0.5_t0.3_22907493,train,60000,0.0
boxclose_robometer_ft_b0.5_t0.3_22907493,train,65000,0.0
boxclose_robometer_ft_b0.5_t0.3_22907493,train,70000,0.0
boxclose_robometer_ft_b0.5_t0.3_22907493,train,75000,0.0
boxclose_robometer_ft_b0.5_t0.3_22907493,train,80000,0.0
boxclose_robometer_ft_b0.5_t0.3_22907493,train,85000,0.0
boxclose_robometer_ft_b0.5_t0.3_22907493,train,90000,0.0
boxclose_robometer_ft_b0.5_t0.3_22907493,train,95000,0.0
boxclose_robometer_ft_b0.5_t0.3_22907493,train,100000,0.0
boxclose_robometer_ft_b0.5_t0.3_22907493,train,105000,0.0
boxclose_robometer_ft_b0.5_t0.3_22907493,train,110000,0.0
boxclose_robometer_ft_b0.5_t0.3_22907493,train,115000,0.0
boxclose_robometer_ft_b0.5_t0.3_22907493,train,120000,0.0
boxclose_robometer_ft_b0.5_t0.3_22907493,train,125000,0.0
boxclose_robometer_ft_b0.5_t0.3_22907493,train,130000,0.0
boxclose_robometer_ft_b0.5_t0.3_22907493,train,135000,0.0
boxclose_robometer_ft_b0.5_t0.3_22907493,train,140000,0.0
boxclose_robometer_ft_b0.5_t0.3_22907493,train,145000,0.0
boxclose_robometer_ft_b0.5_t0.3_22907493,train,150000,0.0
boxclose_robometer_ft_b0.5_t0.3_22907493,train,155000,0.0
boxclose_robometer_ft_b0.5_t0.3_22907493,train,160000,0.0
boxclose_robometer_ft_b0.5_t0.3_22907493,train,165000,0.0
boxclose_robometer_ft_b0.5_t0.3_22907493,train,170000,0.0
boxclose_robometer_ft_b0.5_t0.3_22907493,train,175000,0.0
boxclose_robometer_ft_b0.5_t0.3_22907493,train,180000,0.0
boxclose_robometer_ft_b0.5_t0.3_22907493,train,185000,0.0
boxclose_robometer_ft_b0.5_t0.3_22907493,train,190000,0.0
boxclose_robometer_ft_b0.5_t0.3_22907493,train,195000,0.0
boxclose_robometer_ft_b0.5_t0.3_22907493,train,200000,0.0
boxclose_robometer_ft_b0.5_t0.3_22907493,train,205000,0.0
boxclose_robometer_ft_b0.5_t0.3_22907493,train,210000,0.0
boxclose_robometer_ft_b0.5_t0.3_22907493,train,215000,0.0
boxclose_robometer_ft_b0.5_t0.3_22907493,train,220000,0.0
boxclose_robometer_ft_b0.5_t0.3_22907493,train,225000,0.0
boxclose_robometer_ft_b0.5_t0.3_22907493,train,230000,0.0
boxclose_robometer_ft_b0.5_t0.3_22907493,train,235000,0.0
boxclose_robometer_ft_b0.5_t0.3_22907493,train,240000,0.0
boxclose_robometer_ft_b0.5_t0.3_22907493,train,245000,0.0
boxclose_robometer_ft_b0.5_t0.3_22907493,train,250000,0.0
boxclose_robometer_ft_b0.5_t0.3_22907493,train,255000,0.0
boxclose_robometer_ft_b0.5_t0.3_22907493,train,260000,0.0
boxclose_robometer_ft_b0.5_t0.3_22907493,train,265000,0.0
boxclose_robometer_ft_b0.5_t0.3_22907493,train,270000,0.0
boxclose_robometer_ft_b0.5_t0.3_22907493,train,275000,0.0
boxclose_robometer_ft_b0.5_t0.3_22907493,train,280000,0.0
boxclose_robometer_ft_b0.5_t0.3_22907493,train,285000,0.0
boxclose_robometer_ft_b0.5_t0.3_22907493,train,290000,0.0
boxclose_robometer_ft_b0.5_t0.3_22907493,train,295000,0.0
boxclose_robometer_ft_b0.5_t0.3_22907493,train,300000,0.0
boxclose_robometer_ft_b0.5_t0.6_22907494,eval,5000,0.0
boxclose_robometer_ft_b0.5_t0.6_22907494,eval,10000,0.0
boxclose_robometer_ft_b0.5_t0.6_22907494,eval,15000,0.0
boxclose_robometer_ft_b0.5_t0.6_22907494,eval,20000,0.0
boxclose_robometer_ft_b0.5_t0.6_22907494,eval,25000,0.05
boxclose_robometer_ft_b0.5_t0.6_22907494,eval,30000,0.05
boxclose_robometer_ft_b0.5_t0.6_22907494,eval,35000,0.0
boxclose_robometer_ft_b0.5_t0.6_22907494,eval,40000,0.0
boxclose_robometer_ft_b0.5_t0.6_22907494,eval,45000,0.05
boxclose_robometer_ft_b0.5_t0.6_22907494,eval,50000,0.0
boxclose_robometer_ft_b0.5_t0.6_22907494,eval,55000,0.05
boxclose_robometer_ft_b0.5_t0.6_22907494,eval,60000,0.0
boxclose_robometer_ft_b0.5_t0.6_22907494,eval,65000,0.0
boxclose_robometer_ft_b0.5_t0.6_22907494,eval,70000,0.0
boxclose_robometer_ft_b0.5_t0.6_22907494,eval,75000,0.0
boxclose_robometer_ft_b0.5_t0.6_22907494,eval,80000,0.0
boxclose_robometer_ft_b0.5_t0.6_22907494,eval,85000,0.05
boxclose_robometer_ft_b0.5_t0.6_22907494,eval,90000,0.05
boxclose_robometer_ft_b0.5_t0.6_22907494,eval,95000,0.0
boxclose_robometer_ft_b0.5_t0.6_22907494,eval,100000,0.0
boxclose_robometer_ft_b0.5_t0.6_22907494,eval,105000,0.0
boxclose_robometer_ft_b0.5_t0.6_22907494,eval,110000,0.0
boxclose_robometer_ft_b0.5_t0.6_22907494,eval,115000,0.0
boxclose_robometer_ft_b0.5_t0.6_22907494,eval,120000,0.05
boxclose_robometer_ft_b0.5_t0.6_22907494,eval,125000,0.0
boxclose_robometer_ft_b0.5_t0.6_22907494,eval,130000,0.05
boxclose_robometer_ft_b0.5_t0.6_22907494,eval,135000,0.0
boxclose_robometer_ft_b0.5_t0.6_22907494,eval,140000,0.0
boxclose_robometer_ft_b0.5_t0.6_22907494,eval,145000,0.0
boxclose_robometer_ft_b0.5_t0.6_22907494,eval,150000,0.0
boxclose_robometer_ft_b0.5_t0.6_22907494,eval,155000,0.0
boxclose_robometer_ft_b0.5_t0.6_22907494,eval,160000,0.0
boxclose_robometer_ft_b0.5_t0.6_22907494,eval,165000,0.0
boxclose_robometer_ft_b0.5_t0.6_22907494,eval,170000,0.0
boxclose_robometer_ft_b0.5_t0.6_22907494,eval,175000,0.0
boxclose_robometer_ft_b0.5_t0.6_22907494,eval,180000,0.0
boxclose_robometer_ft_b0.5_t0.6_22907494,eval,185000,0.0
boxclose_robometer_ft_b0.5_t0.6_22907494,eval,190000,0.0
boxclose_robometer_ft_b0.5_t0.6_22907494,eval,195000,0.0
boxclose_robometer_ft_b0.5_t0.6_22907494,eval,200000,0.0
boxclose_robometer_ft_b0.5_t0.6_22907494,eval,205000,0.0
boxclose_robometer_ft_b0.5_t0.6_22907494,eval,210000,0.0
boxclose_robometer_ft_b0.5_t0.6_22907494,eval,215000,0.0
boxclose_robometer_ft_b0.5_t0.6_22907494,eval,220000,0.0
boxclose_robometer_ft_b0.5_t0.6_22907494,eval,225000,0.0
boxclose_robometer_ft_b0.5_t0.6_22907494,eval,230000,0.0
boxclose_robometer_ft_b0.5_t0.6_22907494,eval,235000,0.0
boxclose_robometer_ft_b0.5_t0.6_22907494,eval,240000,0.0
boxclose_robometer_ft_b0.5_t0.6_22907494,eval,245000,0.0
boxclose_robometer_ft_b0.5_t0.6_22907494,eval,250000,0.0
boxclose_robometer_ft_b0.5_t0.6_22907494,eval,255000,0.0
boxclose_robometer_ft_b0.5_t0.6_22907494,eval,260000,0.05
boxclose_robometer_ft_b0.5_t0.6_22907494,eval,265000,0.0
boxclose_robometer_ft_b0.5_t0.6_22907494,eval,270000,0.0
boxclose_robometer_ft_b0.5_t0.6_22907494,eval,275000,0.0
boxclose_robometer_ft_b0.5_t0.6_22907494,eval,280000,0.0
boxclose_robometer_ft_b0.5_t0.6_22907494,eval,285000,0.0
boxclose_robometer_ft_b0.5_t0.6_22907494,eval,290000,0.0
boxclose_robometer_ft_b0.5_t0.6_22907494,eval,295000,0.0
boxclose_robometer_ft_b0.5_t0.6_22907494,eval,300000,0.0
boxclose_robometer_ft_b0.5_t0.6_22907494,train,5000,0.0
boxclose_robometer_ft_b0.5_t0.6_22907494,train,10000,0.04
boxclose_robometer_ft_b0.5_t0.6_22907494,train,15000,0.04
boxclose_robometer_ft_b0.5_t0.6_22907494,train,20000,0.0
boxclose_robometer_ft_b0.5_t0.6_22907494,train,25000,0.0
boxclose_robometer_ft_b0.5_t0.6_22907494,train,30000,0.0
boxclose_robometer_ft_b0.5_t0.6_22907494,train,35000,0.04
boxclose_robometer_ft_b0.5_t0.6_22907494,train,40000,0.04
boxclose_robometer_ft_b0.5_t0.6_22907494,train,45000,0.04
boxclose_robometer_ft_b0.5_t0.6_22907494,train,50000,0.0
boxclose_robometer_ft_b0.5_t0.6_22907494,train,55000,0.04
boxclose_robometer_ft_b0.5_t0.6_22907494,train,60000,0.02
boxclose_robometer_ft_b0.5_t0.6_22907494,train,65000,0.02
boxclose_robometer_ft_b0.5_t0.6_22907494,train,70000,0.0
boxclose_robometer_ft_b0.5_t0.6_22907494,train,75000,0.0
boxclose_robometer_ft_b0.5_t0.6_22907494,train,80000,0.02
boxclose_robometer_ft_b0.5_t0.6_22907494,train,85000,0.0
boxclose_robometer_ft_b0.5_t0.6_22907494,train,90000,0.0
boxclose_robometer_ft_b0.5_t0.6_22907494,train,95000,0.02
boxclose_robometer_ft_b0.5_t0.6_22907494,train,100000,0.0
boxclose_robometer_ft_b0.5_t0.6_22907494,train,105000,0.0
boxclose_robometer_ft_b0.5_t0.6_22907494,train,110000,0.0
boxclose_robometer_ft_b0.5_t0.6_22907494,train,115000,0.0
boxclose_robometer_ft_b0.5_t0.6_22907494,train,120000,0.0
boxclose_robometer_ft_b0.5_t0.6_22907494,train,125000,0.0
boxclose_robometer_ft_b0.5_t0.6_22907494,train,130000,0.0
boxclose_robometer_ft_b0.5_t0.6_22907494,train,135000,0.0
boxclose_robometer_ft_b0.5_t0.6_22907494,train,140000,0.0
boxclose_robometer_ft_b0.5_t0.6_22907494,train,145000,0.0
boxclose_robometer_ft_b0.5_t0.6_22907494,train,150000,0.0
boxclose_robometer_ft_b0.5_t0.6_22907494,train,155000,0.0
boxclose_robometer_ft_b0.5_t0.6_22907494,train,160000,0.0
boxclose_robometer_ft_b0.5_t0.6_22907494,train,165000,0.0
boxclose_robometer_ft_b0.5_t0.6_22907494,train,170000,0.0
boxclose_robometer_ft_b0.5_t0.6_22907494,train,175000,0.0
boxclose_robometer_ft_b0.5_t0.6_22907494,train,180000,0.0
boxclose_robometer_ft_b0.5_t0.6_22907494,train,185000,0.0
boxclose_robometer_ft_b0.5_t0.6_22907494,train,190000,0.0
boxclose_robometer_ft_b0.5_t0.6_22907494,train,195000,0.0
boxclose_robometer_ft_b0.5_t0.6_22907494,train,200000,0.0
boxclose_robometer_ft_b0.5_t0.6_22907494,train,205000,0.0
boxclose_robometer_ft_b0.5_t0.6_22907494,train,210000,0.0
boxclose_robometer_ft_b0.5_t0.6_22907494,train,215000,0.0
boxclose_robometer_ft_b0.5_t0.6_22907494,train,220000,0.0
boxclose_robometer_ft_b0.5_t0.6_22907494,train,225000,0.0
boxclose_robometer_ft_b0.5_t0.6_22907494,train,230000,0.0
boxclose_robometer_ft_b0.5_t0.6_22907494,train,235000,0.0
boxclose_robometer_ft_b0.5_t0.6_22907494,train,240000,0.0
boxclose_robometer_ft_b0.5_t0.6_22907494,train,245000,0.0
boxclose_robometer_ft_b0.5_t0.6_22907494,train,250000,0.0
boxclose_robometer_ft_b0.5_t0.6_22907494,train,255000,0.0
boxclose_robometer_ft_b0.5_t0.6_22907494,train,260000,0.0
boxclose_robometer_ft_b0.5_t0.6_22907494,train,265000,0.0
boxclose_robometer_ft_b0.5_t0.6_22907494,train,270000,0.0
boxclose_robometer_ft_b0.5_t0.6_22907494,train,275000,0.0
boxclose_robometer_ft_b0.5_t0.6_22907494,train,280000,0.0
boxclose_robometer_ft_b0.5_t0.6_22907494,train,285000,0.0
boxclose_robometer_ft_b0.5_t0.6_22907494,train,290000,0.0
boxclose_robometer_ft_b0.5_t0.6_22907494,train,295000,0.0
boxclose_robometer_ft_b0.5_t0.6_22907494,train,300000,0.0
boxclose_robometer_ft_b1.0_t0.0_22907495,eval,5000,0.0
boxclose_robometer_ft_b1.0_t0.0_22907495,eval,10000,0.0
boxclose_robometer_ft_b1.0_t0.0_22907495,eval,15000,0.0
boxclose_robometer_ft_b1.0_t0.0_22907495,eval,20000,0.0
boxclose_robometer_ft_b1.0_t0.0_22907495,eval,25000,0.0
boxclose_robometer_ft_b1.0_t0.0_22907495,eval,30000,0.0
boxclose_robometer_ft_b1.0_t0.0_22907495,eval,35000,0.0
boxclose_robometer_ft_b1.0_t0.0_22907495,eval,40000,0.0
boxclose_robometer_ft_b1.0_t0.0_22907495,eval,45000,0.0
boxclose_robometer_ft_b1.0_t0.0_22907495,eval,50000,0.0
boxclose_robometer_ft_b1.0_t0.0_22907495,eval,55000,0.0
boxclose_robometer_ft_b1.0_t0.0_22907495,eval,60000,0.0
boxclose_robometer_ft_b1.0_t0.0_22907495,eval,65000,0.0
boxclose_robometer_ft_b1.0_t0.0_22907495,eval,70000,0.0
boxclose_robometer_ft_b1.0_t0.0_22907495,eval,75000,0.0
boxclose_robometer_ft_b1.0_t0.0_22907495,eval,80000,0.0
boxclose_robometer_ft_b1.0_t0.0_22907495,eval,85000,0.0
boxclose_robometer_ft_b1.0_t0.0_22907495,eval,90000,0.0
boxclose_robometer_ft_b1.0_t0.0_22907495,eval,95000,0.05
boxclose_robometer_ft_b1.0_t0.0_22907495,eval,100000,0.05
boxclose_robometer_ft_b1.0_t0.0_22907495,eval,105000,0.0
boxclose_robometer_ft_b1.0_t0.0_22907495,eval,110000,0.05
boxclose_robometer_ft_b1.0_t0.0_22907495,eval,115000,0.0
boxclose_robometer_ft_b1.0_t0.0_22907495,eval,120000,0.0
boxclose_robometer_ft_b1.0_t0.0_22907495,eval,125000,0.05
boxclose_robometer_ft_b1.0_t0.0_22907495,eval,130000,0.1
boxclose_robometer_ft_b1.0_t0.0_22907495,eval,135000,0.05
boxclose_robometer_ft_b1.0_t0.0_22907495,eval,140000,0.05
boxclose_robometer_ft_b1.0_t0.0_22907495,eval,145000,0.05
boxclose_robometer_ft_b1.0_t0.0_22907495,eval,150000,0.05
boxclose_robometer_ft_b1.0_t0.0_22907495,eval,155000,0.0
boxclose_robometer_ft_b1.0_t0.0_22907495,eval,160000,0.05
boxclose_robometer_ft_b1.0_t0.0_22907495,eval,165000,0.0
boxclose_robometer_ft_b1.0_t0.0_22907495,eval,170000,0.0
boxclose_robometer_ft_b1.0_t0.0_22907495,eval,175000,0.0
boxclose_robometer_ft_b1.0_t0.0_22907495,eval,180000,0.05
boxclose_robometer_ft_b1.0_t0.0_22907495,eval,185000,0.0
boxclose_robometer_ft_b1.0_t0.0_22907495,eval,190000,0.05
boxclose_robometer_ft_b1.0_t0.0_22907495,eval,195000,0.0
boxclose_robometer_ft_b1.0_t0.0_22907495,eval,200000,0.0
boxclose_robometer_ft_b1.0_t0.0_22907495,eval,205000,0.0
boxclose_robometer_ft_b1.0_t0.0_22907495,eval,210000,0.0
boxclose_robometer_ft_b1.0_t0.0_22907495,eval,215000,0.0
boxclose_robometer_ft_b1.0_t0.0_22907495,eval,220000,0.0
boxclose_robometer_ft_b1.0_t0.0_22907495,eval,225000,0.0
boxclose_robometer_ft_b1.0_t0.0_22907495,eval,230000,0.0
boxclose_robometer_ft_b1.0_t0.0_22907495,eval,235000,0.0
boxclose_robometer_ft_b1.0_t0.0_22907495,eval,240000,0.0
boxclose_robometer_ft_b1.0_t0.0_22907495,eval,245000,0.0
boxclose_robometer_ft_b1.0_t0.0_22907495,eval,250000,0.0
boxclose_robometer_ft_b1.0_t0.0_22907495,eval,255000,0.05
boxclose_robometer_ft_b1.0_t0.0_22907495,eval,260000,0.0
boxclose_robometer_ft_b1.0_t0.0_22907495,eval,265000,0.0
boxclose_robometer_ft_b1.0_t0.0_22907495,eval,270000,0.0
boxclose_robometer_ft_b1.0_t0.0_22907495,eval,275000,0.0
boxclose_robometer_ft_b1.0_t0.0_22907495,eval,280000,0.0
boxclose_robometer_ft_b1.0_t0.0_22907495,eval,285000,0.0
boxclose_robometer_ft_b1.0_t0.0_22907495,eval,290000,0.0
boxclose_robometer_ft_b1.0_t0.0_22907495,eval,295000,0.0
boxclose_robometer_ft_b1.0_t0.0_22907495,eval,300000,0.0
boxclose_robometer_ft_b1.0_t0.0_22907495,train,5000,0.0
boxclose_robometer_ft_b1.0_t0.0_22907495,train,10000,0.04
boxclose_robometer_ft_b1.0_t0.0_22907495,train,15000,0.0
boxclose_robometer_ft_b1.0_t0.0_22907495,train,20000,0.0
boxclose_robometer_ft_b1.0_t0.0_22907495,train,25000,0.0
boxclose_robometer_ft_b1.0_t0.0_22907495,train,30000,0.0
boxclose_robometer_ft_b1.0_t0.0_22907495,train,35000,0.0
boxclose_robometer_ft_b1.0_t0.0_22907495,train,40000,0.0
boxclose_robometer_ft_b1.0_t0.0_22907495,train,45000,0.0
boxclose_robometer_ft_b1.0_t0.0_22907495,train,50000,0.0
boxclose_robometer_ft_b1.0_t0.0_22907495,train,55000,0.0
boxclose_robometer_ft_b1.0_t0.0_22907495,train,60000,0.0
boxclose_robometer_ft_b1.0_t0.0_22907495,train,65000,0.0
boxclose_robometer_ft_b1.0_t0.0_22907495,train,70000,0.0
boxclose_robometer_ft_b1.0_t0.0_22907495,train,75000,0.0
boxclose_robometer_ft_b1.0_t0.0_22907495,train,80000,0.0
boxclose_robometer_ft_b1.0_t0.0_22907495,train,85000,0.0
boxclose_robometer_ft_b1.0_t0.0_22907495,train,90000,0.0
boxclose_robometer_ft_b1.0_t0.0_22907495,train,95000,0.0
boxclose_robometer_ft_b1.0_t0.0_22907495,train,100000,0.0
boxclose_robometer_ft_b1.0_t0.0_22907495,train,105000,0.0
boxclose_robometer_ft_b1.0_t0.0_22907495,train,110000,0.0
boxclose_robometer_ft_b1.0_t0.0_22907495,train,115000,0.0
boxclose_robometer_ft_b1.0_t0.0_22907495,train,120000,0.0
boxclose_robometer_ft_b1.0_t0.0_22907495,train,125000,0.0
boxclose_robometer_ft_b1.0_t0.0_22907495,train,130000,0.0
boxclose_robometer_ft_b1.0_t0.0_22907495,train,135000,0.0
boxclose_robometer_ft_b1.0_t0.0_22907495,train,140000,0.0
boxclose_robometer_ft_b1.0_t0.0_22907495,train,145000,0.0
boxclose_robometer_ft_b1.0_t0.0_22907495,train,150000,0.02
boxclose_robometer_ft_b1.0_t0.0_22907495,train,155000,0.0
boxclose_robometer_ft_b1.0_t0.0_22907495,train,160000,0.0
boxclose_robometer_ft_b1.0_t0.0_22907495,train,165000,0.0
boxclose_robometer_ft_b1.0_t0.0_22907495,train,170000,0.0
boxclose_robometer_ft_b1.0_t0.0_22907495,train,175000,0.0
boxclose_robometer_ft_b1.0_t0.0_22907495,train,180000,0.0
boxclose_robometer_ft_b1.0_t0.0_22907495,train,185000,0.0
boxclose_robometer_ft_b1.0_t0.0_22907495,train,190000,0.02
boxclose_robometer_ft_b1.0_t0.0_22907495,train,195000,0.02
boxclose_robometer_ft_b1.0_t0.0_22907495,train,200000,0.02
boxclose_robometer_ft_b1.0_t0.0_22907495,train,205000,0.02
boxclose_robometer_ft_b1.0_t0.0_22907495,train,210000,0.02
boxclose_robometer_ft_b1.0_t0.0_22907495,train,215000,0.02
boxclose_robometer_ft_b1.0_t0.0_22907495,train,220000,0.0
boxclose_robometer_ft_b1.0_t0.0_22907495,train,225000,0.04
boxclose_robometer_ft_b1.0_t0.0_22907495,train,230000,0.0
boxclose_robometer_ft_b1.0_t0.0_22907495,train,235000,0.0
boxclose_robometer_ft_b1.0_t0.0_22907495,train,240000,0.0
boxclose_robometer_ft_b1.0_t0.0_22907495,train,245000,0.0
boxclose_robometer_ft_b1.0_t0.0_22907495,train,250000,0.0
boxclose_robometer_ft_b1.0_t0.0_22907495,train,255000,0.0
boxclose_robometer_ft_b1.0_t0.0_22907495,train,260000,0.0
boxclose_robometer_ft_b1.0_t0.0_22907495,train,265000,0.02
boxclose_robometer_ft_b1.0_t0.0_22907495,train,270000,0.0
boxclose_robometer_ft_b1.0_t0.0_22907495,train,275000,0.0
boxclose_robometer_ft_b1.0_t0.0_22907495,train,280000,0.02
boxclose_robometer_ft_b1.0_t0.0_22907495,train,285000,0.0
boxclose_robometer_ft_b1.0_t0.0_22907495,train,290000,0.02
boxclose_robometer_ft_b1.0_t0.0_22907495,train,295000,0.0
boxclose_robometer_ft_b1.0_t0.0_22907495,train,300000,0.0
boxclose_robometer_ft_b1.0_t0.3_22907496,eval,5000,0.0
boxclose_robometer_ft_b1.0_t0.3_22907496,eval,10000,0.0
boxclose_robometer_ft_b1.0_t0.3_22907496,eval,15000,0.0
boxclose_robometer_ft_b1.0_t0.3_22907496,eval,20000,0.0
boxclose_robometer_ft_b1.0_t0.3_22907496,eval,25000,0.0
boxclose_robometer_ft_b1.0_t0.3_22907496,eval,30000,0.0
boxclose_robometer_ft_b1.0_t0.3_22907496,eval,35000,0.0
boxclose_robometer_ft_b1.0_t0.3_22907496,eval,40000,0.0
boxclose_robometer_ft_b1.0_t0.3_22907496,eval,45000,0.0
boxclose_robometer_ft_b1.0_t0.3_22907496,eval,50000,0.1
boxclose_robometer_ft_b1.0_t0.3_22907496,eval,55000,0.0
boxclose_robometer_ft_b1.0_t0.3_22907496,eval,60000,0.0
boxclose_robometer_ft_b1.0_t0.3_22907496,eval,65000,0.0
boxclose_robometer_ft_b1.0_t0.3_22907496,eval,70000,0.0
boxclose_robometer_ft_b1.0_t0.3_22907496,eval,75000,0.0
boxclose_robometer_ft_b1.0_t0.3_22907496,eval,80000,0.0
boxclose_robometer_ft_b1.0_t0.3_22907496,eval,85000,0.05
boxclose_robometer_ft_b1.0_t0.3_22907496,eval,90000,0.05
boxclose_robometer_ft_b1.0_t0.3_22907496,eval,95000,0.0
boxclose_robometer_ft_b1.0_t0.3_22907496,eval,100000,0.0
boxclose_robometer_ft_b1.0_t0.3_22907496,eval,105000,0.0
boxclose_robometer_ft_b1.0_t0.3_22907496,eval,110000,0.0
boxclose_robometer_ft_b1.0_t0.3_22907496,eval,115000,0.0
boxclose_robometer_ft_b1.0_t0.3_22907496,eval,120000,0.05
boxclose_robometer_ft_b1.0_t0.3_22907496,eval,125000,0.0
boxclose_robometer_ft_b1.0_t0.3_22907496,eval,130000,0.05
boxclose_robometer_ft_b1.0_t0.3_22907496,eval,135000,0.0
boxclose_robometer_ft_b1.0_t0.3_22907496,eval,140000,0.0
boxclose_robometer_ft_b1.0_t0.3_22907496,eval,145000,0.0
boxclose_robometer_ft_b1.0_t0.3_22907496,eval,150000,0.0
boxclose_robometer_ft_b1.0_t0.3_22907496,eval,155000,0.0
boxclose_robometer_ft_b1.0_t0.3_22907496,eval,160000,0.0
boxclose_robometer_ft_b1.0_t0.3_22907496,eval,165000,0.0
boxclose_robometer_ft_b1.0_t0.3_22907496,eval,170000,0.0
boxclose_robometer_ft_b1.0_t0.3_22907496,eval,175000,0.0
boxclose_robometer_ft_b1.0_t0.3_22907496,eval,180000,0.0
boxclose_robometer_ft_b1.0_t0.3_22907496,eval,185000,0.0
boxclose_robometer_ft_b1.0_t0.3_22907496,eval,190000,0.0
boxclose_robometer_ft_b1.0_t0.3_22907496,eval,195000,0.0
boxclose_robometer_ft_b1.0_t0.3_22907496,eval,200000,0.0
boxclose_robometer_ft_b1.0_t0.3_22907496,eval,205000,0.0
boxclose_robometer_ft_b1.0_t0.3_22907496,eval,210000,0.0
boxclose_robometer_ft_b1.0_t0.3_22907496,eval,215000,0.0
boxclose_robometer_ft_b1.0_t0.3_22907496,eval,220000,0.0
boxclose_robometer_ft_b1.0_t0.3_22907496,eval,225000,0.0
boxclose_robometer_ft_b1.0_t0.3_22907496,eval,230000,0.0
boxclose_robometer_ft_b1.0_t0.3_22907496,eval,235000,0.0
boxclose_robometer_ft_b1.0_t0.3_22907496,eval,240000,0.0
boxclose_robometer_ft_b1.0_t0.3_22907496,eval,245000,0.0
boxclose_robometer_ft_b1.0_t0.3_22907496,eval,250000,0.0
boxclose_robometer_ft_b1.0_t0.3_22907496,eval,255000,0.0
boxclose_robometer_ft_b1.0_t0.3_22907496,eval,260000,0.0
boxclose_robometer_ft_b1.0_t0.3_22907496,eval,265000,0.0
boxclose_robometer_ft_b1.0_t0.3_22907496,eval,270000,0.0
boxclose_robometer_ft_b1.0_t0.3_22907496,eval,275000,0.0
boxclose_robometer_ft_b1.0_t0.3_22907496,eval,280000,0.0
boxclose_robometer_ft_b1.0_t0.3_22907496,eval,285000,0.0
boxclose_robometer_ft_b1.0_t0.3_22907496,eval,290000,0.0
boxclose_robometer_ft_b1.0_t0.3_22907496,eval,295000,0.0
boxclose_robometer_ft_b1.0_t0.3_22907496,eval,300000,0.0
boxclose_robometer_ft_b1.0_t0.3_22907496,train,5000,0.0
boxclose_robometer_ft_b1.0_t0.3_22907496,train,10000,0.0
boxclose_robometer_ft_b1.0_t0.3_22907496,train,15000,0.0
boxclose_robometer_ft_b1.0_t0.3_22907496,train,20000,0.0
boxclose_robometer_ft_b1.0_t0.3_22907496,train,25000,0.0
boxclose_robometer_ft_b1.0_t0.3_22907496,train,30000,0.0
boxclose_robometer_ft_b1.0_t0.3_22907496,train,35000,0.0
boxclose_robometer_ft_b1.0_t0.3_22907496,train,40000,0.0
boxclose_robometer_ft_b1.0_t0.3_22907496,train,45000,0.0
boxclose_robometer_ft_b1.0_t0.3_22907496,train,50000,0.0
boxclose_robometer_ft_b1.0_t0.3_22907496,train,55000,0.0
boxclose_robometer_ft_b1.0_t0.3_22907496,train,60000,0.0
boxclose_robometer_ft_b1.0_t0.3_22907496,train,65000,0.0
boxclose_robometer_ft_b1.0_t0.3_22907496,train,70000,0.0
boxclose_robometer_ft_b1.0_t0.3_22907496,train,75000,0.0
boxclose_robometer_ft_b1.0_t0.3_22907496,train,80000,0.0
boxclose_robometer_ft_b1.0_t0.3_22907496,train,85000,0.0
boxclose_robometer_ft_b1.0_t0.3_22907496,train,90000,0.0
boxclose_robometer_ft_b1.0_t0.3_22907496,train,95000,0.0
boxclose_robometer_ft_b1.0_t0.3_22907496,train,100000,0.0
boxclose_robometer_ft_b1.0_t0.3_22907496,train,105000,0.0
boxclose_robometer_ft_b1.0_t0.3_22907496,train,110000,0.0
boxclose_robometer_ft_b1.0_t0.3_22907496,train,115000,0.0
boxclose_robometer_ft_b1.0_t0.3_22907496,train,120000,0.0
boxclose_robometer_ft_b1.0_t0.3_22907496,train,125000,0.0
boxclose_robometer_ft_b1.0_t0.3_22907496,train,130000,0.0
boxclose_robometer_ft_b1.0_t0.3_22907496,train,135000,0.0
boxclose_robometer_ft_b1.0_t0.3_22907496,train,140000,0.0
boxclose_robometer_ft_b1.0_t0.3_22907496,train,145000,0.0
boxclose_robometer_ft_b1.0_t0.3_22907496,train,150000,0.0
boxclose_robometer_ft_b1.0_t0.3_22907496,train,155000,0.0
boxclose_robometer_ft_b1.0_t0.3_22907496,train,160000,0.02
boxclose_robometer_ft_b1.0_t0.3_22907496,train,165000,0.0
boxclose_robometer_ft_b1.0_t0.3_22907496,train,170000,0.0
boxclose_robometer_ft_b1.0_t0.3_22907496,train,175000,0.0
boxclose_robometer_ft_b1.0_t0.3_22907496,train,180000,0.0
boxclose_robometer_ft_b1.0_t0.3_22907496,train,185000,0.0
boxclose_robometer_ft_b1.0_t0.3_22907496,train,190000,0.0
boxclose_robometer_ft_b1.0_t0.3_22907496,train,195000,0.0
boxclose_robometer_ft_b1.0_t0.3_22907496,train,200000,0.0
boxclose_robometer_ft_b1.0_t0.3_22907496,train,205000,0.0
boxclose_robometer_ft_b1.0_t0.3_22907496,train,210000,0.0
boxclose_robometer_ft_b1.0_t0.3_22907496,train,215000,0.0
boxclose_robometer_ft_b1.0_t0.3_22907496,train,220000,0.0
boxclose_robometer_ft_b1.0_t0.3_22907496,train,225000,0.0
boxclose_robometer_ft_b1.0_t0.3_22907496,train,230000,0.0
boxclose_robometer_ft_b1.0_t0.3_22907496,train,235000,0.0
boxclose_robometer_ft_b1.0_t0.3_22907496,train,240000,0.0
boxclose_robometer_ft_b1.0_t0.3_22907496,train,245000,0.0
boxclose_robometer_ft_b1.0_t0.3_22907496,train,250000,0.0
boxclose_robometer_ft_b1.0_t0.3_22907496,train,255000,0.0
boxclose_robometer_ft_b1.0_t0.3_22907496,train,260000,0.0
boxclose_robometer_ft_b1.0_t0.3_22907496,train,265000,0.0
boxclose_robometer_ft_b1.0_t0.3_22907496,train,270000,0.0
boxclose_robometer_ft_b1.0_t0.3_22907496,train,275000,0.0
boxclose_robometer_ft_b1.0_t0.3_22907496,train,280000,0.0
boxclose_robometer_ft_b1.0_t0.3_22907496,train,285000,0.0
boxclose_robometer_ft_b1.0_t0.3_22907496,train,290000,0.0
boxclose_robometer_ft_b1.0_t0.3_22907496,train,295000,0.0
boxclose_robometer_ft_b1.0_t0.3_22907496,train,300000,0.0
coffeepush_robometer_4b_b0.5_t0.6_22986276,eval,5000,0.1
coffeepush_robometer_4b_b0.5_t0.6_22986276,eval,10000,0.0
coffeepush_robometer_4b_b0.5_t0.6_22986276,eval,15000,0.05
coffeepush_robometer_4b_b0.5_t0.6_22986276,eval,20000,0.25
coffeepush_robometer_4b_b0.5_t0.6_22986276,eval,25000,0.1
coffeepush_robometer_4b_b0.5_t0.6_22986276,eval,30000,0.0
coffeepush_robometer_4b_b0.5_t0.6_22986276,eval,35000,0.3
coffeepush_robometer_4b_b0.5_t0.6_22986276,eval,40000,0.25
coffeepush_robometer_4b_b0.5_t0.6_22986276,eval,45000,0.3
coffeepush_robometer_4b_b0.5_t0.6_22986276,eval,50000,0.1
coffeepush_robometer_4b_b0.5_t0.6_22986276,eval,55000,0.0
coffeepush_robometer_4b_b0.5_t0.6_22986276,eval,60000,0.1
coffeepush_robometer_4b_b0.5_t0.6_22986276,train,5000,0.0
coffeepush_robometer_4b_b0.5_t0.6_22986276,train,10000,0.0
coffeepush_robometer_4b_b0.5_t0.6_22986276,train,15000,0.04
coffeepush_robometer_4b_b0.5_t0.6_22986276,train,20000,0.06
coffeepush_robometer_4b_b0.5_t0.6_22986276,train,25000,0.14
coffeepush_robometer_4b_b0.5_t0.6_22986276,train,30000,0.04
coffeepush_robometer_4b_b0.5_t0.6_22986276,train,35000,0.04
coffeepush_robometer_4b_b0.5_t0.6_22986276,train,40000,0.06
coffeepush_robometer_4b_b0.5_t0.6_22986276,train,45000,0.14
coffeepush_robometer_4b_b0.5_t0.6_22986276,train,50000,0.0
coffeepush_robometer_4b_b0.5_t0.6_22986276,train,55000,0.04
coffeepush_robometer_4b_b0.5_t0.6_22986276,train,60000,0.04
coffeepush_robometer_ft_b0.0_t0.0_23010082,eval,5000,0.15
coffeepush_robometer_ft_b0.0_t0.0_23010082,eval,10000,0.0
coffeepush_robometer_ft_b0.0_t0.0_23010082,eval,15000,0.0
coffeepush_robometer_ft_b0.0_t0.0_23010082,eval,20000,0.0
coffeepush_robometer_ft_b0.0_t0.0_23010082,eval,25000,0.0
coffeepush_robometer_ft_b0.0_t0.0_23010082,eval,30000,0.0
coffeepush_robometer_ft_b0.0_t0.0_23010082,eval,35000,0.0
coffeepush_robometer_ft_b0.0_t0.0_23010082,eval,40000,0.0
coffeepush_robometer_ft_b0.0_t0.0_23010082,eval,45000,0.0
coffeepush_robometer_ft_b0.0_t0.0_23010082,eval,50000,0.0
coffeepush_robometer_ft_b0.0_t0.0_23010082,eval,55000,0.0
coffeepush_robometer_ft_b0.0_t0.0_23010082,eval,60000,0.0
coffeepush_robometer_ft_b0.0_t0.0_23010082,train,5000,0.02
coffeepush_robometer_ft_b0.0_t0.0_23010082,train,10000,0.0
coffeepush_robometer_ft_b0.0_t0.0_23010082,train,15000,0.04
coffeepush_robometer_ft_b0.0_t0.0_23010082,train,20000,0.0
coffeepush_robometer_ft_b0.0_t0.0_23010082,train,25000,0.0
coffeepush_robometer_ft_b0.0_t0.0_23010082,train,30000,0.0
coffeepush_robometer_ft_b0.0_t0.0_23010082,train,35000,0.0
coffeepush_robometer_ft_b0.0_t0.0_23010082,train,40000,0.0
coffeepush_robometer_ft_b0.0_t0.0_23010082,train,45000,0.0
coffeepush_robometer_ft_b0.0_t0.0_23010082,train,50000,0.0
coffeepush_robometer_ft_b0.0_t0.0_23010082,train,55000,0.0
coffeepush_robometer_ft_b0.0_t0.0_23010082,train,60000,0.0
coffeepush_robometer_ft_b0.0_t0.0_23010080,eval,5000,0.0
coffeepush_robometer_ft_b0.0_t0.0_23010080,eval,10000,0.0
coffeepush_robometer_ft_b0.0_t0.0_23010080,eval,15000,0.0
coffeepush_robometer_ft_b0.0_t0.0_23010080,eval,20000,0.0
coffeepush_robometer_ft_b0.0_t0.0_23010080,eval,25000,0.05
coffeepush_robometer_ft_b0.0_t0.0_23010080,eval,30000,0.0
coffeepush_robometer_ft_b0.0_t0.0_23010080,eval,35000,0.0
coffeepush_robometer_ft_b0.0_t0.0_23010080,eval,40000,0.0
coffeepush_robometer_ft_b0.0_t0.0_23010080,eval,45000,0.0
coffeepush_robometer_ft_b0.0_t0.0_23010080,eval,50000,0.0
coffeepush_robometer_ft_b0.0_t0.0_23010080,eval,55000,0.0
coffeepush_robometer_ft_b0.0_t0.0_23010080,eval,60000,0.0
coffeepush_robometer_ft_b0.0_t0.0_23010080,train,5000,0.02
coffeepush_robometer_ft_b0.0_t0.0_23010080,train,10000,0.0
coffeepush_robometer_ft_b0.0_t0.0_23010080,train,15000,0.04
coffeepush_robometer_ft_b0.0_t0.0_23010080,train,20000,0.0
coffeepush_robometer_ft_b0.0_t0.0_23010080,train,25000,0.0
coffeepush_robometer_ft_b0.0_t0.0_23010080,train,30000,0.0
coffeepush_robometer_ft_b0.0_t0.0_23010080,train,35000,0.0
coffeepush_robometer_ft_b0.0_t0.0_23010080,train,40000,0.0
coffeepush_robometer_ft_b0.0_t0.0_23010080,train,45000,0.0
coffeepush_robometer_ft_b0.0_t0.0_23010080,train,50000,0.0
coffeepush_robometer_ft_b0.0_t0.0_23010080,train,55000,0.0
coffeepush_robometer_ft_b0.0_t0.0_23010080,train,60000,0.0
coffeepush_robometer_ft_b0.0_t0.0_23010083,eval,5000,0.0
coffeepush_robometer_ft_b0.0_t0.0_23010083,eval,10000,0.15
coffeepush_robometer_ft_b0.0_t0.0_23010083,eval,15000,0.1
coffeepush_robometer_ft_b0.0_t0.0_23010083,eval,20000,0.1
coffeepush_robometer_ft_b0.0_t0.0_23010083,eval,25000,0.0
coffeepush_robometer_ft_b0.0_t0.0_23010083,eval,30000,0.25
coffeepush_robometer_ft_b0.0_t0.0_23010083,eval,35000,0.0
coffeepush_robometer_ft_b0.0_t0.0_23010083,eval,40000,0.05
coffeepush_robometer_ft_b0.0_t0.0_23010083,eval,45000,0.0
coffeepush_robometer_ft_b0.0_t0.0_23010083,eval,50000,0.0
coffeepush_robometer_ft_b0.0_t0.0_23010083,eval,55000,0.0
coffeepush_robometer_ft_b0.0_t0.0_23010083,eval,60000,0.0
coffeepush_robometer_ft_b0.0_t0.0_23010083,train,5000,0.0
coffeepush_robometer_ft_b0.0_t0.0_23010083,train,10000,0.06
coffeepush_robometer_ft_b0.0_t0.0_23010083,train,15000,0.1
coffeepush_robometer_ft_b0.0_t0.0_23010083,train,20000,0.02
coffeepush_robometer_ft_b0.0_t0.0_23010083,train,25000,0.1
coffeepush_robometer_ft_b0.0_t0.0_23010083,train,30000,0.1
coffeepush_robometer_ft_b0.0_t0.0_23010083,train,35000,0.04
coffeepush_robometer_ft_b0.0_t0.0_23010083,train,40000,0.02
coffeepush_robometer_ft_b0.0_t0.0_23010083,train,45000,0.04
coffeepush_robometer_ft_b0.0_t0.0_23010083,train,50000,0.0
coffeepush_robometer_ft_b0.0_t0.0_23010083,train,55000,0.0
coffeepush_robometer_ft_b0.0_t0.0_23010083,train,60000,0.0
coffeepush_robometer_ft_b0.0_t0.0192_23024572,eval,5000,0.0
coffeepush_robometer_ft_b0.0_t0.0192_23024572,train,5000,0.04
coffeepush_robometer_ft_b0.5_t0.05_23024574,eval,5000,0.0
coffeepush_robometer_ft_b0.5_t0.05_23024574,train,5000,0.02
coffeepush_robometer_ft_b0.0_t0.0192_23024658,eval,5000,0.0
coffeepush_robometer_ft_b0.0_t0.0192_23024658,eval,10000,0.15
coffeepush_robometer_ft_b0.0_t0.0192_23024658,eval,15000,0.0
coffeepush_robometer_ft_b0.0_t0.0192_23024658,eval,20000,0.05
coffeepush_robometer_ft_b0.0_t0.0192_23024658,eval,25000,0.0
coffeepush_robometer_ft_b0.0_t0.0192_23024658,eval,30000,0.0
coffeepush_robometer_ft_b0.0_t0.0192_23024658,eval,35000,0.0
coffeepush_robometer_ft_b0.0_t0.0192_23024658,eval,40000,0.15
coffeepush_robometer_ft_b0.0_t0.0192_23024658,eval,45000,0.1
coffeepush_robometer_ft_b0.0_t0.0192_23024658,eval,50000,0.0
coffeepush_robometer_ft_b0.0_t0.0192_23024658,eval,55000,0.0
coffeepush_robometer_ft_b0.0_t0.0192_23024658,eval,60000,0.0
coffeepush_robometer_ft_b0.0_t0.0192_23024658,train,5000,0.0
coffeepush_robometer_ft_b0.0_t0.0192_23024658,train,10000,0.02
coffeepush_robometer_ft_b0.0_t0.0192_23024658,train,15000,0.06
coffeepush_robometer_ft_b0.0_t0.0192_23024658,train,20000,0.02
coffeepush_robometer_ft_b0.0_t0.0192_23024658,train,25000,0.0
coffeepush_robometer_ft_b0.0_t0.0192_23024658,train,30000,0.0
coffeepush_robometer_ft_b0.0_t0.0192_23024658,train,35000,0.0
coffeepush_robometer_ft_b0.0_t0.0192_23024658,train,40000,0.02
coffeepush_robometer_ft_b0.0_t0.0192_23024658,train,45000,0.12
coffeepush_robometer_ft_b0.0_t0.0192_23024658,train,50000,0.02
coffeepush_robometer_ft_b0.0_t0.0192_23024658,train,55000,0.0
coffeepush_robometer_ft_b0.0_t0.0192_23024658,train,60000,0.0
coffeepush_robometer_ft_b0.5_t0.05_23024660,eval,5000,0.0
coffeepush_robometer_ft_b0.5_t0.05_23024660,eval,10000,0.0
coffeepush_robometer_ft_b0.5_t0.05_23024660,eval,15000,0.0
coffeepush_robometer_ft_b0.5_t0.05_23024660,eval,20000,0.15
coffeepush_robometer_ft_b0.5_t0.05_23024660,eval,25000,0.0
coffeepush_robometer_ft_b0.5_t0.05_23024660,eval,30000,0.0
coffeepush_robometer_ft_b0.5_t0.05_23024660,eval,35000,0.0
coffeepush_robometer_ft_b0.5_t0.05_23024660,eval,40000,0.0
coffeepush_robometer_ft_b0.5_t0.05_23024660,eval,45000,0.0
coffeepush_robometer_ft_b0.5_t0.05_23024660,eval,50000,0.0
coffeepush_robometer_ft_b0.5_t0.05_23024660,eval,55000,0.05
coffeepush_robometer_ft_b0.5_t0.05_23024660,eval,60000,0.0
coffeepush_robometer_ft_b0.5_t0.05_23024660,train,5000,0.02
coffeepush_robometer_ft_b0.5_t0.05_23024660,train,10000,0.04
coffeepush_robometer_ft_b0.5_t0.05_23024660,train,15000,0.02
coffeepush_robometer_ft_b0.5_t0.05_23024660,train,20000,0.04
coffeepush_robometer_ft_b0.5_t0.05_23024660,train,25000,0.02
coffeepush_robometer_ft_b0.5_t0.05_23024660,train,30000,0.0
coffeepush_robometer_ft_b0.5_t0.05_23024660,train,35000,0.0
coffeepush_robometer_ft_b0.5_t0.05_23024660,train,40000,0.02
coffeepush_robometer_ft_b0.5_t0.05_23024660,train,45000,0.0
coffeepush_robometer_ft_b0.5_t0.05_23024660,train,50000,0.02
coffeepush_robometer_ft_b0.5_t0.05_23024660,train,55000,0.06
coffeepush_robometer_ft_b0.5_t0.05_23024660,train,60000,0.0
coffeepush_robometer_ft_b0.0_t0.0_23024985,eval,5000,0.0
coffeepush_robometer_ft_b0.0_t0.0_23024985,eval,10000,0.05
coffeepush_robometer_ft_b0.0_t0.0_23024985,eval,15000,0.0
coffeepush_robometer_ft_b0.0_t0.0_23024985,eval,20000,0.15
coffeepush_robometer_ft_b0.0_t0.0_23024985,eval,25000,0.0
coffeepush_robometer_ft_b0.0_t0.0_23024985,eval,30000,0.0
coffeepush_robometer_ft_b0.0_t0.0_23024985,eval,35000,0.0
coffeepush_robometer_ft_b0.0_t0.0_23024985,eval,40000,0.0
coffeepush_robometer_ft_b0.0_t0.0_23024985,eval,45000,0.0
coffeepush_robometer_ft_b0.0_t0.0_23024985,eval,50000,0.0
coffeepush_robometer_ft_b0.0_t0.0_23024985,eval,55000,0.0
coffeepush_robometer_ft_b0.0_t0.0_23024985,eval,60000,0.0
coffeepush_robometer_ft_b0.0_t0.0_23024985,train,5000,0.0
coffeepush_robometer_ft_b0.0_t0.0_23024985,train,10000,0.04
coffeepush_robometer_ft_b0.0_t0.0_23024985,train,15000,0.04
coffeepush_robometer_ft_b0.0_t0.0_23024985,train,20000,0.02
coffeepush_robometer_ft_b0.0_t0.0_23024985,train,25000,0.0
coffeepush_robometer_ft_b0.0_t0.0_23024985,train,30000,0.0
coffeepush_robometer_ft_b0.0_t0.0_23024985,train,35000,0.0
coffeepush_robometer_ft_b0.0_t0.0_23024985,train,40000,0.0
coffeepush_robometer_ft_b0.0_t0.0_23024985,train,45000,0.08
coffeepush_robometer_ft_b0.0_t0.0_23024985,train,50000,0.0
coffeepush_robometer_ft_b0.0_t0.0_23024985,train,55000,0.0
coffeepush_robometer_ft_b0.0_t0.0_23024985,train,60000,0.0
coffeepush_robometer_4b_b0.0_t0.434_23025602,eval,5000,0.0
coffeepush_robometer_4b_b0.0_t0.434_23025602,eval,10000,0.3
coffeepush_robometer_4b_b0.0_t0.434_23025602,eval,15000,0.0
coffeepush_robometer_4b_b0.0_t0.434_23025602,eval,20000,0.15
coffeepush_robometer_4b_b0.0_t0.434_23025602,eval,25000,0.15
coffeepush_robometer_4b_b0.0_t0.434_23025602,eval,30000,0.1
coffeepush_robometer_4b_b0.0_t0.434_23025602,eval,35000,0.0
coffeepush_robometer_4b_b0.0_t0.434_23025602,eval,40000,0.05
coffeepush_robometer_4b_b0.0_t0.434_23025602,eval,45000,0.2
coffeepush_robometer_4b_b0.0_t0.434_23025602,eval,50000,0.0
coffeepush_robometer_4b_b0.0_t0.434_23025602,eval,55000,0.0
coffeepush_robometer_4b_b0.0_t0.434_23025602,train,5000,0.0
coffeepush_robometer_4b_b0.0_t0.434_23025602,train,10000,0.04
coffeepush_robometer_4b_b0.0_t0.434_23025602,train,15000,0.12
coffeepush_robometer_4b_b0.0_t0.434_23025602,train,20000,0.0
coffeepush_robometer_4b_b0.0_t0.434_23025602,train,25000,0.0
coffeepush_robometer_4b_b0.0_t0.434_23025602,train,30000,0.0
coffeepush_robometer_4b_b0.0_t0.434_23025602,train,35000,0.06
coffeepush_robometer_4b_b0.0_t0.434_23025602,train,40000,0.0
coffeepush_robometer_4b_b0.0_t0.434_23025602,train,45000,0.06
coffeepush_robometer_4b_b0.0_t0.434_23025602,train,50000,0.02
coffeepush_robometer_4b_b0.0_t0.434_23025602,train,55000,0.02
coffeepush_robometer_4b_b0.5_t0.6_23028079,eval,5000,0.0
coffeepush_robometer_4b_b0.5_t0.6_23028079,eval,10000,0.0
coffeepush_robometer_4b_b0.5_t0.6_23028079,eval,15000,0.0
coffeepush_robometer_4b_b0.5_t0.6_23028079,eval,20000,0.1
coffeepush_robometer_4b_b0.5_t0.6_23028079,eval,25000,0.05
coffeepush_robometer_4b_b0.5_t0.6_23028079,eval,30000,0.0
coffeepush_robometer_4b_b0.5_t0.6_23028079,eval,35000,0.0
coffeepush_robometer_4b_b0.5_t0.6_23028079,eval,40000,0.0
coffeepush_robometer_4b_b0.5_t0.6_23028079,eval,45000,0.0
coffeepush_robometer_4b_b0.5_t0.6_23028079,eval,50000,0.0
coffeepush_robometer_4b_b0.5_t0.6_23028079,train,5000,0.02
coffeepush_robometer_4b_b0.5_t0.6_23028079,train,10000,0.02
coffeepush_robometer_4b_b0.5_t0.6_23028079,train,15000,0.0
coffeepush_robometer_4b_b0.5_t0.6_23028079,train,20000,0.02
coffeepush_robometer_4b_b0.5_t0.6_23028079,train,25000,0.06
coffeepush_robometer_4b_b0.5_t0.6_23028079,train,30000,0.02
coffeepush_robometer_4b_b0.5_t0.6_23028079,train,35000,0.0
coffeepush_robometer_4b_b0.5_t0.6_23028079,train,40000,0.0
coffeepush_robometer_4b_b0.5_t0.6_23028079,train,45000,0.02
coffeepush_robometer_4b_b0.5_t0.6_23028079,train,50000,0.0
coffeepush_robometer_ft_b0.5_t0.6_23028891,eval,5000,0.0
coffeepush_robometer_ft_b0.5_t0.6_23028891,eval,10000,0.0
coffeepush_robometer_ft_b0.5_t0.6_23028891,eval,15000,0.0
coffeepush_robometer_ft_b0.5_t0.6_23028891,eval,20000,0.0
coffeepush_robometer_ft_b0.5_t0.6_23028891,eval,25000,0.15
coffeepush_robometer_ft_b0.5_t0.6_23028891,eval,30000,0.05
coffeepush_robometer_ft_b0.5_t0.6_23028891,eval,35000,0.1
coffeepush_robometer_ft_b0.5_t0.6_23028891,eval,40000,0.0
coffeepush_robometer_ft_b0.5_t0.6_23028891,eval,45000,0.05
coffeepush_robometer_ft_b0.5_t0.6_23028891,train,5000,0.0
coffeepush_robometer_ft_b0.5_t0.6_23028891,train,10000,0.0
coffeepush_robometer_ft_b0.5_t0.6_23028891,train,15000,0.02
coffeepush_robometer_ft_b0.5_t0.6_23028891,train,20000,0.02
coffeepush_robometer_ft_b0.5_t0.6_23028891,train,25000,0.02
coffeepush_robometer_ft_b0.5_t0.6_23028891,train,30000,0.04
coffeepush_robometer_ft_b0.5_t0.6_23028891,train,35000,0.0
coffeepush_robometer_ft_b0.5_t0.6_23028891,train,40000,0.0
coffeepush_robometer_ft_b0.5_t0.6_23028891,train,45000,0.0
coffeepush_robometer_ft_b0.5_t0.6_23028892,eval,5000,0.0
coffeepush_robometer_ft_b0.5_t0.6_23028892,eval,10000,0.0
coffeepush_robometer_ft_b0.5_t0.6_23028892,eval,15000,0.0
coffeepush_robometer_ft_b0.5_t0.6_23028892,eval,20000,0.1
coffeepush_robometer_ft_b0.5_t0.6_23028892,eval,25000,0.05
coffeepush_robometer_ft_b0.5_t0.6_23028892,eval,30000,0.05
coffeepush_robometer_ft_b0.5_t0.6_23028892,eval,35000,0.0
coffeepush_robometer_ft_b0.5_t0.6_23028892,eval,40000,0.0
coffeepush_robometer_ft_b0.5_t0.6_23028892,eval,45000,0.0
coffeepush_robometer_ft_b0.5_t0.6_23028892,train,5000,0.02
coffeepush_robometer_ft_b0.5_t0.6_23028892,train,10000,0.06
coffeepush_robometer_ft_b0.5_t0.6_23028892,train,15000,0.1
coffeepush_robometer_ft_b0.5_t0.6_23028892,train,20000,0.08
coffeepush_robometer_ft_b0.5_t0.6_23028892,train,25000,0.06
coffeepush_robometer_ft_b0.5_t0.6_23028892,train,30000,0.0
coffeepush_robometer_ft_b0.5_t0.6_23028892,train,35000,0.02
coffeepush_robometer_ft_b0.5_t0.6_23028892,train,40000,0.0
coffeepush_robometer_ft_b0.5_t0.6_23028892,train,45000,0.0
coffeepush_robometer_ft_b0.5_t0.6_23029103,eval,5000,0.0
coffeepush_robometer_ft_b0.5_t0.6_23029103,eval,10000,0.05
coffeepush_robometer_ft_b0.5_t0.6_23029103,eval,15000,0.0
coffeepush_robometer_ft_b0.5_t0.6_23029103,eval,20000,0.05
coffeepush_robometer_ft_b0.5_t0.6_23029103,train,5000,0.02
coffeepush_robometer_ft_b0.5_t0.6_23029103,train,10000,0.02
coffeepush_robometer_ft_b0.5_t0.6_23029103,train,15000,0.08
coffeepush_robometer_ft_b0.5_t0.6_23029103,train,20000,0.0
coffeepush_robometer_ft_b0.5_t0.6_23029102,eval,5000,0.0
coffeepush_robometer_ft_b0.5_t0.6_23029102,eval,10000,0.1
coffeepush_robometer_ft_b0.5_t0.6_23029102,eval,15000,0.15
coffeepush_robometer_ft_b0.5_t0.6_23029102,eval,20000,0.05
coffeepush_robometer_ft_b0.5_t0.6_23029102,train,5000,0.02
coffeepush_robometer_ft_b0.5_t0.6_23029102,train,10000,0.04
coffeepush_robometer_ft_b0.5_t0.6_23029102,train,15000,0.0
coffeepush_robometer_ft_b0.5_t0.6_23029102,train,20000,0.02
coffeepush_qwen35_ft_b0.0_t0.25_23217978,eval,5000,0.0
coffeepush_qwen35_ft_b0.0_t0.25_23217978,eval,10000,0.05
coffeepush_qwen35_ft_b0.0_t0.25_23217978,eval,15000,0.0
coffeepush_qwen35_ft_b0.0_t0.25_23217978,eval,20000,0.0
coffeepush_qwen35_ft_b0.0_t0.25_23217978,eval,25000,0.0
coffeepush_qwen35_ft_b0.0_t0.25_23217978,eval,30000,0.05
coffeepush_qwen35_ft_b0.0_t0.25_23217978,eval,35000,0.0
coffeepush_qwen35_ft_b0.0_t0.25_23217978,train,5000,0.0
coffeepush_qwen35_ft_b0.0_t0.25_23217978,train,10000,0.08
coffeepush_qwen35_ft_b0.0_t0.25_23217978,train,15000,0.04
coffeepush_qwen35_ft_b0.0_t0.25_23217978,train,20000,0.02
coffeepush_qwen35_ft_b0.0_t0.25_23217978,train,25000,0.0
coffeepush_qwen35_ft_b0.0_t0.25_23217978,train,30000,0.04
coffeepush_qwen35_ft_b0.0_t0.25_23217978,train,35000,0.0
coffeepush_qwen35_ft_b0.5_t0.25_23217981,eval,5000,0.0
coffeepush_qwen35_ft_b0.5_t0.25_23217981,eval,10000,0.0
coffeepush_qwen35_ft_b0.5_t0.25_23217981,eval,15000,0.0
coffeepush_qwen35_ft_b0.5_t0.25_23217981,eval,20000,0.0
coffeepush_qwen35_ft_b0.5_t0.25_23217981,eval,25000,0.0
coffeepush_qwen35_ft_b0.5_t0.25_23217981,eval,30000,0.0
coffeepush_qwen35_ft_b0.5_t0.25_23217981,eval,35000,0.0
coffeepush_qwen35_ft_b0.5_t0.25_23217981,train,5000,0.0
coffeepush_qwen35_ft_b0.5_t0.25_23217981,train,10000,0.0
coffeepush_qwen35_ft_b0.5_t0.25_23217981,train,15000,0.0
coffeepush_qwen35_ft_b0.5_t0.25_23217981,train,20000,0.0
coffeepush_qwen35_ft_b0.5_t0.25_23217981,train,25000,0.0
coffeepush_qwen35_ft_b0.5_t0.25_23217981,train,30000,0.0
coffeepush_qwen35_ft_b0.5_t0.25_23217981,train,35000,0.0
coffeepush_qwen35_ft_b0.0_t0.20_23217979,eval,5000,0.0
coffeepush_qwen35_ft_b0.0_t0.20_23217979,eval,10000,0.0
coffeepush_qwen35_ft_b0.0_t0.20_23217979,eval,15000,0.0
coffeepush_qwen35_ft_b0.0_t0.20_23217979,eval,20000,0.0
coffeepush_qwen35_ft_b0.0_t0.20_23217979,eval,25000,0.0
coffeepush_qwen35_ft_b0.0_t0.20_23217979,eval,30000,0.0
coffeepush_qwen35_ft_b0.0_t0.20_23217979,eval,35000,0.0
coffeepush_qwen35_ft_b0.0_t0.20_23217979,train,5000,0.02
coffeepush_qwen35_ft_b0.0_t0.20_23217979,train,10000,0.04
coffeepush_qwen35_ft_b0.0_t0.20_23217979,train,15000,0.0
coffeepush_qwen35_ft_b0.0_t0.20_23217979,train,20000,0.02
coffeepush_qwen35_ft_b0.0_t0.20_23217979,train,25000,0.0
coffeepush_qwen35_ft_b0.0_t0.20_23217979,train,30000,0.0
coffeepush_qwen35_ft_b0.0_t0.20_23217979,train,35000,0.0
coffeepush_gt_rt1_seed2_23351729,eval,5000,0.0
coffeepush_gt_rt1_seed2_23351729,eval,10000,0.15
coffeepush_gt_rt1_seed2_23351729,eval,15000,0.6
coffeepush_gt_rt1_seed2_23351729,eval,20000,0.55
coffeepush_gt_rt1_seed2_23351729,eval,25000,0.05
coffeepush_gt_rt1_seed2_23351729,eval,30000,0.75
coffeepush_gt_rt1_seed2_23351729,eval,35000,0.3
coffeepush_gt_rt1_seed2_23351729,eval,40000,0.55
coffeepush_gt_rt1_seed2_23351729,eval,45000,0.6
coffeepush_gt_rt1_seed2_23351729,eval,50000,0.2
coffeepush_gt_rt1_seed2_23351729,eval,55000,0.4
coffeepush_gt_rt1_seed2_23351729,train,5000,0.16
coffeepush_gt_rt1_seed2_23351729,train,10000,0.08
coffeepush_gt_rt1_seed2_23351729,train,15000,0.38
coffeepush_gt_rt1_seed2_23351729,train,20000,0.42
coffeepush_gt_rt1_seed2_23351729,train,25000,0.42
coffeepush_gt_rt1_seed2_23351729,train,30000,0.36
coffeepush_gt_rt1_seed2_23351729,train,35000,0.56
coffeepush_gt_rt1_seed2_23351729,train,40000,0.52
coffeepush_gt_rt1_seed2_23351729,train,45000,0.52
coffeepush_gt_rt1_seed2_23351729,train,50000,0.3
coffeepush_gt_rt1_seed2_23351729,train,55000,0.48
coffeepush_gt_rt0_seed1_23351731,eval,5000,0.45
coffeepush_gt_rt0_seed1_23351731,eval,10000,0.55
coffeepush_gt_rt0_seed1_23351731,eval,15000,0.55
coffeepush_gt_rt0_seed1_23351731,eval,20000,0.8
coffeepush_gt_rt0_seed1_23351731,eval,25000,0.8
coffeepush_gt_rt0_seed1_23351731,eval,30000,0.95
coffeepush_gt_rt0_seed1_23351731,eval,35000,0.9
coffeepush_gt_rt0_seed1_23351731,eval,40000,1.0
coffeepush_gt_rt0_seed1_23351731,eval,45000,1.0
coffeepush_gt_rt0_seed1_23351731,eval,50000,0.9
coffeepush_gt_rt0_seed1_23351731,eval,55000,1.0
coffeepush_gt_rt0_seed1_23351731,train,5000,0.08
coffeepush_gt_rt0_seed1_23351731,train,10000,0.28
coffeepush_gt_rt0_seed1_23351731,train,15000,0.2
coffeepush_gt_rt0_seed1_23351731,train,20000,0.42
coffeepush_gt_rt0_seed1_23351731,train,25000,0.5
coffeepush_gt_rt0_seed1_23351731,train,30000,0.58
coffeepush_gt_rt0_seed1_23351731,train,35000,0.56
coffeepush_gt_rt0_seed1_23351731,train,40000,0.66
coffeepush_gt_rt0_seed1_23351731,train,45000,0.72
coffeepush_gt_rt0_seed1_23351731,train,50000,0.82
coffeepush_gt_rt0_seed1_23351731,train,55000,0.62
coffeepush_gt_rt1_seed1_23351726,eval,5000,0.0
coffeepush_gt_rt1_seed1_23351726,eval,10000,0.1
coffeepush_gt_rt1_seed1_23351726,eval,15000,0.4
coffeepush_gt_rt1_seed1_23351726,eval,20000,0.6
coffeepush_gt_rt1_seed1_23351726,eval,25000,0.65
coffeepush_gt_rt1_seed1_23351726,eval,30000,0.6
coffeepush_gt_rt1_seed1_23351726,eval,35000,0.8
coffeepush_gt_rt1_seed1_23351726,eval,40000,0.95
coffeepush_gt_rt1_seed1_23351726,eval,45000,0.75
coffeepush_gt_rt1_seed1_23351726,eval,50000,0.75
coffeepush_gt_rt1_seed1_23351726,train,5000,0.06
coffeepush_gt_rt1_seed1_23351726,train,10000,0.08
coffeepush_gt_rt1_seed1_23351726,train,15000,0.1
coffeepush_gt_rt1_seed1_23351726,train,20000,0.36
coffeepush_gt_rt1_seed1_23351726,train,25000,0.76
coffeepush_gt_rt1_seed1_23351726,train,30000,0.7
coffeepush_gt_rt1_seed1_23351726,train,35000,0.74
coffeepush_gt_rt1_seed1_23351726,train,40000,0.82
coffeepush_gt_rt1_seed1_23351726,train,45000,0.76
coffeepush_gt_rt1_seed1_23351726,train,50000,0.76
